year,government_area_ha,private_area_ha,smallholder_area_ha,total_area_ha,government_cpo_tonnes,private_cpo_tonnes,smallholder_cpo_tonnes,total_cpo_tonnes,publication_id,area_source_page,production_source_page,page_url
2003,662803,2766360,1854394,5283557,1750651,5172859,3517324,10440834,bps_estate_crops_2024,50,51,https://www.bps.go.id/id/publication/2025/08/29/8d2a6ab3510f9828daf73191/statistik-tanaman-perkebunan-tahunan-indonesia-2024-kelapa-sawit-kopi-kakao-karet-teh-dan-komoditas-perkebunan-unggulan-.html
2004,674983,2821705,2220338,5717026,2013130,6466132,3847157,12326419,bps_estate_crops_2024,50,51,https://www.bps.go.id/id/publication/2025/08/29/8d2a6ab3510f9828daf73191/statistik-tanaman-perkebunan-tahunan-indonesia-2024-kelapa-sawit-kopi-kakao-karet-teh-dan-komoditas-perkebunan-unggulan-.html
2005,677792,2915634,2356895,5950321,2235827,7883234,4500769,14619830,bps_estate_crops_2024,50,51,https://www.bps.go.id/id/publication/2025/08/29/8d2a6ab3510f9828daf73191/statistik-tanaman-perkebunan-tahunan-indonesia-2024-kelapa-sawit-kopi-kakao-karet-teh-dan-komoditas-perkebunan-unggulan-.html
2006,692204,3056248,2536508,6284960,2376872,8584884,5608171,16569927,bps_estate_crops_2024,50,51,https://www.bps.go.id/id/publication/2025/08/29/8d2a6ab3510f9828daf73191/statistik-tanaman-perkebunan-tahunan-indonesia-2024-kelapa-sawit-kopi-kakao-karet-teh-dan-komoditas-perkebunan-unggulan-.html
2007,685087,3416656,2752173,6853916,2174897,9263089,6358388,17796374,bps_estate_crops_2024,50,51,https://www.bps.go.id/id/publication/2025/08/29/8d2a6ab3510f9828daf73191/statistik-tanaman-perkebunan-tahunan-indonesia-2024-kelapa-sawit-kopi-kakao-karet-teh-dan-komoditas-perkebunan-unggulan-.html
2008,626666,3825142,2881899,7333707,1820594,10657158,6923042,19400794,bps_estate_crops_2024,50,51,https://www.bps.go.id/id/publication/2025/08/29/8d2a6ab3510f9828daf73191/statistik-tanaman-perkebunan-tahunan-indonesia-2024-kelapa-sawit-kopi-kakao-karet-teh-dan-komoditas-perkebunan-unggulan-.html
2009,651216,4236761,3061412,7949389,1943212,11929390,7517724,21390326,bps_estate_crops_2024,50,51,https://www.bps.go.id/id/publication/2025/08/29/8d2a6ab3510f9828daf73191/statistik-tanaman-perkebunan-tahunan-indonesia-2024-kelapa-sawit-kopi-kakao-karet-teh-dan-komoditas-perkebunan-unggulan-.html
2010,658492,4503078,3387258,8548828,1921660,12116488,8458709,22496857,bps_estate_crops_2024,50,51,https://www.bps.go.id/id/publication/2025/08/29/8d2a6ab3510f9828daf73191/statistik-tanaman-perkebunan-tahunan-indonesia-2024-kelapa-sawit-kopi-kakao-karet-teh-dan-komoditas-perkebunan-unggulan-.html
2011,692065,4657751,3782480,9132296,2154218,13043830,8797925,23995973,bps_estate_crops_2024,50,51,https://www.bps.go.id/id/publication/2025/08/29/8d2a6ab3510f9828daf73191/statistik-tanaman-perkebunan-tahunan-indonesia-2024-kelapa-sawit-kopi-kakao-karet-teh-dan-komoditas-perkebunan-unggulan-.html
2012,734077,5261624,4137621,10133322,2133007,14684783,9197729,26015519,bps_estate_crops_2024,50,51,https://www.bps.go.id/id/publication/2025/08/29/8d2a6ab3510f9828daf73191/statistik-tanaman-perkebunan-tahunan-indonesia-2024-kelapa-sawit-kopi-kakao-karet-teh-dan-komoditas-perkebunan-unggulan-.html
2013,727767,5381166,4356087,10465020,2144651,15626625,10010728,27782004,bps_estate_crops_2024,50,51,https://www.bps.go.id/id/publication/2025/08/29/8d2a6ab3510f9828daf73191/statistik-tanaman-perkebunan-tahunan-indonesia-2024-kelapa-sawit-kopi-kakao-karet-teh-dan-komoditas-perkebunan-unggulan-.html
2014,729022,5603414,4422365,10754801,2229336,16843458,10205395,29278189,bps_estate_crops_2024,50,51,https://www.bps.go.id/id/publication/2025/08/29/8d2a6ab3510f9828daf73191/statistik-tanaman-perkebunan-tahunan-indonesia-2024-kelapa-sawit-kopi-kakao-karet-teh-dan-komoditas-perkebunan-unggulan-.html
2015,743894,5980982,4535400,11260276,2346822,18195402,10527791,31070015,bps_estate_crops_2024,50,51,https://www.bps.go.id/id/publication/2025/08/29/8d2a6ab3510f9828daf73191/statistik-tanaman-perkebunan-tahunan-indonesia-2024-kelapa-sawit-kopi-kakao-karet-teh-dan-komoditas-perkebunan-unggulan-.html
2016,707428,5754719,4739318,11201465,1887999,18024445,11575542,31487986,bps_estate_crops_2024,50,51,https://www.bps.go.id/id/publication/2025/08/29/8d2a6ab3510f9828daf73191/statistik-tanaman-perkebunan-tahunan-indonesia-2024-kelapa-sawit-kopi-kakao-karet-teh-dan-komoditas-perkebunan-unggulan-.html
2017,638143,6047066,5697892,12383101,1861263,19887837,13191189,34940289,bps_estate_crops_2024,50,51,https://www.bps.go.id/id/publication/2025/08/29/8d2a6ab3510f9828daf73191/statistik-tanaman-perkebunan-tahunan-indonesia-2024-kelapa-sawit-kopi-kakao-karet-teh-dan-komoditas-perkebunan-unggulan-.html
2018,614756,7892706,5818888,14326350,2147136,25439694,15296801,42883631,bps_estate_crops_2024,50,51,https://www.bps.go.id/id/publication/2025/08/29/8d2a6ab3510f9828daf73191/statistik-tanaman-perkebunan-tahunan-indonesia-2024-kelapa-sawit-kopi-kakao-karet-teh-dan-komoditas-perkebunan-unggulan-.html
2019,617501,7942336,5896775,14456612,2134367,30060003,14925877,47120247,bps_estate_crops_2024,50,51,https://www.bps.go.id/id/publication/2025/08/29/8d2a6ab3510f9828daf73191/statistik-tanaman-perkebunan-tahunan-indonesia-2024-kelapa-sawit-kopi-kakao-karet-teh-dan-komoditas-perkebunan-unggulan-.html
2020,565241,7977298,6044058,14586597,2310612,27935806,15495427,45741845,bps_estate_crops_2024,50,51,https://www.bps.go.id/id/publication/2025/08/29/8d2a6ab3510f9828daf73191/statistik-tanaman-perkebunan-tahunan-indonesia-2024-kelapa-sawit-kopi-kakao-karet-teh-dan-komoditas-perkebunan-unggulan-.html
2021,550333,8041608,6029752,14621693,2256134,27361506,15503840,45121480,bps_estate_crops_2024,50,51,https://www.bps.go.id/id/publication/2025/08/29/8d2a6ab3510f9828daf73191/statistik-tanaman-perkebunan-tahunan-indonesia-2024-kelapa-sawit-kopi-kakao-karet-teh-dan-komoditas-perkebunan-unggulan-.html
2022,548311,8576838,6213407,15338556,2295975,28213089,16310607,46819672,bps_estate_crops_2024,50,51,https://www.bps.go.id/id/publication/2025/08/29/8d2a6ab3510f9828daf73191/statistik-tanaman-perkebunan-tahunan-indonesia-2024-kelapa-sawit-kopi-kakao-karet-teh-dan-komoditas-perkebunan-unggulan-.html
2023,577937,8614259,6736516,15928712,2197217,28663639,16223443,47084299,bps_estate_crops_2024,50,51,https://www.bps.go.id/id/publication/2025/08/29/8d2a6ab3510f9828daf73191/statistik-tanaman-perkebunan-tahunan-indonesia-2024-kelapa-sawit-kopi-kakao-karet-teh-dan-komoditas-perkebunan-unggulan-.html
2024,559572,8577445,6876022,16013039,2105960,26359543,16970694,45436197,bps_estate_crops_2024,50,51,https://www.bps.go.id/id/publication/2025/08/29/8d2a6ab3510f9828daf73191/statistik-tanaman-perkebunan-tahunan-indonesia-2024-kelapa-sawit-kopi-kakao-karet-teh-dan-komoditas-perkebunan-unggulan-.html
