heat_excess_reproductive,frost_exposure_reproductive,year,iod_winter_spring,sam_winter_spring,oni_winter_spring,rain_growing,sm_preseason,sm_reproductive,frost_exposure_reproductive_z20,heat_excess_reproductive_z20,iod_winter_spring_z20,oni_winter_spring_z20,rain_growing_z20,sam_winter_spring_z20,sm_preseason_z20,sm_reproductive_z20,area_ha,production_t,yield_kg_ha,target_status,source_season,target_source
0.0,0.0,1982,0.35433333333333333,0.21886666666666665,1.226,,,,,,,,,,,,,,,,,ABARES Australian Crop Report state data
0.0,0.0,1983,0.09016666666666666,0.4780333333333335,-0.064,,,,,,,,,,,,,,,,,ABARES Australian Crop Report state data
5.749999999999997,1.25,1984,-0.4831666666666667,0.17679999999999996,-0.34199999999999997,290.8825,0.3651652892561984,0.5194836956521739,,,,,,,,,,,,,,ABARES Australian Crop Report state data
1.4125000000000005,0.75,1985,-0.359,0.8734333333333333,-0.466,272.20500000000004,0.3627291666666667,0.4864945652173913,,,,,,,,,,,,,,ABARES Australian Crop Report state data
0.6249999999999991,0.5,1986,-0.27649999999999997,0.04078333333333333,0.454,328.76750000000004,0.3561875,0.532445652173913,,,,,,,,,,,,,,ABARES Australian Crop Report state data
18.214999999999996,1.5,1987,0.2011666666666667,-0.005166666666666653,1.512,251.795,0.36366666666666664,0.4927445652173913,,,,,,,,,,,,,,ABARES Australian Crop Report state data
16.880000000000003,0.25,1988,-0.3023333333333333,-0.6375500000000001,-1.2760000000000002,255.3425,0.35797520661157023,0.4838586956521739,,,,,,,,,,,,,,ABARES Australian Crop Report state data
1.4400000000000004,3.0,1989,-0.4203333333333334,0.6511833333333333,-0.288,328.5575,0.3596458333333333,0.5511141304347826,,,,,,,,,899500.0,1724474.0,1917.1473040578098,actual,1989–90,ABARES Australian Crop Report state data
17.7725,1.0,1990,-0.3046666666666667,0.10088333333333332,0.35200000000000004,289.6425,0.35643749999999996,0.5215489130434782,,,,,,,,,945000.0,1505711.0,1593.3449735449735,actual,1990–91,ABARES Australian Crop Report state data
11.4225,0.75,1991,0.11633333333333334,-0.7132833333333334,0.684,289.3299999999999,0.35841666666666666,0.5164673913043478,,,,,,,,,999200.0,1881548.0,1883.0544435548438,actual,1991–92,ABARES Australian Crop Report state data
1.879999999999999,1.75,1992,-0.6613333333333332,-0.47859999999999997,0.162,411.935,0.37541322314049586,0.5639130434782609,0.9536459298086264,-0.6936117860807165,-1.7585624814677316,-0.020533005150508488,,-1.1857173476837126,,,1023300.0,1855320.0,1813.0753444737613,actual,1992–93,ABARES Australian Crop Report state data
3.0525,0.75,1993,-0.17350000000000002,1.0651166666666665,0.27799999999999997,259.7725,0.39360416666666664,0.4787228260869565,-0.2572232913682914,-0.49608520209941465,0.03849106935952931,0.1262902885112046,,1.961017498110651,,,1115315.0,2242356.0,2010.513621712252,actual,1993–94,ABARES Australian Crop Report state data
12.314999999999998,2.0,1994,0.5539999999999999,-0.43026666666666663,0.514,194.51999999999998,0.35935416666666675,0.45586956521739136,1.2327501189940124,0.7819104051993161,2.39781077980583,0.43256015593737723,-2.1315711505980404,-1.0208474642439862,-0.48119689395462806,-2.0159915144399303,881881.0,1158715.0,1313.913101654305,actual,1994–95,ABARES Australian Crop Report state data
10.684999999999999,2.5,1995,-0.2055,-0.5415,-0.518,311.72499999999997,0.3623958333333333,0.5193206521739131,1.70132673330854,0.5105164018321089,-0.2155611550802055,-0.9966643186557035,0.41944439882386686,-1.1406522076184182,-0.18201006256892904,0.3038717569493353,963504.0,1851076.0,1921.191816536309,actual,1995–96,ABARES Australian Crop Report state data
7.215000000000002,0.25,1996,-0.723,-0.6247666666666667,-0.328,326.9425,0.3619628099173553,0.5431250000000001,-0.9778074040266127,-0.004464953127857318,-1.704682405194835,-0.6677910132413278,0.6851535130335794,-1.1969779923616226,-0.21554140986977632,1.04731257532181,1008925.0,1923213.0,1906.200163540402,actual,1996–97,ABARES Australian Crop Report state data
8.122500000000002,1.25,1997,0.6808333333333333,-0.21443333333333334,1.8380000000000003,271.2125,0.3620208333333333,0.4760054347826087,0.18322975055053312,0.12946764323240098,2.3307289390104473,2.396447124505682,-0.4217651627043893,-0.39211775516406777,-0.2017024972594835,-1.1654051915219532,1017308.0,2027087.0,1992.5990948660583,actual,1997–98,ABARES Australian Crop Report state data
11.685000000000002,0.0,1998,-0.45166666666666666,0.7465666666666667,-0.9380000000000001,288.7175,0.36737499999999995,0.4991847826086956,-1.2432523123837915,0.6689124402308851,-0.8037138079283289,-1.4432631820435948,-0.05752043383153764,1.3382674801850727,0.3521362919400364,-0.34258428601340746,975318.0,2050972.0000000002,2102.875164818039,actual,1998–99,ABARES Australian Crop Report state data
11.6875,2.25,1999,-0.061,0.2624333333333333,-1.134,235.99499999999998,0.3616666666666666,0.45923913043478265,1.3681215424135102,0.6416604434826481,0.19127126321969803,-1.5538484142257185,-1.1411846438529025,0.38644381503412323,-0.26271252318230703,-1.6284661870648882,845335.0,1409179.0,1667.0065713592837,actual,1999–00,ABARES Australian Crop Report state data
4.74,0.75,2000,-0.059666666666666666,-0.5901166666666667,-0.576,342.6975,0.37807851239669427,0.533641304347826,-0.3806895993106062,-0.4820581084877679,0.1893675857043025,-0.7713794005089053,1.1187791985654216,-1.1560798616530679,1.5338689495190543,0.8499134302400922,1040854.0,2320321.0,2229.247329596658,actual,2000–01,ABARES Australian Crop Report state data
2.0599999999999987,0.0,2001,-0.20550000000000002,0.6337333333333334,-0.162,306.5175,0.36164583333333333,0.510054347826087,-1.212352328616888,-0.9004510034487978,-0.19376721094410443,-0.25623165408555665,0.3117709746441569,1.093967113740028,-0.3343903309430644,0.06951824982735658,1151172.0,2781758.0,2416.4573148061277,actual,2001–02,ABARES Australian Crop Report state data
6.802500000000002,2.0,2002,0.021499999999999995,-1.0257166666666666,0.9039999999999999,206.16249999999997,0.35806249999999995,0.4510597826086956,1.0843025227969623,-0.088782735990574,0.4152686801878725,1.0273841309145044,-1.7939224398992817,-1.911390377429091,-0.711187642602057,-1.8360738607381717,1193712.0,1439861.0,1206.2046791855994,actual,2002–03,ABARES Australian Crop Report state data
3.3325000000000014,3.75,2003,-0.013999999999999999,-0.07153333333333332,0.13599999999999998,291.155,0.36791666666666667,0.5089673913043479,2.9482043202079717,-0.7383105308960264,0.381049924980454,0.12991150438440244,0.07212263022490938,-0.0981631659600809,0.3954981245441587,0.12200576981342943,1215877.0,2691091.0,2213.292133990527,actual,2003–04,ABARES Australian Crop Report state data
16.590000000000003,1.75,2004,-0.18016666666666667,0.42789999999999995,0.5519999999999999,247.32,0.35729338842975206,0.4975815217391304,0.4265889214417017,1.5284628829617988,-0.06666396758936609,0.6289023357554462,-0.8209982371821882,0.7791187353075659,-0.8059939215418908,-0.23721937774198862,1280071.0,1979211.0,1546.1728294758652,actual,2004–05,ABARES Australian Crop Report state data
3.33,0.25,2005,-0.3578333333333334,-0.28855000000000003,-0.098,290.90749999999997,0.35714583333333333,0.48964673913043477,-1.0557656657177228,-0.8428734967168319,-0.6211230381973242,-0.22424127490515114,0.10786809006652541,-0.4318240166546233,-0.7663195084811858,-0.45323501725217835,1169406.0,2547798.0,2178.711243143955,actual,2005–06,ABARES Australian Crop Report state data
21.46,0.0,2006,0.286,0.04879999999999996,0.336,142.45,0.37006249999999996,0.4160597826086957,-1.2489012296652682,2.1947215882883273,1.2249610694338968,0.28818965048177564,-2.8858694294813025,0.23387371786092973,0.6797033767540371,-2.7782369059455996,1193154.0,995963.0,834.7313087832752,actual,2006–07,ABARES Australian Crop Report state data
18.1075,1.0,2007,0.09883333333333334,-0.8872666666666668,-0.85,222.73250000000002,0.37120833333333336,0.4469021739130436,-0.26697111869237083,1.3665140390432653,0.5889582327671973,-1.17725597362799,-0.9335910163662421,-1.407139852579681,0.735480985708836,-1.4077045254640095,1244340.0,1672370.0,1343.9815484513879,actual,2007–08,ABARES Australian Crop Report state data
19.3075,1.0,2008,0.09533333333333333,0.8792999999999999,-0.36,206.0175,0.3566322314049587,0.46019021739130445,-0.24361807456722828,1.5605819865039192,0.6001232008778923,-0.44757712509744907,-1.1749591205730856,1.6858993265777003,-0.8940058891421664,-0.9366417502205906,1240132.0,1876752.0,1513.348579022233,actual,2008–09,ABARES Australian Crop Report state data
17.9075,0.0,2009,-0.06316666666666666,-0.7061000000000001,0.6060000000000001,289.4725,0.36043749999999997,0.4947554347826087,-1.2343444286122194,1.28276072833183,0.09859289614434316,0.8247368045684756,0.265736296026869,-1.0452840220773356,-0.4715244780280401,-0.004481540962259643,997412.0,2068228.9999999998,2073.595465063584,actual,2009–10,ABARES Australian Crop Report state data
0.9699999999999998,0.75,2010,-0.2335,1.5429166666666667,-1.252,340.9425,0.3705416666666667,0.5387771739130435,-0.39559999557552633,-1.4885667633286652,-0.44008480560951835,-1.8575606481835283,1.162753242156932,2.6892087916127503,0.6135330043253705,1.2676630914198075,795434.0,2122415.0,2668.2477741710813,actual,2010–11,ABARES Australian Crop Report state data
7.1825,0.0,2011,0.2526666666666667,-0.7424166666666667,-0.626,241.12750000000003,0.42352083333333335,0.48657608695652177,-1.1211164350914289,-0.3783572760394,0.952878620367654,-0.8033240652258008,-0.5289021018046189,-0.9625133390341991,6.349964011659203,-0.16959098117260765,881210.0,1815510.0,2060.246706233474,actual,2011–12,ABARES Australian Crop Report state data
15.132499999999995,0.0,2012,0.277,-0.005283333333333269,0.298,238.65500000000003,0.371198347107438,0.48105978260869575,-1.054500345871813,0.8804810994272061,0.9883521045082352,0.49188658790668494,-0.5273298703323401,0.061500319511934326,0.15174980341262045,-0.2790751664393642,861391.0,1794436.0,2083.1840592715735,actual,2012–13,ABARES Australian Crop Report state data
11.605,0.0,2013,-0.1918333333333333,-0.4689666666666667,-0.262,330.5225,0.358125,0.5378260869565217,-0.9560629232652059,0.2394654272420381,-0.5112459200811659,-0.253023732174315,1.2812139351830267,-0.6189696408047405,-0.670666653444848,1.5184675858439631,810465.0,1892284.0,2334.812730963089,actual,2013–14,ABARES Australian Crop Report state data
35.6125,2.5,2014,-0.12633333333333333,-0.10796666666666666,0.252,241.1975,0.3818125,0.47385869565217387,1.4096252277620158,4.0903611777399,-0.309553847285979,0.45825967261758405,-0.4561439082410003,-0.007726806101728262,1.0244751016601346,-0.4692135649690572,840446.0,1941042.0,2309.5380309978273,actual,2014–15,ABARES Australian Crop Report state data
47.88999999999999,0.5,2015,0.36866666666666664,0.7531666666666667,1.8820000000000001,156.8825,0.36816666666666664,0.42220108695652186,-0.449586098066286,4.352704833617903,1.4148512325030194,2.6529389660244322,-2.1184049514667027,1.2553186954137383,0.014217451000898395,-2.010408900224656,769482.0,1719367.0,2234.4473295021844,actual,2015–16,ABARES Australian Crop Report state data
8.607500000000002,1.0,2016,-0.4721666666666667,0.48025,-0.406,204.15249999999997,0.3568181818181818,0.45611413043478255,0.09444674580644496,-0.4249818472894726,-1.4107200026671576,-0.4820415349459272,-0.990739077145144,0.7329596499951972,-0.7709329287136165,-0.8189901247520947,980776.0,3002007.0,3060.8487564948573,actual,2016–17,ABARES Australian Crop Report state data
19.502499999999998,0.25,2017,0.27199999999999996,0.5896666666666667,-0.086,108.37,0.3513125,0.3983423913043478,-0.6561435396079797,0.5098695142158783,1.0002481562934797,-0.1073102606328928,-2.5962003862444196,0.8199801775218258,-1.1131620890290645,-2.394599874022291,876488.0,1860785.0,2123.001113534926,actual,2017–18,ABARES Australian Crop Report state data
17.2125,0.25,2018,0.35283333333333333,0.50025,0.362,95.46,0.34875,0.3897826086956522,-0.6037389036783385,0.2627185271114807,1.570400848653045,0.6000879371766282,-2.326003975705637,0.6213119432957969,-1.2152102667630926,-2.2285908849874696,872908.0,1614987.0,1850.1228079018638,actual,2018–19,ABARES Australian Crop Report state data
45.727500000000006,1.5,2019,0.7214999999999999,-0.36785,0.332,94.96,0.3485625,0.3890217391304348,0.5734510910671929,2.7048332237711867,2.9589806074970513,0.48758543869651444,-1.9626840462848767,-0.6345290770861316,-1.1260332168609943,-1.9050581543410579,1061346.0,1995135.0,1879.8158187810573,actual,2019–20,ABARES Australian Crop Report state data
14.217500000000001,1.75,2020,0.08266666666666667,0.3458333333333334,-0.6180000000000001,231.5525,0.38287190082644623,0.4511141304347826,0.8803615244086763,-0.14364981977454364,0.13968249276612335,-0.9731845997724506,0.02110545448624443,0.46419700872459974,1.035801781440739,-0.37779827927274856,1030847.0,2395385.0,2323.7056517601545,actual,2020–21,ABARES Australian Crop Report state data
8.889999999999999,0.0,2021,-0.06833333333333333,0.6005999999999999,-0.49800000000000005,155.4125,0.3582916666666667,0.42937500000000006,-0.8886316440015788,-0.5852069399201973,-0.406104466350078,-0.7926598743340559,-0.9259653741199301,0.784318998825919,-0.4694878110965045,-0.7863683992316737,969847.0,2145560.0,2212.2664708969555,actual,2021–22,ABARES Australian Crop Report state data
0.7624999999999993,0.0,2022,-0.343,0.6364833333333333,-0.8640000000000001,287.005,0.3592291666666666,0.4697554347826087,-0.8886316440015788,-1.255282453631838,-1.4017132892191817,-1.282973796479154,0.9580961940586319,0.8422818911363249,-0.40152547887776135,0.1969276197041418,830000.0,2900000.0,3493.975903614458,estimate,2022–23 s,ABARES Australian Crop Report state data
25.504999999999995,0.25,2023,0.7765,-0.2855166666666667,1.3519999999999999,146.6225,0.362125,0.4094836956521739,-0.5554642177433791,0.6680990427793101,2.4755107007147905,2.0366243281237746,-0.9905536874386496,-0.7099516769015659,-0.2320373160223777,-1.1741556980077785,820000.0,2050000.0,2500.0,estimate,2023–24 s,ABARES Australian Crop Report state data
20.360000000000003,0.0,2024,0.005666666666666663,-0.33115,-0.030000000000000006,124.39,0.36425619834710743,0.39790760869565217,-0.8551413023219991,0.19910025652554988,-0.21060398432709174,-0.04287113109207695,-1.1936338503787915,-0.7586601620818901,-0.08680841687328807,-1.3214207634970931,810000.0,1300000.0,1604.9382716049383,estimate,2024–25 s,ABARES Australian Crop Report state data
16.630000000000003,0.5,2025,-0.2795,-0.32505,-0.274,160.79,0.35335416666666664,0.42562500000000003,-0.07043319891314322,-0.10275162960928134,-1.091003841356575,-0.3302894681461835,-0.6071772620986176,-0.6833382149971952,-0.7659154947156195,-0.5790902060413943,835000.0,2145950.0,2570.0,estimate,2025–26 s,ABARES Australian Crop Report state data
0.0,0.0,2026,,2.5064,,123.5,0.3977291666666667,0.387,-0.7961501269934572,-1.4866317034213967,,,-1.0341569609404144,3.7665618075681238,1.9070882113906007,-1.3751865838880786,,,,,,ABARES Australian Crop Report state data
