date,tmax,tmin,tmean,precip,rh_mean,wind,rs,vpd_max,et0
2024-01-01,13.54,2.74,7.02,0.0,72.5,3.4,11.62,0.8463681517500274,2.1065977232830666
2024-01-02,9.32,1.81,5.27,5.62,82.79,2.04,2.4,0.44338444279083733,0.7943283079640776
2024-01-03,13.71,0.82,6.1,0.03,79.46,1.82,12.8,0.8457705024528387,1.6077934078142013
2024-01-04,12.37,1.91,6.7,0.19,78.5,1.25,13.96,0.6804605511651639,1.3834091065102412
2024-01-05,17.87,5.04,10.55,0.21,76.15,1.17,10.73,1.092468622880612,1.584823396961314
2024-01-06,18.35,6.27,10.69,0.25,70.77,1.62,12.78,1.2332683314464394,2.0723854784260185
2024-01-07,15.57,4.3,8.94,0.25,74.08,3.68,10.41,0.9516667474036264,2.2746302572784587
2024-01-08,10.43,4.92,6.91,10.49,88.15,2.28,2.16,0.3878259910154688,0.7569145441386033
2024-01-09,13.79,4.83,8.77,0.16,87.91,0.93,5.5,0.5826330291146831,0.93841035874138
2024-01-10,14.26,2.92,7.47,0.0,76.81,2.74,13.7,0.8588200360929006,1.9862029099112457
2024-01-11,15.8,1.86,8.06,0.0,70.7,1.06,14.59,1.0716752021558418,1.6762605437355182
2024-01-12,19.38,4.88,11.0,0.0,71.48,1.13,14.66,1.326510230981137,1.9209799050581977
2024-01-13,19.53,6.42,12.61,0.0,73.65,1.08,15.3,1.225790866916319,1.9057895708528676
2024-01-14,16.28,9.47,12.29,0.49,83.87,1.71,9.19,0.6548245457018864,1.4561364515791246
2024-01-15,13.54,4.21,8.15,0.0,73.11,4.63,10.67,0.7719550876279443,2.219500716799865
2024-01-16,15.58,2.63,8.17,0.0,83.75,1.99,9.75,0.872483819913529,1.5618973977761659
2024-01-17,17.59,6.08,10.42,0.06,87.78,1.8,11.54,0.9150027451481497,1.6823769599457223
2024-01-18,14.37,5.84,9.49,9.49,87.27,3.16,3.23,0.6062739082825099,1.1525246297872673
2024-01-19,9.35,5.18,6.95,30.22,90.71,3.68,2.0,0.2697458939717292,0.6531496672254703
2024-01-20,8.67,3.65,5.63,4.44,82.9,3.55,2.57,0.372978786059565,1.010139224437554
2024-01-21,9.28,2.27,5.04,2.92,80.37,4.37,6.48,0.4758476653301936,1.4680396162285356
2024-01-22,2.01,-6.65,-0.87,18.28,81.35,5.53,2.94,0.2439590671866419,0.5698223536542414
2024-01-23,0.77,-9.9,-4.98,0.0,74.86,3.03,12.24,0.34032630985280166,1.065325222555405
2024-01-24,3.37,-8.13,-2.7,0.04,71.08,1.8,13.05,0.4324231865463381,1.1484677017289775
2024-01-25,8.01,-3.17,1.86,0.56,65.7,1.38,10.69,0.6256970396143818,1.341216146173083
2024-01-26,9.83,-1.46,3.82,0.04,66.43,1.12,6.02,0.6978480564626995,1.189321764102665
2024-01-27,11.03,1.58,5.81,0.05,71.93,1.31,12.77,0.6638200104842666,1.5095232289468297
2024-01-28,12.47,0.69,6.05,0.08,61.73,1.97,12.4,0.8879779721838341,1.963406477478397
2024-01-29,9.04,3.85,6.2,12.04,77.33,0.66,3.08,0.4292007682034944,0.6916241970603952
2024-01-30,15.36,4.53,9.41,4.01,88.42,0.87,4.07,0.7092039489642823,0.9146732811467086
2024-01-31,21.52,8.17,13.45,4.14,90.52,1.65,5.86,1.171456521061644,1.5240945717921768
2024-02-01,11.13,3.51,8.76,25.9,87.79,4.72,2.6,0.33251484787207075,0.5127386081388373
2024-02-02,9.63,2.39,5.18,3.33,83.77,4.34,3.19,0.4623727383496028,1.2163000440250833
2024-02-03,4.98,1.63,3.15,11.32,87.85,3.98,3.08,0.19906327176196237,0.6952225432946956
2024-02-04,1.92,-0.71,0.88,21.55,91.2,3.0,2.49,0.1079320522073205,0.3804506723872774
2024-02-05,2.88,-7.25,-1.43,10.62,91.01,2.88,3.46,0.25804320103844874,0.4817777482335975
2024-02-06,0.81,-1.14,-0.31,23.82,93.9,3.15,2.23,0.08869817927512369,0.34993762444370446
2024-02-07,0.42,-2.6,-1.16,10.35,95.67,3.17,4.19,0.09800443620693433,0.44555026302214323
2024-02-08,3.39,-4.85,-0.42,1.33,91.55,2.52,7.92,0.24333367397765848,0.718530657021167
2024-02-09,9.98,-3.49,2.77,0.02,78.9,1.36,14.09,0.6556424514401761,1.4780061966555018
2024-02-10,14.49,-0.69,5.88,0.0,75.36,1.55,18.1,0.9674056768294621,2.077166409081189
2024-02-11,17.07,0.85,9.26,0.0,67.26,1.02,18.53,1.2024449383089886,2.198929153371081
2024-02-12,19.43,4.73,11.61,0.0,65.03,1.69,17.52,1.3920067691271314,2.6909506806726
2024-02-13,19.15,7.99,13.75,0.65,73.41,1.98,8.92,1.0838664511017477,2.0031869738460797
2024-02-14,24.22,10.9,17.6,0.1,79.72,1.76,16.16,1.4404372671280221,2.6976963854815867
2024-02-15,16.56,5.6,10.94,8.61,85.05,5.07,3.62,0.7745007105076991,1.5246575010354522
2024-02-16,14.15,3.81,8.66,0.2,74.56,1.72,8.82,0.7969557993962915,1.6693678192063135
2024-02-17,22.18,6.77,13.81,0.4,82.04,2.61,9.26,1.3845971789892375,2.2985064634295562
2024-02-18,25.56,15.39,19.91,0.0,78.8,5.66,12.0,1.4636633334644584,3.570567470597988
2024-02-19,26.7,16.28,20.9,0.47,82.0,3.02,13.88,1.5018186987363222,3.1167357821411183
2024-02-20,22.4,9.41,15.18,3.28,85.29,2.57,7.32,1.2433384450652116,2.0224096108061587
2024-02-21,13.18,2.45,6.74,44.42,85.79,5.13,2.08,0.6708034118262065,1.404569113156242
2024-02-22,3.76,0.22,1.6,8.81,80.46,5.14,2.79,0.24873228396180647,0.9624678676982293
2024-02-23,3.58,-1.08,0.88,8.07,82.85,4.08,3.72,0.25188422026461865,0.877743182258599
2024-02-24,4.48,-0.48,1.44,3.08,84.57,2.63,2.83,0.27005549379572125,0.730855868814818
2024-02-25,6.35,-1.39,2.23,1.41,82.96,2.52,5.56,0.36865286842093925,1.0275963764723481
2024-02-26,5.18,0.94,2.68,6.9,89.62,3.12,2.79,0.22091414041709723,0.6308863179951315
2024-02-27,11.01,0.27,5.6,0.76,82.67,1.92,8.64,0.5775891868424816,1.3566037809510765
2024-02-28,7.8,5.11,6.16,7.88,92.95,1.64,3.42,0.1798245614271312,0.6139286703461249
2024-02-29,9.24,3.52,5.7,26.3,86.39,3.0,4.11,0.3817265797182474,1.0476057174692972
2024-03-01,9.02,1.32,4.82,2.33,84.62,3.72,5.08,0.42816198037707953,1.1838931164656583
2024-03-02,11.95,-0.42,5.74,0.0,77.56,1.45,14.43,0.7053274501487025,1.7851816395662892
2024-03-03,14.19,0.81,7.79,0.0,84.69,1.36,12.45,0.7350901128554894,1.6434862526867104
2024-03-04,19.87,8.3,13.51,2.38,93.86,1.79,3.26,0.8547474294523352,0.9467976061691333
2024-03-05,14.69,9.28,11.88,6.89,90.27,2.99,2.96,0.4170634763513019,0.8520367311245066
2024-03-06,13.39,6.15,9.23,0.21,85.17,3.25,6.91,0.5543293116528225,1.5390639411142797
2024-03-07,15.99,4.15,9.61,0.0,77.69,2.56,14.84,0.9138964174605684,2.380078588925
2024-03-08,16.5,4.12,10.03,0.12,70.01,2.26,19.23,1.058172858131389,2.8686411771250047
2024-03-09,17.43,5.04,10.64,0.06,73.54,2.14,7.64,1.082270919112391,2.0960570206127884
2024-03-10,18.48,4.84,12.34,2.16,78.91,1.43,15.29,1.0165050289790805,2.2747449969574305
2024-03-11,20.72,10.53,15.13,1.9,76.91,1.54,17.55,1.1534936844976849,2.8634160520430325
2024-03-12,23.56,7.11,14.92,0.17,75.66,1.74,21.5,1.6805188604090435,3.5101318133996076
2024-03-13,22.21,10.42,16.18,0.54,73.8,1.49,7.11,1.3687349648790976,2.0694699842062225
2024-03-14,18.61,11.67,14.83,0.3,80.98,0.75,8.12,0.7875087295786254,1.6160864504794181
2024-03-15,18.82,9.34,14.5,8.02,88.99,1.31,6.79,0.7061327326372822,1.3597601373483248
2024-03-16,19.89,13.3,16.57,4.35,88.4,0.85,6.9,0.6626296275930517,1.4416115463269474
2024-03-17,22.64,13.15,16.8,9.93,87.37,2.82,3.8,1.08906550092777,1.6816457051514546
2024-03-18,12.48,5.97,9.83,18.98,87.2,4.8,3.22,0.3900565949722028,0.8567160312671109
2024-03-19,19.82,3.74,11.59,0.0,76.81,1.7,19.98,1.2973489303779069,2.9794852386359816
2024-03-20,20.48,5.84,13.53,0.06,60.39,1.58,23.1,1.5135697815448705,3.5902955523404607
2024-03-21,20.6,9.02,14.68,0.0,67.41,2.03,8.03,1.3301776209062166,2.4516167197361156
2024-03-22,24.98,12.26,19.07,0.0,84.43,4.0,13.14,1.323534889579974,2.8274363995512815
2024-03-23,27.36,18.08,22.7,2.08,81.45,5.25,10.95,1.413602645520252,3.30790643090605
2024-03-24,29.86,19.77,24.72,0.72,81.82,4.27,17.26,1.6852060689771462,4.127468975152177
2024-03-25,27.0,10.37,18.88,12.79,84.21,4.36,6.61,1.7400733782448012,2.6823118962096975
2024-03-26,15.85,7.58,12.1,0.0,83.33,2.02,21.12,0.6309803895107993,2.657342198037988
2024-03-27,22.52,10.83,17.32,2.26,81.84,1.7,11.47,1.121976178972765,2.259385970767337
2024-03-28,24.44,15.09,19.01,27.91,77.51,2.06,20.27,1.3974150546162796,3.7934733980548265
2024-03-29,27.48,11.86,19.33,0.0,74.58,2.74,25.32,2.0600579939500197,4.859541531566381
2024-03-30,28.87,15.76,22.34,8.47,78.58,2.4,19.18,1.8777091601026195,4.032131139070076
2024-03-31,26.87,17.93,22.26,42.14,81.44,3.36,20.58,1.3964263398726047,4.124818422905379
2024-04-01,23.8,14.9,20.38,26.07,89.22,2.36,6.54,0.8158377395108234,1.484639047054868
2024-04-02,28.86,20.9,24.47,7.53,86.87,5.89,9.05,1.3213839556663647,3.033547940070844
2024-04-03,25.41,17.18,20.96,67.31,84.88,2.7,5.11,1.1558813799948742,1.896539847562751
2024-04-04,19.9,14.33,17.09,11.06,88.46,4.74,4.02,0.6041741725880492,1.3886013861439892
2024-04-05,17.61,12.55,14.89,5.81,87.24,2.67,4.51,0.5423944366637099,1.285559834940454
2024-04-06,19.29,12.65,15.48,1.47,87.97,2.18,5.66,0.6970412238820736,1.5040845781032457
2024-04-07,20.86,11.65,15.9,0.74,81.79,1.67,3.96,1.0057128457678253,1.3914759790861126
2024-04-08,21.25,13.64,16.66,0.74,85.7,1.85,7.35,0.9133122955842861,1.9161728302138505
2024-04-09,22.14,12.54,17.12,0.04,84.11,3.0,9.61,1.0471053309380964,2.3629164448026962
2024-04-10,24.17,13.64,19.71,0.12,75.45,1.19,11.14,1.319010443083317,2.4449912213194116
2024-04-11,23.19,17.07,19.88,5.46,86.9,1.18,6.56,0.8292395231403811,1.6519682392321144
2024-04-12,26.46,17.07,21.28,1.16,84.92,1.01,10.23,1.3308185246112982,2.3237063067147026
2024-04-13,26.38,17.41,22.08,17.75,89.67,1.82,3.35,1.0644449183725646,1.1120420373288926
2024-04-14,28.59,21.52,24.65,24.0,88.39,2.58,9.44,1.1828420170091163,2.513237414664392
2024-04-15,29.67,20.57,25.26,1.16,86.21,1.17,16.56,1.407891628027036,3.4198504882391636
2024-04-16,25.22,21.48,23.47,21.96,93.7,1.37,2.11,0.4987984011046005,0.6159985639783855
2024-04-17,23.4,18.19,20.65,13.77,91.92,2.17,9.5,0.644840047571007,1.9801323645135216
2024-04-18,25.91,15.05,20.78,0.27,85.46,2.4,16.71,1.2731106216882422,3.2157858101446215
2024-04-19,27.99,19.38,23.64,20.73,90.04,4.41,6.11,1.1578753034306128,2.0235153852306422
2024-04-20,22.3,16.64,19.36,6.79,87.72,1.42,8.63,0.7277541701717682,1.9113423124770175
2024-04-21,21.06,16.18,18.63,11.45,92.0,2.45,4.52,0.5200601726456806,1.1324650308809427
2024-04-22,27.04,14.24,20.76,1.59,79.02,0.96,19.64,1.6941497230794174,3.665686962290687
2024-04-23,25.13,17.87,21.05,5.96,81.57,1.75,18.46,1.1746603690937363,3.592369622693379
2024-04-24,26.35,17.37,21.97,0.56,82.2,1.51,16.97,1.2844376536801625,3.366143317166752
2024-04-25,25.99,18.83,21.87,11.24,91.15,1.68,4.68,0.9729769657299023,1.39351330669177
2024-04-26,26.48,18.19,22.08,0.1,86.17,1.13,12.69,1.1840734764085403,2.681736452172222
2024-04-27,26.63,19.07,23.59,1.99,84.79,1.24,17.25,1.0290349606331266,3.3260482646803413
2024-04-28,28.21,20.78,24.14,18.16,86.78,2.04,15.26,1.23042588839296,3.311036250702802
2024-04-29,27.63,18.48,23.34,24.06,85.2,1.81,11.75,1.2771862859564855,2.686983763504281
2024-04-30,24.94,14.25,19.42,51.71,91.99,4.48,5.46,1.0807759080465802,1.7298545363168052
2024-05-01,20.79,13.07,16.2,0.42,84.19,2.92,12.07,0.9156855450445909,2.6136715405136863
2024-05-02,24.44,14.03,18.99,1.63,82.81,1.97,11.08,1.2615450905963814,2.586269008575539
2024-05-03,23.77,15.89,19.79,14.88,87.93,2.29,6.5,0.9214215475638499,1.7622362048722124
2024-05-04,28.46,17.7,22.12,22.37,89.63,2.4,3.47,1.5091127134162168,1.6403865056525786
2024-05-05,24.49,16.92,19.79,14.76,85.83,1.97,7.03,1.1029230029024788,2.098445723587833
2024-05-06,26.24,16.48,21.85,0.01,81.37,0.99,21.31,1.2995745467378024,3.8982875302672664
2024-05-07,28.44,18.78,23.48,0.0,81.42,1.09,19.24,1.5468026530337067,3.8562233910683794
2024-05-08,28.29,19.2,23.29,0.0,79.53,2.95,23.27,1.610937123144271,4.868247986959251
2024-05-09,27.7,16.76,21.86,0.0,74.43,1.5,18.54,1.8228479781809126,3.9699752106161057
2024-05-10,27.09,17.49,22.44,0.63,85.49,2.19,11.76,1.2718551742639028,2.7137193572498615
2024-05-11,27.89,20.48,24.14,4.03,89.89,3.04,7.79,1.0614854842546837,2.147424275198212
2024-05-12,24.74,17.86,21.23,8.55,80.97,3.07,12.09,1.101318421470319,3.012026127133103
2024-05-13,25.07,15.8,20.03,0.06,73.72,2.39,21.97,1.4822401357928527,4.394866392533289
2024-05-14,28.77,13.92,21.97,0.0,60.98,0.92,29.5,2.405275552990507,5.33173209973809
2024-05-15,28.44,18.19,23.33,0.0,64.77,2.47,23.89,2.0607307940796646,5.371112563602602
2024-05-16,28.47,16.27,22.88,0.0,73.22,2.1,23.64,1.8783048281199082,4.801011117094561
2024-05-17,30.76,18.98,25.33,0.0,75.25,1.92,25.82,2.037717418280558,5.322311665467574
2024-05-18,30.56,20.64,26.24,0.0,76.73,1.27,22.83,1.8089962757215954,4.735667046621135
2024-05-19,27.35,21.96,24.64,0.81,84.77,1.48,11.0,1.0209507333336947,2.619310919783843
2024-05-20,27.33,21.07,23.44,2.01,87.78,2.15,10.63,1.1172281085777604,2.693016210982989
2024-05-21,24.58,20.89,22.46,4.5,91.25,2.12,7.33,0.6115328142705021,1.834710053178964
2024-05-22,26.6,19.91,23.03,2.1,86.0,1.96,12.51,1.0753392723477688,2.83888809230095
2024-05-23,30.45,20.22,25.67,0.13,77.07,0.91,19.2,1.8484234178227985,4.062201390985505
2024-05-24,31.47,21.63,27.01,0.01,78.0,1.26,22.33,1.8703652019776942,4.75296371481556
2024-05-25,32.12,23.84,27.78,0.11,80.71,1.62,24.4,1.8031955210408261,5.281175868048987
2024-05-26,32.56,23.44,27.93,8.68,82.52,3.03,22.19,1.8345130435636547,5.098762243305859
2024-05-27,28.86,18.87,24.8,21.78,83.06,3.79,14.4,1.3837505197705218,3.2992933234377557
2024-05-28,27.61,18.09,22.21,2.2,76.3,3.65,21.97,1.7113053477820648,5.027539306837834
2024-05-29,29.48,18.48,24.03,1.82,79.17,2.14,20.79,1.7914138986960366,4.456623005572606
2024-05-30,28.11,21.71,24.52,4.89,84.4,1.28,10.12,1.2272084133226655,2.5490988218542148
2024-05-31,26.24,21.03,22.96,8.12,89.78,2.35,7.28,0.8994131134136052,2.0769146287703104
2024-06-01,24.83,19.32,22.26,13.87,89.83,3.21,9.18,0.7271730317581304,2.1014408316716358
2024-06-02,26.37,18.57,21.93,3.24,83.39,3.97,16.52,1.2601112628103484,3.7915282676736486
2024-06-03,27.52,18.22,22.46,0.86,77.49,2.45,15.36,1.6167599524400167,3.799248199678032
2024-06-04,27.22,19.03,22.89,2.13,77.54,1.57,7.11,1.492487298941259,2.332568132665592
2024-06-05,24.02,18.22,20.82,21.03,83.37,1.53,6.79,0.9493250388303727,1.9128011517775925
2024-06-06,26.62,16.22,21.36,0.78,82.58,1.85,12.57,1.417437612242535,2.924386666025275
2024-06-07,28.68,17.86,23.66,0.0,75.71,0.72,20.79,1.7620706423567558,4.098927313986863
2024-06-08,30.06,20.68,25.49,0.67,72.79,1.01,17.68,1.904894158698125,3.9253681218141443
2024-06-09,26.17,21.82,24.16,5.49,86.41,1.46,10.9,0.7978119780452437,2.483053927439924
2024-06-10,29.65,22.04,25.22,39.65,88.96,1.02,5.36,1.3167384055604088,1.5700351464381557
2024-06-11,31.48,23.65,27.37,21.4,87.58,2.29,13.4,1.450936957129401,3.3065485414920373
2024-06-12,31.6,24.15,28.07,11.6,87.18,2.0,9.63,1.365578509825693,2.5921329249601994
2024-06-13,33.1,24.43,28.58,18.21,86.2,1.14,13.87,1.7227372686025677,3.348041519318022
2024-06-14,33.19,25.58,29.34,17.22,82.01,1.96,9.96,1.769960859092735,3.0151635860091455
2024-06-15,32.68,24.49,28.62,3.62,82.83,1.12,17.92,1.729123988773515,4.097225601288971
2024-06-16,32.16,25.15,28.15,9.45,85.46,1.86,16.41,1.5635120870621009,3.9462301918839544
2024-06-17,29.82,21.83,25.75,15.43,83.07,1.4,9.14,1.4672398894761933,2.496968626526537
2024-06-18,30.87,23.46,26.44,22.1,88.35,1.9,4.99,1.4195576609611225,1.803091181648896
2024-06-19,31.26,23.13,27.38,12.18,89.5,3.06,5.14,1.3096950612285942,1.777486388125957
2024-06-20,30.64,25.36,27.99,10.4,89.85,3.35,6.41,1.0139733817390209,2.0267231071907994
2024-06-21,31.5,24.59,27.62,1.51,88.06,3.35,19.19,1.3760997219426612,4.33664743080006
2024-06-22,30.75,24.66,28.04,6.34,90.45,3.55,8.99,1.0055112410606895,2.3168335409896845
2024-06-23,30.79,25.54,28.16,28.6,92.51,2.67,12.6,0.9112967373843683,2.846717308760035
2024-06-24,29.13,22.95,26.33,86.73,91.67,1.68,2.48,0.8981567183190156,0.8335374486822252
2024-06-25,25.18,21.87,23.18,109.03,93.17,1.97,3.73,0.5547451063781428,1.0977369721084154
2024-06-26,26.86,21.82,24.28,46.31,94.22,1.53,4.67,0.6753399643070526,1.1877305432610588
2024-06-27,28.08,22.33,25.27,29.52,94.02,2.11,5.95,0.7704004660193817,1.4854375490754514
2024-06-28,29.77,23.49,26.96,9.18,93.19,2.58,8.61,0.8733654764725216,2.0136315278940233
2024-06-29,31.52,26.16,28.32,11.93,88.12,3.78,10.65,1.2499455017654069,3.160169358414718
2024-06-30,29.45,25.7,27.22,18.78,92.63,3.05,7.17,0.7654560152294541,2.014809860861971
2024-07-01,30.74,25.85,27.71,55.37,92.9,3.55,4.83,0.9725833716524943,1.7422067693119956
2024-07-02,28.93,25.51,27.28,52.57,91.39,2.66,7.93,0.6754582102629758,2.0482401910263746
2024-07-03,31.13,24.16,27.63,7.4,86.97,1.97,23.05,1.3164217886824057,4.8012512606538
2024-07-04,32.46,25.07,28.71,0.0,86.13,3.48,27.43,1.4984139031893995,5.734060365482318
2024-07-05,32.89,24.61,29.03,0.18,85.52,3.5,27.55,1.5837290029497324,5.746456396974911
2024-07-06,31.53,26.01,28.81,0.1,89.03,3.14,24.93,1.108289825870751,5.087829132387431
2024-07-07,33.19,26.17,29.49,0.0,86.17,3.26,27.01,1.5478436592175018,5.840527155900243
2024-07-08,33.03,25.81,29.32,0.0,85.31,3.44,25.03,1.574496757412791,5.526907617916659
2024-07-09,33.02,25.72,29.06,0.0,84.69,3.11,24.94,1.6484350914838464,5.5756889254544815
2024-07-10,33.6,26.15,29.88,0.0,84.42,2.77,21.63,1.663692062632264,5.029293740269458
2024-07-11,33.74,25.93,29.71,2.25,83.67,2.62,21.4,1.7724917907842705,5.0483827222168385
2024-07-12,32.24,25.95,28.7,0.53,88.63,2.49,19.41,1.3371185515851733,4.367986788548353
2024-07-13,31.71,25.35,28.54,0.01,85.52,2.5,14.34,1.3574720374206914,3.556012111461169
2024-07-14,31.73,26.32,28.96,0.01,85.56,1.64,20.3,1.2712710039003898,4.500780484214747
2024-07-15,32.19,26.51,29.83,0.0,82.75,1.69,17.95,1.3378611571533034,4.153610822515949
2024-07-16,31.54,27.22,29.08,0.0,85.46,1.77,20.89,1.1948739179759564,4.662993476372368
2024-07-17,31.93,26.34,29.0,0.0,85.2,3.04,23.12,1.3346129446266382,5.107753452698209
2024-07-18,33.21,26.23,29.43,0.0,82.81,3.42,22.59,1.7183149183677027,5.395811285499221
2024-07-19,33.42,25.15,29.22,0.01,83.08,2.91,23.88,1.8102252382453528,5.449518903558638
2024-07-20,31.84,26.11,29.04,0.0,85.06,2.64,15.07,1.3105672296561615,3.718864877544565
2024-07-21,33.37,26.2,29.67,0.0,83.67,2.09,23.83,1.6713664203055112,5.354765341654713
2024-07-22,34.61,25.24,30.25,0.0,80.87,2.13,26.67,2.050706626909732,5.981945898315871
2024-07-23,35.57,26.05,31.35,0.22,76.23,1.44,24.7,2.3523895093611884,5.754511102663406
2024-07-24,35.66,27.75,32.03,0.0,76.21,1.6,25.62,2.225785955214346,6.061460447528696
2024-07-25,34.58,27.76,31.08,0.01,81.01,3.82,24.04,1.86489054734013,5.95124933141585
2024-07-26,32.15,26.95,29.4,13.54,86.67,4.2,8.3,1.2528309998165872,2.8534716075784092
2024-07-27,30.44,26.3,27.65,58.79,91.74,2.92,7.1,0.9539578671640077,2.208344065869588
2024-07-28,31.86,26.08,28.32,25.98,86.16,5.3,12.36,1.415001820050318,3.8684012252186495
2024-07-29,33.34,24.38,29.21,0.06,81.65,2.24,22.17,1.8538249194609344,5.032349291819743
2024-07-30,33.38,26.18,29.77,0.0,81.6,1.7,24.97,1.7510030881047314,5.5485524045020975
2024-07-31,33.08,24.93,29.18,0.01,82.23,2.88,20.6,1.7582955747711235,4.856741379852133
2024-08-01,33.0,25.83,29.43,0.12,83.87,3.02,22.24,1.6146824142210447,5.0935939657169635
2024-08-02,33.26,26.63,29.81,0.03,83.33,2.54,23.83,1.6296384802686084,5.413069133098047
2024-08-03,33.95,26.06,30.06,0.0,81.74,1.93,25.69,1.846462739518417,5.730033631295764
2024-08-04,33.91,27.18,30.48,0.03,80.7,1.28,25.58,1.7895942582019133,5.6993358358074255
2024-08-05,34.55,28.1,30.92,0.49,78.72,1.05,22.96,1.997710400832629,5.304220248380478
2024-08-06,33.54,26.74,29.94,0.12,82.45,1.39,25.4,1.7163226432885081,5.5963423030402195
2024-08-07,35.15,26.36,30.97,0.01,78.28,1.48,25.35,2.1971750202524474,5.799367136656007
2024-08-08,34.71,27.04,30.86,0.0,79.92,1.61,25.13,2.0032464130148706,5.75405944831566
2024-08-09,35.03,27.05,30.86,0.0,78.54,1.8,24.65,2.1719669591325026,5.796372716514921
2024-08-10,35.38,26.37,30.78,0.01,80.76,1.65,21.69,2.197377747058633,5.162618001957595
2024-08-11,33.37,26.67,29.78,25.99,85.52,1.3,13.58,1.5701479417294442,3.3586500046623873
2024-08-12,31.81,25.36,28.44,9.88,82.78,0.84,18.75,1.5210579105050503,4.108997897727554
2024-08-13,33.16,24.79,29.1,16.58,82.49,0.83,22.06,1.7965876683975752,4.761386368801495
2024-08-14,32.61,25.17,28.82,8.61,83.65,0.93,15.67,1.6383777613477788,3.604416222759511
2024-08-15,31.73,25.71,28.61,1.15,85.88,1.67,18.94,1.337132737524223,4.196049747064004
2024-08-16,30.53,26.48,28.23,2.03,88.12,1.79,20.91,1.0083540493588807,4.4242143313665405
2024-08-17,29.3,26.4,27.57,6.53,88.07,1.4,12.86,0.8316069676023066,2.9678666319699434
2024-08-18,30.24,25.09,27.48,6.3,87.58,0.97,16.94,1.1018283244117857,3.629730305256014
2024-08-19,32.99,25.04,28.72,2.8,84.37,0.75,17.39,1.7426088400980388,3.873831547342566
2024-08-20,32.86,25.56,29.01,2.26,84.52,1.39,19.87,1.6233756434816877,4.428657231447576
2024-08-21,33.44,26.37,29.5,3.01,83.2,1.34,19.22,1.758257875598248,4.428539466811488
2024-08-22,32.97,24.82,28.77,0.46,85.39,2.31,22.02,1.668189777547239,4.845341127778664
2024-08-23,33.39,25.35,29.54,0.68,83.58,1.53,21.9,1.7136630365726808,4.820421766045307
2024-08-24,33.37,25.99,30.23,0.18,80.17,1.25,21.58,1.7180073436653212,4.795611559391613
2024-08-25,34.45,27.18,30.74,0.13,75.55,0.49,19.2,2.145833751792772,4.306935722603523
2024-08-26,33.97,26.02,30.07,0.06,81.4,1.44,22.18,1.8666061995396421,4.978014940648377
2024-08-27,34.88,25.37,29.57,6.87,81.82,1.97,17.29,2.231996250674226,4.398223973277833
2024-08-28,30.65,22.15,26.37,0.66,83.09,1.77,9.64,1.5705294554811964,2.6483075183093754
2024-08-29,31.99,23.12,27.46,0.11,83.4,1.2,14.51,1.7375886614657947,3.3612288160250707
2024-08-30,33.45,24.57,29.53,0.0,79.32,1.06,20.43,1.9144722254419602,4.4936243148609245
2024-08-31,34.41,26.96,30.94,0.0,76.84,0.7,22.11,2.036495315872064,4.8934005864244
2024-09-01,35.97,27.61,31.68,0.0,78.31,1.03,22.39,2.3174931162123404,5.189547706766413
2024-09-02,35.93,28.5,32.1,3.36,76.8,0.73,21.13,2.2981314682776044,4.889697600891594
2024-09-03,31.55,27.63,29.49,5.8,89.1,2.38,20.16,0.9639228999055671,4.309897042842779
2024-09-04,33.73,26.5,29.9,1.94,83.92,2.26,21.69,1.722300637063788,4.949698310134205
2024-09-05,34.43,26.83,30.48,0.09,82.1,2.47,22.59,1.9034672033156568,5.289566554385729
2024-09-06,33.61,27.3,29.96,0.0,81.9,2.93,21.83,1.7772628081878685,5.269936982145839
2024-09-07,31.9,26.42,28.78,0.02,84.02,1.67,19.62,1.42568617378372,4.358083301216529
2024-09-08,34.0,25.72,29.6,0.02,81.7,1.91,21.54,1.9756626273657543,4.937203585372398
2024-09-09,33.73,25.91,29.66,0.06,81.07,1.49,21.42,1.9100363912136253,4.802736476871216
2024-09-10,33.12,26.26,29.32,0.04,83.12,1.8,19.09,1.6966991165172844,4.398177317242411
2024-09-11,30.73,25.12,27.32,4.11,82.24,3.02,16.72,1.461501741168684,4.1493707455916615
2024-09-12,31.46,24.48,27.27,2.19,84.54,1.28,10.21,1.5735210802814592,2.6703699147247497
2024-09-13,33.07,23.75,27.74,0.78,81.74,1.39,16.66,2.0534543753849865,3.8840703111856425
2024-09-14,32.35,23.76,27.73,0.07,81.85,2.75,17.82,1.829701820452824,4.296779740649176
2024-09-15,30.47,25.13,27.61,0.4,82.51,3.5,14.39,1.324364779123326,3.7297057655393555
2024-09-16,31.99,25.4,27.84,0.02,79.73,3.55,14.68,1.8179538379391604,4.379268892438688
2024-09-17,32.99,23.86,28.12,0.0,77.26,1.89,19.92,2.1405079042005335,4.617597534992553
2024-09-18,34.54,25.51,29.28,0.0,76.44,2.27,20.7,2.44140192539796,5.188196905929791
2024-09-19,31.59,25.69,28.17,6.29,83.37,2.64,14.37,1.4911223476318392,3.687366574579578
2024-09-20,32.09,25.54,28.09,11.05,83.29,2.15,12.95,1.648775523599729,3.445067021146255
2024-09-21,28.65,21.16,26.54,3.36,80.71,4.92,13.08,1.139631409296595,2.9713655574911626
2024-09-22,26.59,19.0,22.05,0.01,66.33,5.01,16.17,1.749711329919251,5.085602535937541
2024-09-23,25.46,16.84,21.05,0.29,70.89,3.1,14.44,1.5237435214778134,3.6927612370355964
2024-09-24,28.12,18.27,22.74,0.06,75.67,1.63,15.52,1.7514992317188849,3.407990552888746
2024-09-25,29.84,18.39,24.2,0.07,70.17,0.7,17.72,2.148064990447386,3.4311058572939643
2024-09-26,31.54,20.28,25.7,0.08,71.98,1.23,12.1,2.317343762001667,3.1095509540822075
2024-09-27,32.48,20.42,26.04,0.0,71.18,1.46,16.21,2.574354131224303,3.903710259847962
2024-09-28,32.85,22.54,27.13,0.0,78.49,2.01,18.85,2.227445071805894,4.381699051064413
2024-09-29,33.71,21.84,27.1,0.0,74.36,2.17,21.08,2.645919246925491,4.986106331535253
2024-09-30,33.83,22.72,27.74,0.06,75.69,2.99,20.75,2.528600203261421,5.236608708707569
2024-10-01,26.91,18.22,22.37,0.08,62.68,6.05,10.58,1.8932032739959008,5.0875622865025605
2024-10-02,25.38,16.08,19.95,0.0,53.91,5.12,18.1,2.040733655598328,5.907708656545311
2024-10-03,24.69,13.52,18.92,0.0,58.93,4.44,20.73,1.8858983421474143,5.175273667329326
2024-10-04,25.48,13.98,19.02,0.0,62.39,3.26,21.09,1.9872243792418662,4.8495812426938585
2024-10-05,27.11,15.09,20.86,0.0,69.35,2.55,20.6,1.9478370625614032,4.277043336530691
2024-10-06,29.49,18.52,22.95,0.0,71.64,2.96,17.92,2.1913622077667196,4.580509569013466
2024-10-07,26.65,17.08,20.61,0.16,73.67,3.5,11.35,1.7486275546604584,3.7608038644078525
2024-10-08,24.14,15.87,19.0,5.3,78.62,2.87,6.81,1.31359364927001,2.570612030951959
2024-10-09,26.99,15.86,20.53,0.53,71.88,1.82,17.31,1.8905626158576765,3.6118093746427267
2024-10-10,28.53,16.04,21.53,0.0,68.21,1.54,18.22,2.2124725649662365,3.747506784966453
2024-10-11,29.26,15.68,21.72,0.0,67.02,2.37,19.58,2.4488846354850593,4.518987934411023
2024-10-12,30.02,16.47,22.36,0.0,65.95,2.11,16.36,2.562251031548251,4.159482967533174
2024-10-13,31.28,17.9,23.9,0.0,71.73,1.68,15.1,2.543155258989661,3.6785680690044287
2024-10-14,30.2,18.73,23.63,0.52,74.86,1.88,10.31,2.166204149830863,3.0593497689790734
2024-10-15,23.08,19.7,20.95,8.81,90.38,1.9,3.76,0.5869878234708406,1.1788952691373344
2024-10-16,26.48,19.29,22.33,4.78,87.87,2.05,4.62,1.1081207476559913,1.6220057896054998
2024-10-17,31.2,18.63,24.53,1.15,79.28,1.42,9.42,2.1634109818620972,2.563718945892328
2024-10-18,31.94,20.87,25.83,8.96,77.98,2.12,8.97,2.1914675827642798,2.9399374004695624
2024-10-19,25.76,15.24,20.64,2.34,73.63,5.6,8.29,1.5609104074811413,3.505497616366282
2024-10-20,23.01,14.07,17.82,0.76,77.67,4.07,7.65,1.2525447037730706,2.804314192715641
2024-10-21,26.31,14.48,19.71,0.02,77.48,1.95,7.87,1.6771373569313317,2.4066403209202685
2024-10-22,25.19,13.81,19.02,0.22,75.16,3.89,5.85,1.579080970232782,2.914932558368402
2024-10-23,22.58,11.31,15.94,0.0,62.76,3.84,19.25,1.6928216767491913,4.3878987717240845
2024-10-24,23.41,9.19,15.94,0.0,67.32,3.74,19.69,1.7325810874299032,4.062459631828855
2024-10-25,23.34,11.84,17.57,0.0,73.33,4.48,18.41,1.4428188696441622,3.7105719911203634
2024-10-26,25.37,16.3,20.06,0.8,79.06,4.23,6.12,1.40131487414899,2.825976723324036
2024-10-27,23.66,16.43,19.58,9.37,82.92,4.17,4.4,1.0487739670460392,2.1346842545921936
2024-10-28,23.31,14.55,18.04,2.45,74.41,3.0,8.64,1.3579050182982797,2.788178227645395
2024-10-29,21.76,14.01,17.04,0.78,77.85,2.48,12.98,1.1272128344621213,2.646158459185378
2024-10-30,24.17,11.84,17.32,0.22,70.47,3.73,16.27,1.7087507554568842,3.8618998791551644
2024-10-31,25.15,15.11,19.25,1.84,78.06,4.67,15.89,1.4952321378683888,3.730867744761658
2024-11-01,24.43,14.74,18.87,4.85,73.8,4.72,5.78,1.485879039191965,3.2160274406867684
2024-11-02,24.26,12.19,17.26,0.0,68.06,2.54,16.99,1.7311193797155544,3.468765334923394
2024-11-03,26.05,12.12,18.29,0.0,72.33,1.77,16.67,1.9180946447739387,3.1205688639907487
2024-11-04,26.39,13.95,19.38,0.07,65.99,2.95,11.4,2.0091671737818793,3.5973043956322477
2024-11-05,23.82,14.34,18.11,0.18,73.76,3.89,14.33,1.4783784973394893,3.552363342363106
2024-11-06,23.18,10.53,16.16,0.0,67.0,3.38,16.76,1.6998424356041306,3.7397609617245706
2024-11-07,22.01,9.47,14.92,0.0,69.34,3.01,17.03,1.549168448160604,3.3733213192785634
2024-11-08,22.25,9.81,15.66,0.0,70.5,2.6,15.05,1.4970677241889758,2.9794436920691436
2024-11-09,23.67,13.65,17.63,0.15,76.31,2.94,14.15,1.4137797465115682,3.0110482352049868
2024-11-10,26.61,14.82,19.51,1.88,78.42,2.06,12.99,1.762687884061158,2.860639271443677
2024-11-11,26.08,14.87,19.19,0.59,79.22,2.48,13.2,1.6676263563526053,2.977254513930913
2024-11-12,26.53,13.45,19.26,0.0,75.6,2.21,13.04,1.8434783314458056,2.9291859295419145
2024-11-13,28.57,15.54,20.91,0.1,77.54,1.89,15.67,2.0549664396501544,3.15852598691733
2024-11-14,25.46,16.73,20.66,6.06,85.76,1.09,5.86,1.1877331590585523,1.473691757235494
2024-11-15,25.63,18.94,21.27,14.49,87.62,2.49,5.59,1.092592319123375,1.8681171504127816
2024-11-16,26.69,18.2,21.33,3.92,82.91,3.21,7.94,1.4331234729300038,2.61894782144211
2024-11-17,19.33,11.5,15.9,2.87,81.75,5.92,4.07,0.7753742782195572,1.770551745483276
2024-11-18,18.15,10.9,13.7,0.35,75.94,4.98,3.61,0.9167285458253636,2.3766522665365075
2024-11-19,18.5,10.09,13.6,0.0,78.81,3.52,7.07,0.9278993482260907,2.109167208720518
2024-11-20,18.98,10.58,13.62,0.01,80.83,2.65,4.96,0.9658673284765966,1.8670337634365097
2024-11-21,18.7,8.45,12.64,0.02,80.91,2.27,5.64,1.0007626250388648,1.727802683334308
2024-11-22,18.85,7.93,12.48,0.01,74.21,2.73,8.27,1.1493152902414396,2.2593793204115977
2024-11-23,18.67,7.82,12.73,0.27,77.24,2.7,11.97,1.0464651290064186,2.1707228805268444
2024-11-24,17.92,10.31,13.46,3.44,86.3,1.66,4.54,0.7321644178209614,1.2330414920146913
2024-11-25,16.38,7.88,12.42,13.58,87.07,2.69,2.27,0.6108616376374583,0.8547646006819104
2024-11-26,15.26,2.99,8.83,0.0,59.11,2.18,14.43,1.1233023536887146,2.3350932549953107
2024-11-27,16.59,4.74,9.71,0.0,50.92,2.19,15.04,1.3118113310993422,2.6813683597156523
2024-11-28,18.06,4.14,9.57,0.0,45.28,2.23,15.49,1.5654670141439764,3.0157805013985954
2024-11-29,18.81,3.34,10.67,0.0,42.8,1.13,15.63,1.658341621479352,2.187975144382835
2024-11-30,18.56,5.83,10.99,0.0,55.08,1.53,15.06,1.4466638312421067,2.3548716319816894
2024-12-01,21.77,4.97,12.67,0.0,65.14,1.59,14.32,1.6944013294546267,2.3906723800907557
2024-12-02,23.56,10.48,15.37,0.0,63.83,1.01,14.26,1.832515393559447,2.2105332318726325
2024-12-03,21.34,8.03,13.38,0.0,72.34,3.15,8.87,1.4673828229198742,2.7492150582993355
2024-12-04,18.71,8.35,12.53,0.04,81.28,3.53,11.85,0.9997688976784898,2.2338815737327917
2024-12-05,15.05,8.56,10.83,2.38,81.25,2.97,2.44,0.6698018587949821,1.3735056572019595
2024-12-06,16.76,6.71,10.76,0.41,74.6,1.96,6.61,0.9791546209756727,1.7311219416235701
2024-12-07,15.08,5.98,9.96,0.47,70.68,3.12,3.4,0.889368809813525,1.9194773883556673
2024-12-08,13.02,4.63,8.29,0.0,63.49,4.17,9.3,0.8392212238700225,2.4536438246502263
2024-12-09,12.99,1.43,7.22,0.08,74.76,1.69,4.59,0.7443862548055763,1.2154751395699332
2024-12-10,13.07,5.27,8.71,2.92,78.96,2.19,2.58,0.6237703795938484,1.10008723996683
2024-12-11,9.54,3.5,6.89,2.36,83.98,3.1,2.26,0.3600258805851714,0.7563345336668088
2024-12-12,12.17,1.75,6.38,0.12,72.09,2.83,4.24,0.7501928894921435,1.624844038558637
2024-12-13,12.3,1.95,6.32,0.0,64.89,3.12,7.7,0.8320864787895916,2.0285634466064684
2024-12-14,10.27,-0.16,3.95,0.0,59.88,3.11,12.43,0.7815290322652115,2.1012421266204826
2024-12-15,12.52,-2.19,4.47,0.0,49.63,1.41,14.44,1.0632266916453836,1.8094129992861174
2024-12-16,14.39,1.09,6.66,0.0,45.82,0.95,14.42,1.2086458004957443,1.6756192802414256
2024-12-17,12.83,1.37,5.66,0.0,56.7,1.53,8.24,0.9786276135421659,1.7193222517323083
2024-12-18,11.72,1.27,5.34,0.0,60.8,4.06,12.39,0.8633565430815568,2.5067697172130305
2024-12-19,9.59,-1.53,2.89,0.0,63.95,3.0,13.97,0.7396853064300062,1.9637992284219645
2024-12-20,11.83,-1.76,3.94,0.0,60.58,1.07,13.66,0.9222943223753381,1.4695315762913064
2024-12-21,12.03,0.03,4.85,0.0,59.34,3.48,12.09,0.9218933562571878,2.4156248520065176
2024-12-22,7.29,0.23,3.09,0.0,60.95,3.58,6.18,0.5687493491525869,1.7911958021208416
2024-12-23,11.17,-1.36,4.18,0.0,77.9,2.76,5.01,0.7123623645235795,1.4487439259502213
2024-12-24,12.08,3.64,6.26,0.0,80.38,2.32,12.4,0.6591764014882601,1.6137538601421628
2024-12-25,14.52,0.68,6.79,0.0,75.73,1.72,10.14,0.9365260292642843,1.5806732063907198
2024-12-26,15.49,3.13,8.39,0.0,60.9,2.76,10.92,1.1292558009175317,2.4346711416182303
2024-12-27,14.74,3.64,7.71,0.0,64.63,3.25,3.78,1.0273749980454019,2.333696506868349
2024-12-28,11.54,-0.97,4.68,0.0,55.4,2.41,13.02,0.9319930986592672,2.1182289878717406
2024-12-29,12.54,-2.32,5.01,0.0,50.27,1.06,13.72,1.0378395154918378,1.5706848264717113
2024-12-30,16.44,2.12,8.14,0.0,56.27,1.39,5.87,1.2806633200097617,1.8001152070474047
2024-12-31,15.2,0.67,6.73,0.0,55.73,2.15,13.65,1.2322923274405566,2.3922824239674125
2025-01-01,17.34,0.17,7.93,0.0,57.93,1.23,12.78,1.4003506302929694,1.901108313484273
2025-01-02,17.96,2.08,8.72,0.0,56.39,2.2,13.41,1.4724531961345444,2.646659016813791
2025-01-03,15.34,2.38,7.31,0.0,66.52,2.79,13.16,1.0990128417951568,2.418966184711052
2025-01-04,16.28,1.44,7.6,0.0,75.03,2.06,13.58,1.1013246929912872,1.999151190601167
2025-01-05,15.64,2.38,7.58,0.0,75.32,1.73,10.83,1.0212773059458848,1.7582791714383992
2025-01-06,14.66,3.49,8.08,0.0,61.97,1.89,11.24,1.0234185691444206,1.9926019689778607
2025-01-07,13.33,3.27,6.59,0.0,53.67,3.21,9.24,1.0345351873161235,2.7024089053158153
2025-01-08,14.75,1.48,7.04,0.0,51.88,2.04,2.37,1.198605143991792,1.981226364608372
2025-01-09,8.65,0.52,4.42,0.0,54.69,4.24,6.08,0.6747423199664752,2.1662039600157845
2025-01-10,9.37,-2.64,2.58,0.0,53.38,3.14,14.69,0.817952496679357,2.2673464762387203
2025-01-11,12.7,-1.42,4.82,0.0,49.45,1.86,13.41,1.0732720454143234,2.118928491347874
2025-01-12,16.7,-2.18,5.87,0.0,58.37,1.76,14.44,1.3978780220666236,2.312537749262522
2025-01-13,18.17,2.38,9.13,0.0,52.71,1.05,14.86,1.5146415432576141,2.024017094286797
2025-01-14,20.48,3.76,10.63,0.0,57.26,1.93,11.82,1.7195194011714676,2.7150257995309
2025-01-15,11.33,0.14,5.75,0.0,46.31,4.56,12.44,0.9455219176257618,2.9550333620382503
2025-01-16,13.99,-2.45,4.95,0.0,50.87,1.56,14.8,1.2034173454502022,2.113141770628328
2025-01-17,14.53,0.74,6.33,0.0,48.88,1.21,15.51,1.2069587206955708,1.9898228492534409
2025-01-18,17.42,-0.78,8.09,0.0,49.61,1.08,14.71,1.4977185358312495,2.0215010764862495
2025-01-19,17.94,4.73,10.23,0.0,51.45,1.2,14.55,1.4445258448404354,2.1877296965622737
2025-01-20,18.32,3.38,9.84,0.0,56.25,1.53,15.14,1.4548415164881043,2.3813953388396514
2025-01-21,20.65,3.84,11.54,0.0,53.69,1.22,15.14,1.7590997175302845,2.3832570361591916
2025-01-22,22.59,6.69,13.31,0.0,60.46,1.12,12.36,1.86454610942492,2.2800995271447273
2025-01-23,21.75,6.2,12.7,0.0,65.58,2.1,11.08,1.6931185929114108,2.7308301505576087
2025-01-24,20.98,8.07,13.07,0.31,76.04,3.19,4.96,1.3808561040524026,2.516951522701667
2025-01-25,13.43,6.9,11.02,20.83,90.42,4.02,1.77,0.3522040968270048,0.4840288671614917
2025-01-26,10.83,1.19,5.96,6.95,70.72,5.27,6.58,0.6525321876337071,1.9400463292915708
2025-01-27,11.86,-2.9,3.69,0.0,56.52,2.13,17.46,0.976421391434191,2.2506837897819514
2025-01-28,13.48,-2.27,4.85,0.0,55.58,1.51,16.81,1.1053573952786881,2.118615226173515
2025-01-29,15.83,-0.05,7.63,0.0,53.74,1.31,16.72,1.2766669637193848,2.19677805824681
2025-01-30,20.0,4.02,11.43,0.01,54.23,1.43,13.55,1.6461589734611841,2.484192857127229
2025-01-31,18.36,8.14,11.58,17.04,82.73,2.44,3.06,0.9930130426091792,1.5854394784262615
2025-02-01,14.52,5.52,8.81,2.8,78.84,4.91,3.42,0.7767724121773735,1.987377467104391
2025-02-02,12.0,5.52,7.98,2.71,82.66,3.6,3.49,0.5272036634334502,1.3395891652580862
2025-02-03,12.57,3.26,7.39,0.65,79.96,3.39,7.28,0.6514434343146358,1.6367433982373667
2025-02-04,14.38,1.04,6.9,0.01,66.64,1.33,16.93,1.0280995108112474,2.06788267873161
2025-02-05,15.25,3.63,8.45,0.0,57.21,1.26,5.46,1.1252931955220113,1.7285461018801844
2025-02-06,12.97,2.76,7.08,0.02,54.71,3.22,3.14,0.9697619080144677,2.307422231122288
2025-02-07,10.06,0.15,4.66,0.0,48.28,4.62,7.45,0.8538754882749108,2.8212655346677926
2025-02-08,5.91,-4.35,0.16,0.0,42.12,4.49,8.53,0.6750222468537747,2.3949381931327713
2025-02-09,10.22,-4.21,2.23,0.0,49.12,2.37,18.82,0.9205735072102901,2.4419319142843903
2025-02-10,14.84,-1.11,6.93,0.0,58.9,1.35,3.88,1.1377767218595938,1.5240837085563117
2025-02-11,20.12,6.2,11.95,0.1,63.03,1.85,4.47,1.4991019870543547,2.2065497894149884
2025-02-12,11.73,7.4,9.38,2.15,80.68,3.44,2.42,0.4322690827150524,1.1244548107294565
2025-02-13,14.6,2.09,7.99,0.02,52.97,3.04,8.85,1.1403394769121555,2.7700856555128137
2025-02-14,14.14,3.83,8.7,4.46,68.05,1.39,4.27,0.8650460719862236,1.382845858698925
2025-02-15,11.55,5.03,7.84,15.75,87.85,1.33,3.91,0.43089695000071426,0.8523398216100413
2025-02-16,18.33,3.39,9.85,0.05,68.79,1.61,5.41,1.3358893807800065,1.975156624670142
2025-02-17,13.64,5.03,8.18,5.08,73.12,3.3,2.96,0.7930491019766643,1.802359498154573
2025-02-18,15.03,4.15,8.99,0.05,75.68,2.48,10.28,0.8698489634889188,2.021414614841519
2025-02-19,11.42,7.26,9.22,6.31,87.43,1.78,2.9,0.3334181597166539,0.7419959129509541
2025-02-20,11.04,6.78,8.32,19.16,90.2,3.15,2.36,0.32870542055029406,0.7894191260506127
2025-02-21,12.93,5.07,7.91,0.32,81.0,2.98,6.27,0.6450476144287296,1.6762713306250405
2025-02-22,9.14,5.41,6.89,23.65,89.01,3.7,2.67,0.27563158005281685,0.7970652538904691
2025-02-23,10.81,3.83,6.6,0.4,81.99,3.93,10.84,0.5089234325593687,1.7391365458531407
2025-02-24,12.95,1.84,7.03,0.32,71.14,2.95,13.2,0.818426293631048,2.2562337844095315
2025-02-25,10.89,5.33,8.18,0.99,82.45,1.42,4.11,0.4111573872598522,0.9260144704749318
2025-02-26,12.84,6.05,9.35,0.76,80.56,1.29,9.16,0.5451134207673727,1.45932819587376
2025-02-27,19.69,7.67,13.23,1.36,84.41,1.92,9.25,1.02152327523119,1.875488765230369
2025-02-28,25.36,9.75,17.55,0.21,80.91,2.52,15.41,1.6084597936895966,2.9709459452817124
2025-03-01,27.15,15.27,20.83,0.0,75.43,4.01,14.75,1.7808708083358435,3.9014275251292534
2025-03-02,29.59,16.37,22.8,2.93,76.44,4.31,15.89,2.0777105082381557,4.314737883059736
2025-03-03,16.41,6.18,11.61,11.96,78.76,4.71,3.52,0.7951456685963625,1.6532328355530834
2025-03-04,8.63,4.76,6.33,3.31,80.66,3.55,3.62,0.35054299716795567,1.1481414180252267
2025-03-05,12.36,2.82,7.2,12.03,82.24,4.38,4.35,0.6143200866808518,1.4900215775004222
2025-03-06,13.45,4.21,8.06,0.4,76.65,4.86,12.89,0.7343095301154726,2.411534849085386
2025-03-07,13.75,3.76,7.83,1.84,68.87,2.46,9.41,0.8792406568467437,2.208990449612643
2025-03-08,15.0,3.57,8.9,0.0,61.93,1.54,14.79,1.016196928067848,2.3846108171152904
2025-03-09,15.99,6.45,10.85,4.68,79.84,1.1,4.87,0.8014249125979112,1.2475645192872546
2025-03-10,16.63,9.16,12.6,7.25,88.18,1.22,4.87,0.616245930215622,1.1217112426986804
2025-03-11,23.04,11.03,16.53,1.78,85.72,1.2,10.81,1.2197106243715432,2.0900425331974266
2025-03-12,21.46,14.61,17.06,16.25,88.64,2.02,5.61,0.8384784357773913,1.6286087725011271
2025-03-13,18.91,12.59,15.09,9.91,86.49,2.63,4.87,0.7087334920006352,1.5262982993998075
2025-03-14,16.95,11.22,13.69,32.6,90.21,2.85,4.64,0.5206887883847673,1.21421765220181
2025-03-15,12.2,8.58,10.77,6.12,84.5,4.0,3.93,0.33295910042898424,1.0737399237774405
2025-03-16,14.88,5.06,9.66,0.01,69.0,3.49,15.8,0.9010101635704423,2.8498809897243573
2025-03-17,15.79,3.81,9.92,0.0,55.92,1.95,22.16,1.1523429207668663,3.261808891032339
2025-03-18,19.87,5.28,12.32,0.0,56.9,1.98,23.29,1.5633758801247035,3.8068791973064107
2025-03-19,19.43,4.88,12.15,0.0,60.21,2.05,22.67,1.4730656689402561,3.6721886224794495
2025-03-20,22.15,8.5,15.81,0.0,44.52,0.88,23.81,1.8897531891499981,3.631834678550438
2025-03-21,24.34,11.61,17.72,0.0,43.72,1.06,24.43,2.1988850371352844,4.102607086187865
2025-03-22,26.71,9.61,17.92,0.0,54.39,1.58,23.42,2.444717713390036,4.464308096949371
2025-03-23,27.62,12.19,19.05,0.0,62.29,2.19,11.63,2.393950948118646,3.8090250024272394
2025-03-24,27.66,11.74,19.49,0.0,64.19,1.55,22.78,2.3648424479761125,4.397838113384479
2025-03-25,30.74,13.37,21.99,0.0,65.28,2.38,22.38,2.75599010926478,5.10160294291455
2025-03-26,31.56,18.11,24.66,6.89,74.8,4.02,16.57,2.366712085634245,4.798728945431974
2025-03-27,31.84,12.98,21.79,4.25,72.75,5.33,16.57,2.849061709763318,5.728654417049808
2025-03-28,13.06,6.8,10.26,4.88,73.05,6.15,3.7,0.5966559967694224,1.8708093666185948
2025-03-29,11.85,5.09,8.14,5.38,73.76,4.15,3.38,0.6058869570442241,1.6697774153144762
2025-03-30,11.92,4.27,7.34,17.21,82.46,2.91,6.09,0.5575641801878216,1.5151786669927638
2025-03-31,14.96,3.98,9.21,0.04,75.19,2.12,17.23,0.8497323453611962,2.5478015602582618
2025-04-01,19.37,6.4,12.92,0.0,64.09,1.38,21.99,1.3289459089046742,3.378986127319991
2025-04-02,23.06,9.62,15.92,0.0,57.03,1.32,23.49,1.8436341712209834,4.028783659536649
2025-04-03,24.87,11.57,18.25,0.0,52.44,1.03,21.04,2.077119900295273,3.845045924186164
2025-04-04,22.94,12.32,16.94,0.02,72.51,1.97,6.02,1.4287376123208666,2.308556139323962
2025-04-05,25.35,13.69,18.48,0.04,66.57,1.85,18.54,1.9015035831615512,4.040527265857914
2025-04-06,26.34,12.46,19.75,0.0,47.35,0.96,23.09,2.378549047178525,4.208134466439496
2025-04-07,26.5,16.02,20.75,0.0,61.18,1.76,14.27,2.0068795946800067,3.7335484885000567
2025-04-08,27.65,16.96,22.35,0.0,75.76,1.32,16.92,1.6922014962522258,3.500625321830644
2025-04-09,27.32,19.49,22.81,1.06,83.13,1.43,15.04,1.350401367017128,3.1959410842399194
2025-04-10,28.88,17.38,23.01,1.64,77.56,0.96,22.02,1.8601812266538116,4.170724425220362
2025-04-11,30.0,17.51,24.17,8.82,78.72,3.4,16.03,1.9047837878315672,3.981543124391655
2025-04-12,24.01,8.6,16.49,37.74,61.57,6.18,4.21,1.9231262097646984,4.38949462600202
2025-04-13,24.42,7.81,15.62,0.0,50.54,2.61,26.6,2.2211784826065344,5.385467201108312
2025-04-14,26.73,12.0,18.81,0.0,57.29,3.78,25.13,2.35341336246561,6.081456065906211
2025-04-15,28.01,11.07,19.55,0.0,57.67,1.28,27.05,2.568087988956913,4.96882418320656
2025-04-16,25.67,13.52,19.94,0.83,70.94,2.7,8.71,1.6716960070944533,2.9842955815915535
2025-04-17,24.82,17.88,20.49,3.18,76.96,3.05,11.87,1.297019408015912,3.3397325745910544
2025-04-18,31.28,16.09,23.82,1.76,76.99,1.82,23.51,2.3700521423194143,4.877965432098139
2025-04-19,27.88,21.33,24.39,34.84,88.57,2.23,7.74,1.0625722483867763,2.1404584126666304
2025-04-20,27.98,19.01,23.33,13.17,86.33,1.58,10.79,1.3204253741566605,2.549987251580582
2025-04-21,32.06,21.97,26.71,3.68,81.86,4.6,15.38,1.9444451994636007,4.432813110275942
2025-04-22,24.45,18.82,22.4,81.26,88.95,3.09,5.2,0.6627357307490072,1.3547077532114224
2025-04-23,26.8,16.89,21.64,1.71,77.2,1.75,15.55,1.5736763297516383,3.455921623016594
2025-04-24,21.44,16.27,18.62,10.81,85.39,2.46,3.84,0.7297534080337413,1.3896917191499423
2025-04-25,25.41,14.09,19.9,0.02,74.66,3.16,22.65,1.5591981593818562,4.472093140717469
2025-04-26,23.34,15.38,19.29,1.6,84.17,1.64,8.12,1.003655067739048,2.0353336793327323
2025-04-27,24.73,17.16,20.76,3.54,83.13,0.99,4.0,1.0905342718365203,1.2366621078207947
2025-04-28,28.34,15.72,22.27,0.91,74.34,1.95,19.85,1.9139923707516777,4.22572519419085
2025-04-29,29.53,18.79,23.85,0.11,65.67,1.13,21.82,2.231230513566722,4.558255902151664
2025-04-30,23.48,19.2,21.67,8.24,83.25,1.13,5.13,0.7435196420646437,1.4095599855870882
2025-05-01,30.68,17.22,23.98,0.07,70.74,1.83,23.78,2.382182790942373,5.1177827248694845
2025-05-02,30.99,16.04,23.94,0.06,66.65,2.21,27.15,2.5682120852747374,5.781321181532663
2025-05-03,32.01,18.9,24.78,0.0,73.83,2.17,18.22,2.5032304539759345,4.664900828627009
2025-05-04,29.18,18.66,23.74,9.39,80.03,2.12,7.13,1.7265659793397452,2.519332940804005
2025-05-05,28.04,21.46,23.96,14.76,80.85,2.62,17.19,1.4110933533331238,4.04410439041366
2025-05-06,28.49,18.29,23.21,0.9,75.33,1.45,21.04,1.791149332138204,4.327475421546324
2025-05-07,27.93,17.66,22.77,7.41,75.23,1.07,14.01,1.7160840366650802,3.156689263011703
2025-05-08,29.36,19.95,24.58,42.48,85.45,5.04,4.74,1.4683165572596497,2.404163779323907
2025-05-09,28.63,18.42,22.99,6.94,78.46,2.28,20.93,1.753406172908869,4.501662172636288
2025-05-10,24.62,15.45,19.81,0.1,66.81,2.76,23.85,1.6242924808620292,4.946071619225949
2025-05-11,27.37,13.35,20.6,0.0,52.58,1.19,27.46,2.4480346849628463,5.161976399850431
2025-05-12,28.1,12.35,20.66,0.0,59.27,2.33,29.52,2.4287534780024904,5.9234085493354955
2025-05-13,30.55,13.88,22.26,0.0,65.81,2.57,28.23,2.684372070603602,6.092657228590843
2025-05-14,31.78,17.28,25.42,0.77,71.56,2.32,25.94,2.4389446302201474,5.606725750511226
2025-05-15,30.81,22.05,25.35,39.87,87.12,2.4,3.68,1.6517344332719088,1.8900382236471425
2025-05-16,27.25,20.16,24.04,6.3,85.74,2.02,10.17,1.0723167627232852,2.4633514990760967
2025-05-17,31.8,21.36,26.54,2.15,78.19,1.23,15.69,2.0557578021996763,3.732502880110322
2025-05-18,28.71,22.45,25.6,8.12,80.45,0.91,11.74,1.3191795130669783,2.7831557305952637
2025-05-19,31.02,21.82,26.34,1.83,81.83,1.65,16.29,1.7338269420832537,3.7986590651679575
2025-05-20,28.81,23.34,26.01,43.6,92.29,3.22,12.57,0.8595713256746049,2.7259236766410067
2025-05-21,32.29,22.97,27.15,8.43,86.4,3.67,22.27,1.7530828628824837,5.005791768464021
2025-05-22,29.72,24.31,26.51,29.25,91.59,2.15,6.26,1.0095033635266333,1.8629825047906035
2025-05-23,24.97,18.05,22.84,39.17,83.13,4.27,8.83,0.8640632818943597,2.1943735616760507
2025-05-24,26.39,15.9,21.02,0.01,74.86,2.87,22.42,1.6202701719749197,4.644478210721843
2025-05-25,25.25,17.61,21.36,0.01,74.6,1.16,11.84,1.3559214130961903,2.797341930699924
2025-05-26,28.23,17.56,22.86,0.0,73.19,0.88,23.74,1.82833369352297,4.546786575584051
2025-05-27,28.59,19.7,24.0,1.65,73.02,0.95,16.77,1.7564874219272864,3.652438670593146
2025-05-28,21.62,18.82,20.59,48.93,92.82,2.05,5.52,0.33047842437766306,1.1980907846048812
2025-05-29,27.09,17.63,22.13,0.07,81.08,2.61,23.86,1.4624216512095138,4.639640023401093
2025-05-30,29.39,17.68,23.86,0.18,78.94,1.9,22.98,1.8016385699421034,4.661558904288399
2025-05-31,27.1,20.69,24.11,6.89,85.7,3.01,6.66,1.0218908456955926,2.0750104469474415
2025-06-01,30.85,23.56,26.93,4.11,88.17,2.89,9.63,1.339041940579106,2.7398612000787943
2025-06-02,28.18,19.71,24.2,15.46,84.19,2.41,7.19,1.303548863024846,2.238404591805049
2025-06-03,28.28,18.06,23.11,0.13,79.81,1.89,19.09,1.6170333593537745,4.0434837007794915
2025-06-04,29.51,19.29,24.74,0.01,73.82,1.55,25.32,1.8626023831015859,5.126943905367517
2025-06-05,31.66,22.54,27.11,0.41,73.52,1.45,21.71,2.044325655953699,4.875136441541184
2025-06-06,34.69,22.7,28.54,0.0,77.53,2.28,23.94,2.5627824049107475,5.7257730336015475
2025-06-07,34.81,24.74,29.76,1.3,80.83,2.43,21.53,2.222282990663415,5.254263224968026
2025-06-08,33.53,25.11,29.22,5.96,84.4,2.35,11.1,1.784256956057257,3.2182142776077223
2025-06-09,32.82,23.91,28.5,8.26,75.57,0.79,12.57,2.091023379809834,3.1713712264876186
2025-06-10,28.1,23.49,25.79,14.07,85.91,1.52,6.18,0.9566745290864422,1.8102603073118295
2025-06-11,29.27,23.0,25.43,20.16,88.87,1.95,6.17,1.1956765617328435,1.9747019422231384
2025-06-12,28.7,22.33,25.25,2.65,88.09,1.56,12.7,1.120511638159436,2.907539981090034
2025-06-13,32.24,22.9,27.86,0.14,81.27,1.46,22.64,1.806947465770207,4.90058249138907
2025-06-14,29.71,25.11,27.13,6.69,87.6,2.62,11.44,1.0334110570495292,2.945520264831348
2025-06-15,28.87,22.27,26.04,64.34,90.29,2.33,3.58,0.9339703716576007,1.1403754195415172
2025-06-16,32.12,20.19,25.97,0.35,82.74,3.07,25.82,2.056556739513794,5.549658927756915
2025-06-17,32.27,22.03,27.28,0.0,82.49,2.64,24.16,1.8759726498437028,5.2534534192418505
2025-06-18,30.2,23.68,26.63,3.58,84.9,3.36,13.65,1.3454706072030693,3.571476784481754
2025-06-19,30.84,24.7,27.16,7.59,86.51,4.01,9.78,1.3569011889200282,3.1841810584293793
2025-06-20,32.58,24.51,28.21,0.2,82.38,3.52,14.66,1.8030973013007014,4.186221713053253
2025-06-21,32.3,25.13,28.54,26.71,84.62,3.08,17.21,1.5629261796386693,4.257581097881271
2025-06-22,29.49,24.12,26.76,61.94,91.76,1.97,6.31,0.8976008025539115,1.720351454703719
2025-06-23,29.69,22.94,25.78,31.93,91.24,1.23,5.28,1.1500838165355556,1.5274389626816944
2025-06-24,30.95,22.37,26.42,2.67,84.22,0.85,7.32,1.6103553563729358,2.0548910810663505
2025-06-25,33.15,23.4,28.25,1.19,82.26,1.39,17.26,1.9498515784482264,4.062100590739898
2025-06-26,33.22,24.69,28.55,1.26,82.19,2.61,24.44,1.917220922906011,5.592916986487799
2025-06-27,31.13,23.51,27.26,6.43,87.07,1.76,20.3,1.3863648992876647,4.328299934123129
2025-06-28,28.62,24.26,26.43,12.34,92.08,2.28,16.15,0.7432158184861928,3.2936795672535806
2025-06-29,29.85,23.47,26.17,10.38,85.99,2.14,11.13,1.3059266357710775,2.9546201326240444
2025-06-30,32.68,22.15,27.88,1.32,80.76,1.83,25.62,1.942284827665723,5.449294195555464
2025-07-01,33.07,24.25,29.09,0.02,78.8,2.02,23.89,1.908474916979917,5.376103578720132
2025-07-02,33.35,26.8,30.36,0.01,77.66,1.44,26.95,1.776245765460632,5.9906108995570975
2025-07-03,33.35,25.72,29.98,0.0,79.62,1.03,26.05,1.7782282357730939,5.676624634936208
2025-07-04,36.24,27.11,31.92,0.0,72.98,0.88,25.84,2.61628219927468,5.969274975900852
2025-07-05,35.31,27.71,31.46,0.0,71.99,1.13,26.67,2.4466870256000623,6.184076385823051
2025-07-06,33.64,27.25,30.5,0.0,78.7,1.24,25.46,1.7940642666088849,5.725935986048148
2025-07-07,35.12,27.7,31.84,0.44,71.13,1.01,23.07,2.3362112519485274,5.450239243874314
2025-07-08,34.69,27.37,30.76,1.77,78.61,1.27,23.23,2.0751540730412428,5.435904061811211
2025-07-09,33.03,25.92,29.29,5.58,83.68,3.64,18.44,1.6512600192831801,4.660731585912839
2025-07-10,32.3,23.78,28.22,1.77,81.85,4.25,22.2,1.7280810554994157,5.1790573032536775
2025-07-11,32.31,25.97,28.95,1.06,83.78,3.29,23.05,1.5325034066309278,5.282692681192953
2025-07-12,31.43,25.82,28.34,2.86,85.07,1.46,15.67,1.3500623244616574,3.693818486644139
2025-07-13,31.94,24.96,28.42,8.39,82.42,0.68,17.17,1.5709001505128701,3.8365114325902754
2025-07-14,34.0,25.71,29.95,1.06,77.87,0.94,23.86,2.065573275020848,5.32121869944198
2025-07-15,34.23,25.95,30.12,0.0,80.36,1.84,23.53,1.9903856058602787,5.450996650972695
2025-07-16,35.1,26.77,30.86,1.33,82.26,2.74,22.46,2.0252589018356706,5.489345376965818
2025-07-17,34.71,28.01,31.38,1.19,84.17,1.1,15.49,1.7001077498998574,3.8186150633914604
2025-07-18,34.77,27.4,30.64,0.82,81.87,2.51,23.9,1.986256836301374,5.775348243204582
2025-07-19,33.2,26.62,29.54,0.06,83.45,3.37,23.76,1.6653384735142955,5.566146210194085
2025-07-20,33.68,26.48,29.77,0.64,83.58,3.7,17.22,1.7570115286611343,4.616572909040835
2025-07-21,32.43,26.4,28.95,6.65,86.99,2.6,18.17,1.4216691363260718,4.314062677224225
2025-07-22,28.71,25.04,26.21,15.93,90.47,2.56,9.42,0.8643851851976208,2.516342785782845
2025-07-23,31.82,25.09,27.99,5.77,85.44,1.54,21.16,1.5085309615147402,4.644939880273659
2025-07-24,33.56,25.81,29.2,2.63,81.8,1.88,26.17,1.9211515200820046,5.845862399944151
2025-07-25,33.26,25.65,29.01,0.17,84.39,2.47,24.11,1.7445193087998234,5.43342145387736
2025-07-26,33.06,26.11,29.41,2.65,83.02,2.81,14.78,1.6757134972356753,3.989028474762587
2025-07-27,32.77,26.93,29.49,4.35,85.04,2.31,14.75,1.489236024042346,3.807613732337511
2025-07-28,32.79,26.49,29.34,2.19,84.11,2.71,20.22,1.5657946025475429,4.805006120843644
2025-07-29,33.08,26.44,29.45,0.22,83.31,2.07,20.58,1.649368976572552,4.814879029368308
2025-07-30,33.14,25.96,29.39,1.08,81.01,2.04,24.84,1.7811684356870736,5.580282117998894
2025-07-31,34.32,24.6,29.01,0.69,74.58,1.44,24.41,2.487687330999896,5.609485942177077
2025-08-01,35.04,24.48,29.89,0.93,72.11,1.16,22.86,2.6422396752866533,5.29057649701329
2025-08-02,34.42,25.7,30.2,0.28,77.59,1.69,21.05,2.152404695443278,5.035931196407766
2025-08-03,34.52,25.79,30.2,0.01,81.23,2.15,22.22,2.0212812933101065,5.242030544782294
2025-08-04,35.27,25.58,30.59,0.7,78.26,1.86,23.59,2.315772488269312,5.5741919254195755
2025-08-05,34.84,26.19,30.25,1.1,77.72,2.4,22.41,2.2786802059711473,5.589860505970204
2025-08-06,33.59,24.74,28.71,3.1,80.3,3.33,13.08,2.0743887782546637,4.1418097338428845
2025-08-07,32.38,24.74,28.02,10.54,82.89,3.28,12.73,1.7573525742494698,3.8201944827965115
2025-08-08,33.43,23.73,28.54,1.22,78.08,3.32,21.63,2.1616604673268154,5.412153816441878
2025-08-09,35.28,24.19,29.83,0.0,76.26,3.07,22.27,2.55380873637182,5.742212835879106
2025-08-10,35.36,25.03,30.17,0.01,75.84,2.65,20.23,2.537434184962825,5.367063215919311
2025-08-11,33.36,26.67,29.58,0.06,79.3,1.92,15.66,1.8750642992442788,4.132931495841597
2025-08-12,36.76,25.29,31.0,0.48,66.9,0.98,21.33,3.306433011297644,5.148766380885298
2025-08-13,34.12,23.98,29.36,1.5,75.91,1.68,20.91,2.298591188354402,4.936646903897248
2025-08-14,36.04,26.24,30.21,0.1,73.96,3.26,19.39,2.8683517989820255,5.96504712708675
2025-08-15,37.16,24.39,30.96,0.02,67.58,1.56,23.66,3.458510041080505,5.9149765679079644
2025-08-16,38.07,25.92,32.22,0.01,63.58,1.23,26.06,3.7491052234076148,6.298171705656108
2025-08-17,38.76,26.17,32.65,0.0,63.98,1.12,25.3,3.9108049527632516,6.155095568454327
2025-08-18,37.82,26.46,31.96,0.0,64.7,1.93,24.22,3.6299419691441526,6.479539706747802
2025-08-19,36.77,25.82,31.18,0.0,67.77,2.46,23.73,3.2198711898995893,6.432357066095349
2025-08-20,36.42,26.08,30.79,0.0,67.56,2.92,23.27,3.190717818610607,6.665253608611132
2025-08-21,35.73,24.85,30.14,3.47,71.41,2.74,21.97,2.9052659393881557,5.9881897605761525
2025-08-22,33.75,25.19,28.73,5.3,77.58,2.42,14.82,2.272474909609098,4.367207363518499
2025-08-23,37.02,24.64,30.2,0.79,69.82,1.88,19.74,3.455178534344396,5.497522174158428
2025-08-24,36.45,26.21,31.04,0.03,67.38,1.53,23.0,3.163937999446768,5.7626853395333635
2025-08-25,36.73,25.64,30.8,0.72,68.2,1.35,23.62,3.2595590568100006,5.737311466487091
2025-08-26,36.83,26.06,30.98,0.87,67.65,0.8,20.45,3.3074286672757016,4.843629166673019
2025-08-27,38.04,25.9,32.06,0.58,61.01,0.69,24.92,3.8668295600068894,5.606296274110111
2025-08-28,37.77,26.4,32.05,1.42,63.23,1.4,24.14,3.6629433944203083,6.0401497731341784
2025-08-29,39.68,27.56,32.89,0.19,59.01,1.09,22.63,4.463326651418889,5.8090532998222235
2025-08-30,35.31,27.49,31.07,0.44,68.78,0.74,16.58,2.7016219320001302,4.052961291787292
2025-08-31,37.22,26.15,30.8,2.37,67.57,1.55,14.2,3.505076041963309,4.473065458776514
2025-09-01,31.57,25.43,28.49,6.26,78.87,1.51,17.06,1.609649874947939,3.9863972216016506
2025-09-02,36.62,24.91,30.31,0.79,70.29,1.2,20.76,3.2365819450697884,5.065982702621566
2025-09-03,36.7,25.82,30.82,0.02,68.36,1.47,20.31,3.2406345597446724,5.232767772241824
2025-09-04,33.49,26.69,29.98,11.97,74.9,1.24,16.61,2.0472877379847563,4.079186888181848
2025-09-05,37.78,25.65,31.63,0.13,69.7,0.93,20.39,3.4588126783382336,4.918756541120223
2025-09-06,35.34,26.98,30.82,11.86,74.16,0.95,16.62,2.5062960228362647,4.087822318826799
2025-09-07,35.32,26.02,30.19,2.06,76.48,1.24,20.6,2.5190871252419798,4.853608723624682
2025-09-08,35.57,26.69,30.82,0.64,73.51,1.33,19.36,2.6212477568867314,4.774226945552444
2025-09-09,30.85,26.15,27.99,15.08,84.16,1.24,14.65,1.2884778511577242,3.3770297704696306
2025-09-10,32.59,25.35,28.28,9.86,83.8,1.63,15.77,1.7346049322505772,3.7844567268696903
2025-09-11,34.38,24.99,29.31,2.1,78.34,1.33,16.65,2.3082058059402413,4.061843887094077
2025-09-12,34.96,25.56,29.85,0.6,76.57,1.84,17.53,2.4594270860588328,4.533873778821005
2025-09-13,34.93,26.92,30.39,2.62,72.85,1.43,17.2,2.4986302801029705,4.421773827498329
2025-09-14,35.18,25.19,29.48,2.52,74.29,1.38,20.85,2.7092422190292766,4.9383401971986665
2025-09-15,36.44,25.04,30.2,0.24,71.89,1.52,21.77,3.1269960737336255,5.318920395898612
2025-09-16,36.57,26.21,31.6,0.0,65.85,1.28,20.7,3.1650613215741124,5.083338107061173
2025-09-17,35.78,27.53,31.33,7.5,67.61,1.14,19.86,2.847923379659012,4.829337835848568
2025-09-18,32.47,25.39,28.29,1.16,81.07,3.33,16.41,1.8170556084419327,4.437970297156994
2025-09-19,34.64,24.47,28.64,0.51,74.94,2.32,18.27,2.6612854466169154,4.9450770571510985
2025-09-20,25.77,20.41,22.68,4.52,80.75,4.38,9.5,1.1048673979392736,3.049041146390912
2025-09-21,31.39,20.15,24.76,0.35,79.84,3.78,6.58,2.150261772364795,3.4542966911578206
2025-09-22,32.06,22.3,26.38,0.02,77.87,3.52,17.83,2.149466559225422,4.812793063872975
2025-09-23,32.8,23.04,27.16,1.74,78.11,4.54,17.3,2.221813399096867,5.138351753016276
2025-09-24,27.73,22.93,25.04,7.16,87.0,3.91,9.1,0.9720688809172349,2.5857264998622456
2025-09-25,35.02,23.05,27.7,0.44,76.76,3.16,12.5,2.8833899048372427,4.637100537075005
2025-09-26,34.76,23.1,28.11,0.07,76.09,2.74,16.94,2.739086532092613,4.837446259796939
2025-09-27,34.18,23.71,28.44,0.0,76.5,1.78,18.16,2.484243636203791,4.422824958187657
2025-09-28,36.16,24.4,29.77,0.0,72.21,1.04,19.43,3.0838336234824717,4.486993271397882
2025-09-29,33.87,24.86,28.89,0.35,76.23,1.5,14.35,2.3290479012251484,3.715887287106066
2025-09-30,34.21,23.92,28.03,1.04,77.12,1.36,15.07,2.5621229913597334,3.7999478579181822
2025-10-01,34.07,23.98,28.52,0.06,75.08,0.9,15.84,2.5254877697753666,3.63037547117738
2025-10-02,36.12,25.25,29.95,0.0,70.69,1.91,17.31,3.109029518473451,4.790192635850868
2025-10-03,35.79,24.36,29.56,0.0,66.23,1.59,17.95,3.2530312622372275,4.6891370418223755
2025-10-04,36.34,24.21,29.22,0.0,71.77,2.1,19.74,3.295535958816168,5.286887513709046
2025-10-05,36.8,24.45,30.23,0.0,69.12,1.7,19.69,3.3768882767006545,5.027083459638804
2025-10-06,37.83,25.38,31.25,0.0,64.97,1.45,20.12,3.751264335219281,5.099259245175837
2025-10-07,36.22,26.16,30.19,0.0,70.47,2.31,18.63,3.1245264575525997,5.298457895953436
2025-10-08,35.15,25.78,29.46,0.0,75.57,2.16,16.9,2.6459171266391732,4.602932274429157
2025-10-09,36.6,25.67,30.34,0.64,69.45,1.9,18.92,3.2560476365222915,5.06029913421968
2025-10-10,38.8,24.41,30.62,0.0,65.66,1.82,19.84,4.240420208084675,5.49976233620041
2025-10-11,37.82,24.06,29.86,0.0,67.23,2.16,18.51,3.9166181516201704,5.446890378281621
2025-10-12,36.16,23.69,29.27,0.0,68.51,1.84,16.3,3.3622843508787326,4.576270212264515
2025-10-13,33.73,20.47,27.21,4.24,73.24,2.26,13.69,2.6832290935442717,3.875808713870413
2025-10-14,29.63,18.99,23.11,2.71,75.31,2.18,5.22,2.06375595677637,2.6669051384031777
2025-10-15,32.65,20.62,25.91,0.06,75.87,1.45,14.1,2.4725925372508093,3.425618454413819
2025-10-16,31.9,22.3,25.95,0.01,75.96,3.01,13.5,2.2516404384126942,4.162753535125924
2025-10-17,34.21,21.21,26.92,0.0,73.73,2.06,13.54,2.864049876603661,3.9306281331454143
2025-10-18,27.8,17.9,23.28,0.07,75.98,4.94,9.5,1.5983410662165727,3.3462709981304575
2025-10-19,23.08,14.88,18.28,2.05,77.4,5.8,3.42,1.2171793419781576,2.806296133148089
2025-10-20,20.94,13.72,16.28,1.36,74.55,6.35,4.47,1.1226643224729123,3.200458274219272
2025-10-21,18.86,11.36,14.23,0.44,70.79,6.49,6.72,1.0570782313107838,3.3354632360233967
2025-10-22,20.55,10.11,14.66,0.22,64.65,5.17,8.62,1.3844319425379352,3.707608063294337
2025-10-23,21.73,10.3,15.57,0.03,61.27,4.56,17.91,1.5653689064061957,4.282582973481292
2025-10-24,22.5,11.18,16.06,0.0,62.19,3.86,17.4,1.6498927295676176,4.1801784868299885
2025-10-25,24.46,11.89,17.57,0.12,65.02,2.82,13.64,1.8236182173682274,3.5799213670924304
2025-10-26,21.6,13.34,16.73,0.17,73.7,2.72,4.79,1.2087256505454615,2.294585486745121
2025-10-27,23.36,11.76,16.81,0.0,69.5,3.42,10.02,1.6065543232498072,3.3243494097421693
2025-10-28,25.01,11.99,17.57,0.09,65.96,2.81,16.69,1.9284744656641626,3.8681234835046494
2025-10-29,26.09,12.3,18.68,0.46,73.04,2.33,13.87,1.870782780342336,3.1822378135869
2025-10-30,23.72,14.72,18.76,4.51,82.87,2.1,3.89,1.1651919272420446,1.6059785839968594
2025-10-31,24.68,12.53,17.82,0.01,75.88,2.14,7.68,1.6247586282173843,2.460905939009019
2025-11-01,23.66,14.47,18.01,0.0,74.38,1.46,6.86,1.4248116104638868,2.0523698001307804
2025-11-02,24.5,13.65,18.76,0.0,64.33,2.02,10.78,1.7566902287542938,2.9145254380078893
2025-11-03,21.08,14.62,16.65,1.52,79.72,2.21,4.41,1.0102767701750028,1.864489478828774
2025-11-04,22.02,11.83,15.44,5.73,70.75,1.52,7.05,1.4834913813454211,2.195358322786568
2025-11-05,22.21,11.75,16.09,3.02,79.92,1.68,6.11,1.2558587460893182,1.836714168532865
2025-11-06,23.33,13.82,17.94,0.63,85.27,1.85,6.94,1.1307875133379155,1.763965958013561
2025-11-07,29.91,15.55,21.98,8.57,79.18,1.51,13.13,2.203480632995856,2.837776716912879
2025-11-08,22.32,16.98,19.44,24.95,88.35,2.82,3.53,0.7072881176699246,1.2868161409694427
2025-11-09,19.23,14.34,16.24,7.28,85.96,4.05,3.66,0.6501217286842358,1.5765357655113357
2025-11-10,22.37,14.08,17.3,0.65,74.9,4.68,5.23,1.2660508168536415,2.975186984332523
2025-11-11,21.53,13.23,16.61,0.16,72.22,4.22,8.86,1.231783583224027,3.021017072704611
2025-11-12,21.36,12.6,16.09,0.03,64.07,3.95,11.55,1.4228567305725826,3.5730908617473593
2025-11-13,22.44,12.05,16.12,0.06,66.15,3.39,9.61,1.5441376431371532,3.286609243416493
2025-11-14,22.9,10.5,15.93,0.02,61.89,2.34,15.3,1.749311409202833,3.24719153739092
2025-11-15,24.64,9.68,16.33,0.0,70.08,1.7,15.78,1.879904713446874,2.8487976522747718
2025-11-16,26.45,11.2,17.8,0.0,63.3,1.47,15.48,2.237857520662441,2.9694918543273454
2025-11-17,16.68,5.15,11.91,0.21,69.43,6.32,9.99,0.952608970325094,2.555305215840631
2025-11-18,13.03,4.07,7.58,0.02,51.95,4.52,12.87,0.9806740074921488,3.1646994362584286
2025-11-19,14.61,1.95,7.47,0.09,54.12,2.06,15.09,1.149093921759622,2.42575178572526
2025-11-20,16.47,2.57,8.77,0.0,57.73,1.56,15.73,1.2610155623711532,2.2409485463423073
2025-11-21,19.22,3.95,10.47,0.0,60.94,1.97,15.89,1.5073131914514926,2.67247786007291
2025-11-22,20.7,4.65,11.76,0.0,60.09,1.71,15.75,1.6663945624713326,2.633205781513219
2025-11-23,22.53,8.92,14.2,0.0,53.52,1.12,14.3,1.919010787182819,2.422275275495231
2025-11-24,21.97,10.04,14.7,0.01,55.72,2.44,8.74,1.7514490979698754,3.1065371545367118
2025-11-25,17.49,3.81,9.93,0.0,46.25,2.76,15.77,1.4852041373693232,3.2291627497617315
2025-11-26,19.39,2.77,9.78,0.0,56.34,1.61,16.17,1.6321325523877186,2.548514092748982
2025-11-27,18.25,5.86,10.57,0.0,49.33,2.85,15.2,1.544546065281088,3.425135649859591
2025-11-28,20.42,5.38,11.49,0.0,44.28,1.56,16.07,1.843580327250749,2.760804663160276
2025-11-29,22.36,3.22,11.95,0.0,51.67,1.86,15.76,2.0328887899651464,2.993757641496584
2025-11-30,23.88,7.2,14.99,0.0,46.83,1.32,15.49,2.211689384147875,2.6856593162260674
2025-12-01,23.43,7.21,14.18,0.0,59.24,1.55,14.16,1.986995304109032,2.66525204175303
2025-12-02,20.11,7.89,12.85,0.0,74.21,3.9,10.88,1.2945627159151791,2.8364146632728073
2025-12-03,15.23,4.62,9.32,0.0,64.6,4.09,12.07,1.0159795299115706,2.713543733982057
2025-12-04,17.13,3.57,9.45,0.0,59.8,2.23,9.57,1.2792978730838067,2.341447267486604
2025-12-05,17.15,6.49,10.38,0.0,51.07,2.19,6.7,1.3538203543892753,2.5858589864780375
2025-12-06,18.54,4.35,11.01,0.0,54.5,1.06,13.01,1.4459694509764485,1.8915593825656165
2025-12-07,21.56,5.65,12.78,0.0,67.4,1.26,12.44,1.6197986886707376,2.0496841871543348
2025-12-08,20.64,7.15,12.79,0.0,65.72,2.99,12.62,1.5102989946169525,2.9647423334286485
2025-12-09,19.39,6.34,11.8,0.0,75.06,1.7,10.88,1.2488837178267507,1.9449420282333718
2025-12-10,22.21,9.18,14.95,0.0,64.74,1.22,11.92,1.6015353601181297,2.0618343940204955
2025-12-11,22.48,9.05,14.93,0.0,75.63,1.68,11.77,1.4760962084608944,2.133072509491893
2025-12-12,21.82,11.44,14.72,2.8,74.69,3.22,7.13,1.3953042776266675,2.73994808195781
2025-12-13,12.76,1.96,7.59,3.75,65.66,4.94,7.89,0.8110444882024251,2.2359885620008106
2025-12-14,13.33,-0.95,5.59,0.0,57.72,1.72,14.54,1.0407840508496993,1.9179692780235646
2025-12-15,15.86,1.73,9.03,0.0,46.15,0.97,14.28,1.2946382765089313,1.7300597439715988
2025-12-16,20.85,7.1,12.91,0.0,51.1,0.95,10.32,1.7334101052005217,1.9077305720288622
2025-12-17,18.6,7.41,11.8,0.0,67.5,3.14,11.29,1.2374090455735038,2.672150672520814
2025-12-18,19.58,3.94,11.29,0.0,71.63,1.6,11.46,1.3623100774960901,1.945454089734399
2025-12-19,23.33,8.0,15.3,0.0,68.91,1.83,12.81,1.7078222682626412,2.4098706363564513
2025-12-20,22.8,9.96,15.51,0.14,73.35,3.6,10.17,1.499970266615752,2.859063097154934
2025-12-21,13.94,6.86,9.41,0.06,69.8,4.85,3.09,0.7808456095320494,2.2495782305735
2025-12-22,15.98,6.33,9.68,0.0,79.34,1.84,5.96,0.8756639711825359,1.5231732393456474
2025-12-23,15.89,7.82,10.81,0.79,82.85,2.53,6.22,0.7415178701327667,1.5319020696125474
2025-12-24,10.12,5.04,7.83,12.58,85.83,3.76,2.63,0.3296072230438699,0.807168793644706
2025-12-25,11.24,2.0,5.87,0.1,64.39,4.09,11.53,0.7837214970757576,2.340488053251377
2025-12-26,11.41,-1.54,4.07,0.43,59.6,2.31,14.05,0.9118108993833782,2.033367180789708
2025-12-27,14.3,-0.13,6.07,0.0,54.79,1.01,14.1,1.1472688657287708,1.6389335459964682
2025-12-28,16.33,2.49,8.96,0.0,50.23,1.03,14.22,1.3113280038840203,1.7981761583457485
2025-12-29,19.87,6.62,11.25,0.0,49.22,0.82,14.01,1.6893493163659539,1.8863059654404177
2025-12-30,19.0,5.57,10.81,0.0,65.77,2.85,11.5,1.3960747054380365,2.7792575577683403
2025-12-31,15.56,6.16,10.16,2.18,73.18,4.64,11.9,0.890615738059621,2.4634685605858433
2026-01-01,8.17,0.28,4.64,8.45,79.39,4.95,6.27,0.41948452381857626,1.2086389300000289
2026-01-02,8.96,-1.59,2.49,0.05,67.34,3.38,10.05,0.6927497435547514,1.9200497993032897
2026-01-03,10.07,-3.0,3.26,0.14,64.27,1.64,8.52,0.7663112145002218,1.4284377055654804
2026-01-04,8.74,2.53,5.14,4.06,81.91,1.35,2.35,0.40917079584409266,0.6867326461001168
2026-01-05,10.51,0.53,4.4,0.05,81.18,2.24,5.66,0.6062336911910325,1.2628738529021908
2026-01-06,12.95,0.01,5.04,0.01,65.23,2.32,11.62,0.9697479988666193,2.0690793425692644
2026-01-07,14.43,0.03,5.5,0.0,50.79,1.55,15.11,1.216146045159747,2.132499429511363
2026-01-08,14.29,0.51,6.34,0.0,51.87,1.62,14.83,1.1565815657010448,2.098263160094414
2026-01-09,16.02,1.71,7.52,0.0,49.34,1.45,15.04,1.3353531752141716,2.189987240599461
2026-01-10,18.72,2.76,8.8,0.0,54.52,2.17,14.43,1.5712327576695375,2.837276059002331
2026-01-11,15.78,0.11,6.76,0.0,51.97,2.57,15.53,1.3389743805240981,2.833630641415115
2026-01-12,16.51,1.67,7.79,0.0,61.06,1.74,4.8,1.2622155530431425,1.9448383104986087
2026-01-13,20.1,3.79,11.11,0.0,58.4,1.52,15.55,1.6436108859455127,2.4556136487965943
2026-01-14,22.41,5.33,13.14,0.0,52.91,1.68,15.57,1.9481088237552997,2.8232485127972087
2026-01-15,22.29,7.99,14.2,0.0,61.0,1.12,12.87,1.7455091597005634,2.198218759444206
2026-01-16,21.79,10.45,15.03,1.06,66.85,0.95,9.28,1.4974101226076222,1.8274934791324215
2026-01-17,18.63,9.46,13.52,6.54,82.82,1.67,8.36,0.8766153544770059,1.5577842965817739
2026-01-18,20.95,7.2,13.26,0.17,80.61,1.91,13.66,1.2766918289651104,2.1623674144747818
2026-01-19,13.26,3.65,8.43,0.28,78.97,6.24,8.47,0.6559836413579102,1.8392624777049125
2026-01-20,3.29,-1.31,1.25,4.9,74.11,6.3,1.49,0.27799902078517347,0.997287513160794
2026-01-21,5.31,-3.61,0.32,0.55,64.13,4.57,3.63,0.5029112384119243,1.602578446312124
2026-01-22,7.31,-3.56,1.1,0.02,60.77,2.69,9.24,0.6328394358701487,1.682703379369483
2026-01-23,10.36,-2.37,3.82,0.0,60.94,0.6,12.0,0.7758980906967357,1.2303232443577017
2026-01-24,13.32,0.73,6.49,0.0,70.07,0.97,8.12,0.8731769687360317,1.3256687102909592
2026-01-25,20.39,2.71,10.19,0.09,76.43,1.82,8.15,1.4807377952396439,2.0968347060042483
2026-01-26,10.47,5.18,7.84,2.81,85.98,2.48,2.91,0.35764943009496486,0.8001027852992947
2026-01-27,12.43,1.83,6.59,0.09,76.33,3.21,3.92,0.722923743430074,1.579603507249193
2026-01-28,13.0,-0.04,5.57,0.04,78.47,1.84,9.43,0.8061448895623421,1.5493739617198055
2026-01-29,13.83,4.13,8.49,0.22,80.53,2.07,3.93,0.6977218895645798,1.2471109152501403
2026-01-30,8.45,4.2,6.41,3.58,86.65,3.58,2.7,0.27550026996618826,0.7565959957818844
2026-01-31,10.28,1.28,5.08,1.49,79.27,2.93,4.4,0.5733366454869454,1.3662541216816417
2026-02-01,12.07,0.28,5.14,0.03,76.68,2.01,5.98,0.7532890082979596,1.469720552934276
2026-02-02,13.72,0.18,6.19,0.0,71.6,2.12,15.51,0.9266965606686417,2.0914648489480983
2026-02-03,16.63,0.65,8.67,0.0,70.49,1.53,8.06,1.1392833189936575,1.7381525200925618
2026-02-04,20.01,6.0,12.58,0.35,69.29,1.47,6.96,1.357646828352403,1.8928684916973693
2026-02-05,17.06,9.1,12.54,1.56,84.31,1.18,4.87,0.7326940184855575,1.2106474984417062
2026-02-06,13.52,3.44,9.64,7.69,84.51,4.42,1.94,0.5393411372750616,0.7987034898225213
2026-02-07,11.47,1.56,5.46,0.01,73.48,4.6,8.88,0.7158388767704742,2.1480654564732493
2026-02-08,10.2,-1.55,3.69,0.0,56.91,4.14,18.49,0.8340921312134062,2.7662941280425932
2026-02-09,6.28,-3.33,2.14,5.06,79.14,1.74,5.53,0.3988367435635478,0.9147796956909949
2026-02-10,12.46,2.61,6.79,0.87,84.17,1.25,2.69,0.6249451825375065,0.8112004844713016
2026-02-11,16.29,2.4,7.58,0.04,70.11,1.86,11.74,1.1763319587351477,2.279594799951214
2026-02-12,18.32,3.11,10.18,1.24,61.16,0.99,11.44,1.3859781128914146,1.987204949622041
2026-02-13,20.33,7.39,13.24,2.98,82.47,1.84,5.49,1.1618012544993552,1.6883702314873965
2026-02-14,24.68,10.49,17.22,0.26,69.17,1.87,13.68,1.8279747726600606,2.983228726644642
2026-02-15,26.54,11.84,18.68,3.52,72.92,1.56,13.14,1.9358370353700411,2.8082252170351274
2026-02-16,13.33,3.35,6.63,14.53,81.23,6.53,1.84,0.7369673416106366,1.9381786480850605
2026-02-17,10.44,2.86,5.91,0.02,77.82,2.64,7.63,0.554442006936382,1.544055673406926
2026-02-18,14.39,0.64,6.78,0.0,76.65,1.46,8.33,0.909263268732291,1.5964697253581561
2026-02-19,13.41,3.66,8.04,1.47,76.16,1.12,4.7,0.7359672604286626,1.194404663483332
2026-02-20,16.9,2.93,8.0,0.05,79.91,2.45,12.54,1.0855126118419367,2.3301372977897215
2026-02-21,23.9,2.2,12.9,0.0,77.44,2.49,16.28,1.8607101563308186,3.1836214736091057
2026-02-22,26.48,12.42,17.78,0.0,65.03,2.59,16.12,2.2234457684646163,4.175786050113985
2026-02-23,26.94,11.12,18.5,3.06,73.19,2.39,10.22,2.056996741535203,3.1133271552229362
2026-02-24,16.66,9.98,13.2,31.83,86.2,3.11,3.35,0.591488484960083,1.1621709273393273
2026-02-25,16.32,8.29,12.27,1.95,82.04,1.59,8.95,0.6960399031780438,1.6163029570549592
2026-02-26,16.94,11.32,13.22,18.58,90.96,1.69,2.09,0.5498524527702937,0.7765326353521181
2026-02-27,16.24,8.93,12.16,15.57,81.63,2.84,6.0,0.7052493363925707,1.6986551429763872
2026-02-28,17.66,9.48,13.29,4.13,89.24,2.12,4.83,0.6632901343725108,1.228109489499416
2026-03-01,19.64,12.12,15.29,40.19,92.81,2.58,3.83,0.6755812931606493,1.1224528060506278
2026-03-02,16.48,7.4,11.21,0.16,77.3,3.59,5.76,0.858391368887665,2.0719029037586782
2026-03-03,15.95,7.47,10.9,0.99,74.85,4.35,9.52,0.8636957189488856,2.5502340984424747
2026-03-04,13.48,7.53,10.06,0.58,82.92,2.5,6.77,0.532533107827273,1.5091996273327124
2026-03-05,17.05,8.62,11.92,0.03,78.55,2.17,8.37,0.8659837436217825,1.9842873456551535
2026-03-06,15.07,5.73,10.2,0.0,75.48,3.55,15.51,0.8016223505245826,2.522241263961061
2026-03-07,18.34,6.77,11.73,3.05,76.42,4.28,16.6,1.0865437931863169,3.1225494793866595
2026-03-08,16.51,8.38,11.73,6.11,82.19,2.76,8.93,0.7564147567885917,1.943581981842947
2026-03-09,17.22,8.15,11.98,3.78,76.64,4.23,6.49,0.907388671322128,2.3426249201856404
2026-03-10,19.0,4.58,11.83,0.01,65.39,1.91,21.33,1.3425840164499951,3.246989329413167
2026-03-11,21.95,5.31,13.63,0.0,63.8,1.61,22.78,1.6818335730091731,3.55521685714489
2026-03-12,20.39,9.05,13.64,0.0,68.8,4.32,22.2,1.386573070153499,4.291244363538016
2026-03-13,18.94,5.74,11.94,0.0,64.84,2.52,22.5,1.3574203133747287,3.6604437353444603
2026-03-14,24.49,5.13,14.54,0.0,66.36,1.31,23.15,2.0571104111354184,3.7189868352066693
2026-03-15,17.79,9.48,13.08,0.77,75.62,4.33,13.42,0.9232705263772367,2.8968337630163514
2026-03-16,18.46,9.4,13.2,7.29,83.73,2.95,6.2,0.8715797863143542,1.8932468733787269
2026-03-17,23.19,10.15,15.89,1.86,82.23,2.29,7.14,1.3866833016499012,2.2407294255295733
2026-03-18,14.55,9.88,12.13,9.72,83.06,2.68,2.26,0.4873932836672572,0.9995362191394154
2026-03-19,18.3,7.06,12.63,2.56,75.31,2.42,7.08,1.0421105194478608,2.0886874704326694
2026-03-20,14.88,8.24,11.68,15.85,85.1,2.18,1.68,0.5261946147331811,0.7462865884245472
2026-03-21,19.32,7.15,13.65,0.32,80.51,1.23,10.74,0.9996250849888921,1.9480550887178434
2026-03-22,19.3,11.88,14.92,19.98,88.4,0.8,3.01,0.7440239312510142,0.8235367295654614
2026-03-23,20.24,11.1,15.67,15.7,89.72,1.69,3.42,0.7736042898536197,0.971003786349075
2026-03-24,20.57,13.74,16.3,30.99,87.71,2.33,3.74,0.8067915065240059,1.3753430565843086
2026-03-25,22.6,11.9,17.07,3.03,80.25,1.17,12.66,1.2147628363487744,2.4256902526514064
2026-03-26,21.08,14.1,16.61,26.01,87.81,2.2,2.69,0.8501669246251864,1.2248683153644477
2026-03-27,23.34,13.18,17.58,0.58,81.79,1.82,10.93,1.2587254185082126,2.4989557677702217
2026-03-28,22.11,13.41,16.82,1.48,82.87,1.86,8.05,1.1000708980130516,2.142974847354374
2026-03-29,23.06,12.38,17.67,11.4,85.39,1.15,9.33,1.1110066141091492,1.967947308024153
2026-03-30,26.22,15.24,20.63,8.2,83.45,3.6,6.34,1.4054169711452877,2.419344083580176
2026-03-31,15.26,11.14,14.03,15.42,87.79,3.54,2.92,0.32783481938316905,0.7552768931899461
2026-04-01,23.6,9.98,16.12,0.01,76.05,1.07,23.44,1.574788572178926,3.7010457977960605
2026-04-02,22.08,12.19,16.71,9.41,81.96,1.93,4.69,1.1224418662043372,1.657383999627693
2026-04-03,22.28,13.88,18.15,21.25,88.89,2.86,3.18,0.8524389125901084,1.1882747787155556
2026-04-04,24.65,11.33,17.44,0.01,77.45,1.12,16.09,1.6084771417714134,3.032272001835152
2026-04-05,24.21,11.21,18.14,13.07,84.27,1.34,20.16,1.28317224757203,3.303011257298959
2026-04-06,21.52,16.88,18.96,6.39,89.76,2.86,4.99,0.6038919229178914,1.4290726028935827
2026-04-07,25.86,17.32,20.96,0.71,83.48,2.7,13.9,1.2942607004804039,3.185342900567096
2026-04-08,29.1,16.54,21.95,2.84,84.08,4.75,5.46,1.8342313710078884,3.0336842604036707
2026-04-09,32.32,20.95,25.79,9.37,81.15,5.68,14.46,2.191049429389937,4.885501964794725
2026-04-10,29.26,18.9,23.21,17.7,81.5,2.23,10.04,1.7880841619392207,3.023461396544144
2026-04-11,27.26,18.29,21.97,41.03,89.79,3.27,3.38,1.2570850212106097,1.6794875410499288
2026-04-12,28.4,17.58,22.54,1.5,82.08,1.56,4.52,1.6659808672950014,1.7673267391196295
2026-04-13,26.37,17.66,21.27,3.86,86.12,2.39,4.65,1.273663738460709,1.8365523596303701
2026-04-14,23.19,17.25,19.55,5.08,87.48,2.1,5.55,0.8632603817905833,1.6973548781133505
2026-04-15,21.95,16.42,18.68,1.19,88.5,2.16,4.74,0.7395143283586916,1.4463003489711732
2026-04-16,23.93,16.24,19.53,23.81,91.0,1.65,3.53,0.9113042386122778,1.134512832276112
2026-04-17,25.65,15.37,20.56,0.03,83.01,1.74,11.23,1.3088823333066308,2.567535516784811
2026-04-18,27.35,16.01,21.71,0.01,75.45,1.57,22.94,1.7271155674641505,4.363667814728711
2026-04-19,29.74,16.66,23.21,0.0,67.96,1.04,26.32,2.3006311931108065,4.979091323220395
2026-04-20,27.89,17.8,22.15,1.23,73.7,3.73,14.99,1.81314118398727,4.325817297853872
2026-04-21,24.57,16.44,20.28,36.26,89.25,3.2,2.38,0.9723929884537155,1.230707659030452
2026-04-22,19.44,12.12,16.34,14.43,85.54,2.68,3.33,0.6763596072906821,1.0919658363192317
2026-04-23,18.55,10.76,14.31,0.72,84.38,1.56,6.09,0.7713634682185055,1.5346571781779106
2026-04-24,22.6,11.51,17.11,0.01,80.1,1.24,15.83,1.2057689409316932,2.8817496710610446
2026-04-25,25.23,13.35,19.97,0.0,68.58,0.9,21.2,1.6477636582225321,3.8171837780764846
2026-04-26,28.81,15.92,22.32,0.0,68.29,1.53,25.13,2.1505749138032293,4.945668794702472
2026-04-27,30.42,17.39,23.84,0.72,69.37,1.52,19.88,2.3551916664535204,4.450903127225796
2026-04-28,25.74,15.68,21.36,22.12,86.69,2.34,8.53,1.119572406468878,2.074612236100639
2026-04-29,15.92,10.36,13.45,17.54,83.3,6.6,5.57,0.5299477010213016,1.6748435714452614
2026-04-30,21.71,8.08,15.0,0.01,73.88,1.9,26.5,1.3802500752875193,4.14848828875838
2026-05-01,25.31,12.33,18.94,0.0,65.68,1.5,27.54,1.8102476483121335,4.816624400619697
2026-05-02,27.01,17.89,22.13,11.11,84.78,3.3,10.46,1.322994245913537,2.8596626666275435
2026-05-03,24.4,15.78,19.14,5.87,76.29,3.01,18.32,1.3986788420717196,4.055460551470272
2026-05-04,26.06,14.67,19.77,0.02,66.58,1.07,21.63,1.9066751389527337,4.139555085097233
2026-05-05,28.18,14.94,21.46,0.0,70.8,1.61,25.91,2.0564449392309205,4.98129871477455
2026-05-06,29.37,15.47,22.73,0.02,75.93,2.1,26.38,2.0436606988719577,5.156732643550848
2026-05-07,27.71,19.65,22.43,8.64,84.72,3.62,3.26,1.4242098925175926,2.2206391683165334
2026-05-08,24.51,14.92,19.59,1.13,76.34,4.26,10.11,1.371141725040607,3.309953662653492
2026-05-09,24.23,12.31,18.43,0.63,76.02,1.38,11.47,1.4555714817190286,2.647610337204649
2026-05-10,24.86,15.7,20.33,0.02,82.42,1.48,19.92,1.2012703388988195,3.6471441303409247
2026-05-11,28.11,16.43,22.33,0.0,79.47,1.67,18.82,1.6996430176887225,3.8897195119066126
2026-05-12,27.3,19.8,23.61,0.16,81.18,1.24,9.74,1.27723363883833,2.4438203115401
2026-05-13,27.84,20.45,23.72,25.69,83.99,1.74,5.16,1.3018110385384958,1.8142320113209136
2026-05-14,28.73,21.05,24.06,4.39,87.45,1.57,11.56,1.3444555590547265,2.8126201139063616
2026-05-15,29.98,19.22,24.76,0.44,82.4,1.94,16.04,1.6941078694174143,3.636418310478651
2026-05-16,29.95,20.81,24.9,0.02,77.0,2.71,12.41,1.8488522491453288,3.7387389655469314
2026-05-17,29.98,19.3,25.03,0.03,76.95,2.39,15.74,1.8354668694433416,3.8915358622322804
2026-05-18,30.19,21.64,25.66,0.3,80.06,2.58,16.11,1.691969178863654,4.02726819131987
2026-05-19,28.05,22.0,25.18,14.01,87.7,3.16,8.12,0.9866049319806058,2.262942703671313
2026-05-20,28.23,22.13,24.87,13.96,85.05,2.07,7.23,1.1723773399304696,2.244310175531979
2026-05-21,28.82,20.62,24.51,7.67,86.31,1.6,6.62,1.321878185384684,1.9708477258216646
2026-05-22,30.91,23.02,26.79,24.8,88.25,2.81,9.01,1.3820827899934072,2.610929283117316
2026-05-23,31.45,24.45,27.57,7.35,87.73,2.66,14.0,1.3937194629491176,3.4777464625589047
2026-05-24,32.81,24.6,28.31,5.97,85.32,3.66,13.65,1.7211679298436149,3.867106094744577
2026-05-25,33.02,25.4,28.94,3.0,83.47,4.01,20.16,1.7276329694448394,5.0051137885483055
2026-05-26,31.28,24.04,28.3,6.61,89.09,3.56,13.77,1.1452079920209917,3.078927821777544
2026-05-27,31.94,22.74,26.68,21.34,86.5,1.85,7.31,1.7277894885477227,2.3898357534748076
2026-05-28,31.57,21.7,26.18,2.29,82.09,2.07,8.93,1.881590223311496,2.8769917342056197
2026-05-29,30.16,21.86,25.82,0.06,75.62,2.92,13.36,1.8179774033775575,3.9857495933596865
2026-05-30,29.34,19.81,24.62,0.12,76.19,2.08,12.66,1.7511162046665611,3.416588418538955
2026-05-31,30.72,20.95,26.19,0.0,73.52,0.75,11.13,1.9588033903938156,2.795458822570326
2026-06-01,31.26,23.17,27.47,0.0,75.69,0.86,15.62,1.8090110754644178,3.6128060781649616
2026-06-02,33.5,23.64,28.95,0.49,73.07,1.0,21.73,2.3138561640584756,4.902017033667498
2026-06-03,32.97,24.52,28.67,11.29,83.36,2.26,11.53,1.7699335030221977,3.2724450312072597
2026-06-04,30.24,25.5,27.5,57.18,84.84,1.57,13.26,1.2050459336435448,3.2531296248032024
2026-06-05,31.84,23.82,27.73,1.85,81.88,2.13,16.02,1.7010654597204082,3.9683282953115326
2026-06-06,30.6,23.79,27.03,6.98,86.04,1.58,11.96,1.342287100516225,2.9641073984858246
2026-06-07,31.36,23.22,26.86,0.46,82.64,2.47,18.54,1.7021519132626919,4.416785562687701
2026-06-08,23.65,18.72,21.44,3.16,84.7,5.21,5.14,0.7652016635398646,1.9477345673702717
2026-06-09,25.45,17.12,20.93,3.07,79.64,3.77,13.64,1.3085774362218263,3.5345422974536596
2026-06-10,27.96,16.35,22.66,0.01,75.43,1.98,24.37,1.7380878871631769,4.7872999760690105
2026-06-11,30.28,19.73,25.31,0.0,66.64,1.22,24.69,2.197864047193399,5.152630304273039
2026-06-12,29.15,21.5,25.05,1.49,68.82,0.8,9.38,1.8960371243761593,2.622902256615015
2026-06-13,24.61,20.06,21.68,32.08,92.64,2.37,3.37,0.6907139989910598,1.1634484685759672
2026-06-14,29.56,18.14,23.56,0.21,82.48,1.64,11.48,1.7741472410737416,2.962514752454578
2026-06-15,29.78,19.42,24.68,0.01,80.68,1.97,22.66,1.7165260142610594,4.6861814781120295
2026-06-16,30.57,21.98,26.14,0.0,82.16,1.42,21.48,1.629927088282293,4.546235934167534
2026-06-17,32.09,22.31,27.39,0.01,78.62,0.91,22.81,1.9644712859572357,4.844978482888403
2026-06-18,30.5,24.16,26.83,2.8,86.66,2.67,10.96,1.3209226585060243,3.035394537189151
2026-06-19,28.35,24.09,26.14,21.47,90.72,4.54,5.03,0.7811604335698816,1.7341579898585975
2026-06-20,31.22,24.17,27.62,17.61,88.17,2.53,6.35,1.2993422614961725,2.069097752520345
2026-06-21,29.79,24.86,27.37,6.07,91.37,1.64,15.43,0.8644165027077704,3.30095214937133
2026-06-22,30.87,25.39,28.0,7.55,88.49,2.24,16.52,1.123754959286829,3.721070445979911
2026-06-23,31.02,24.62,28.17,23.06,85.83,0.94,9.04,1.2343535178242426,2.3061509700293965
2026-06-24,27.92,22.13,24.61,11.53,91.26,2.27,5.65,0.9410043768588316,1.687736742874438
2026-06-25,30.34,21.12,25.67,1.36,84.27,2.05,13.16,1.5793411059585756,3.259706550128655
2026-06-26,29.81,22.11,25.48,0.13,79.72,2.49,14.81,1.6373265709430678,3.876010766798767
2026-06-27,30.98,22.19,26.39,0.01,77.97,1.48,18.02,1.8370952945410726,4.1606022955461714
2026-06-28,30.82,23.2,27.09,0.0,76.76,0.93,19.61,1.7195156094097181,4.275217078487654
2026-06-29,30.7,23.92,26.85,12.94,86.35,1.57,8.37,1.3765375080684423,2.404111046283202
2026-06-30,30.52,24.3,27.08,22.91,89.92,1.28,5.62,1.1560143823267937,1.6344277549682735
2026-07-01,27.89,25.07,26.05,46.9,95.43,1.0,4.58,0.5443514563817526,1.1830514341023655
2026-07-02,26.79,24.58,25.56,6.67,95.85,0.89,3.78,0.3858079839104809,0.9399250547002124
2026-07-03,28.59,24.07,26.16,6.83,94.78,0.82,17.15,0.7003047337155905,3.5043663924420265
2026-07-04,31.08,25.32,27.74,8.17,89.64,1.75,17.58,1.1872562753163023,3.8919438948002845
2026-07-05,29.54,24.99,26.93,9.44,92.63,1.98,10.29,0.84767149889033,2.4586447214875036
2026-07-06,31.25,25.28,27.72,7.43,87.84,2.31,15.23,1.2974452610601683,3.6500094532888405
2026-07-07,29.63,24.58,26.86,16.07,89.32,3.22,15.98,1.0011298909153115,3.550940239772977
2026-07-08,28.57,24.47,26.2,8.83,93.8,1.94,9.46,0.7205126124154391,2.225652629356866
2026-07-09,29.82,24.85,26.85,3.85,93.0,1.35,21.11,0.9244608208450651,4.295623189952234
2026-07-10,33.1,25.23,29.31,0.3,83.91,0.9,24.87,1.6650671713296168,5.352138342116253
2026-07-11,32.94,25.84,29.25,0.79,86.1,1.56,20.99,1.526619965681781,4.685991938006638
2026-07-12,32.64,25.57,28.99,8.98,85.45,1.45,8.09,1.5220458588421213,2.3735701953610673
2026-07-13,29.53,26.08,27.46,6.65,95.07,1.62,19.53,0.6515854254305649,3.9588919716639546
2026-07-14,33.85,25.68,30.05,1.43,85.49,1.21,23.44,1.6633785009443418,5.162930712196479
2026-07-15,32.71,26.55,29.67,0.93,84.96,1.66,21.13,1.4272502600204278,4.7430702660287904
2026-07-16,32.28,25.52,29.04,1.81,85.41,1.79,22.49,1.4130460563365395,4.883725559468527
2026-07-17,32.8,25.92,29.27,3.44,86.68,2.03,23.34,1.4606111722847581,5.089570004437283
2026-07-18,32.31,25.95,29.04,33.13,88.77,1.64,16.78,1.2879803492749144,3.8134177935203977
2026-07-19,27.64,25.61,26.5,160.52,97.23,1.57,1.25,0.33798992897279545,0.40590524556654783
2026-07-20,29.04,25.53,26.77,19.14,93.82,1.52,17.25,0.7204781721200755,3.579334315446451
2026-07-21,27.81,24.87,26.21,11.61,95.05,1.15,8.98,0.5058126630605586,2.0389864606000128
2026-07-22,31.14,25.0,27.59,15.31,90.03,1.59,18.92,1.2164422173182348,4.0794496943170975
2026-07-23,29.64,24.95,27.32,3.53,90.56,1.45,18.36,0.8715153658178307,3.8124038772338835
2026-07-24,33.0,25.41,29.29,0.96,82.83,1.03,23.99,1.6687079670042873,5.1940570464286555
2026-07-25,33.61,25.81,30.0,0.78,81.53,1.06,23.9,1.7569998414792107,5.261086894358449
2026-07-26,31.09,25.52,27.76,3.63,90.8,0.99,12.35,1.1382934563739702,2.8778765096744725
2026-07-27,28.81,25.17,26.74,4.38,93.96,1.8,12.53,0.667436718615217,2.7140212802167474
2026-07-28,29.05,24.82,26.65,4.59,92.02,1.37,16.77,0.8115541894473512,3.496179787530452
2026-07-29,29.55,24.28,27.01,1.82,90.71,1.03,12.67,0.9080240905125909,2.7988618083617456
