year,month,ndvi,evi,lst_day,lst_night
2001,1,0.013267427036263432,0.013127478903622015,-23.609615762292577,-33.23423728800776
2001,2,0.009460432877964702,0.009004099641248348,-13.463633287397272,-27.711035751932144
2001,3,0.1105467687523636,0.045477712220442036,1.4727289528661913,-10.139191183280616
2001,4,0.20450153725030154,0.09704133245315412,20.679229242888653,-2.381566212045186
2001,5,0.26971274885667584,0.13798999348538235,29.80683803564625,6.972505068931184
2001,6,0.43112989614416886,0.2410922509921477,38.66694680155865,15.112718920839086
2001,7,0.7324903055974522,0.44913118767431437,31.632496578429766,19.717936013835185
2001,8,0.7116716127417437,0.442366017178069,27.39930019509177,15.369776404643801
2001,9,0.38996583869762236,0.20877277328746463,21.731022039269135,6.042330529652304
2001,10,0.24695683875433005,0.13884650427256529,15.91161515725912,-0.6349097119887119
2001,11,0.22012799546204326,0.10631482059887311,2.555329354113553,-9.941202236286813
2001,12,0.16225152799375736,0.08732967624068726,-7.80879043971845,-22.830258971799793
2002,1,0.024739731761354366,0.023529391767765404,-14.858405961773315,-23.88896412291396
2002,2,0.1150383344017151,0.05921031823198082,-2.3316863835512436,-16.257045807860663
2002,3,0.20033369316095168,0.10001460627701547,16.404686054719207,-6.507289445060508
2002,4,0.21277962129698072,0.10422033194997274,18.91859664468211,-0.9829898110473323
2002,5,0.289645981685524,0.14442989362981254,33.57723055414169,9.576529346311588
2002,6,0.5408861913320386,0.29448522833643714,32.67246390677525,15.194712760441291
2002,7,0.8015811843736801,0.5158383914592574,29.54957547871942,18.651129242742115
2002,8,0.754962117500465,0.47568126113653325,24.16718319027325,15.431698279604177
2002,9,0.4839663781463326,0.269017178939198,22.522790030794226,8.122736235086904
2002,10,0.27540155778964676,0.14558299342160594,9.272932774715173,-4.661735741677262
2002,11,0.14118432828486882,0.08286050785062057,-4.1843921081803614,-16.328789936486373
2002,12,0.12232889822713248,0.06945590645558516,-13.393632276908647,-22.65007988055703
2003,1,0.14095985121984872,0.08048182835144013,-12.663215254632405,-23.15818494484074
2003,2,0.17778729066594892,0.09419387316692568,1.1196910893718268,-16.22063076712908
2003,3,0.20745120466068898,0.10201243369540672,15.75009324021022,-7.115580557726275
2003,4,0.21940843738240548,0.1069103485040354,21.701691699922208,-0.945467468005063
2003,5,0.26652071389998916,0.14154351883171848,30.350795529696597,5.999028002957402
2003,6,0.5750052158170883,0.31357425196562616,32.16503607475738,16.426809959502805
2003,7,0.7648167077415556,0.5376359413589351,26.151906890458008,17.8567483511448
2003,8,0.7334333998225255,0.46673128902454275,23.437866114089957,15.124933293953404
2003,9,0.4966023894542494,0.2657775780576549,19.42760591123863,7.863736640678951
2003,10,0.29406899924122676,0.14284306028961916,10.63670544694827,-0.8309365636608277
2003,11,0.21465398930832014,0.10132768621108165,-1.6453240121131785,-12.124665971188222
2003,12,0.018812743117886443,0.017879118907438808,-13.863144222729261,-22.856049116455296
2004,1,0.01932024768078959,0.017928032390966412,-15.585252203517825,-25.460392641885306
2004,2,0.020504084043488413,0.018157636461308933,-10.425610380037199,-21.88363335417344
2004,3,0.20800038928407555,0.10045138576067951,8.320126987050003,-7.64105368609296
2004,4,0.223032836440531,0.10124315960563705,22.83257294016397,-1.1409517741154218
2004,5,0.2878109837774186,0.13847727585107575,29.29619356735691,6.937664700338416
2004,6,0.46691474377533726,0.25210018828035574,35.15801936542988,16.14583365256226
2004,7,0.7987501755132175,0.5693624459491522,26.964110765617704,18.685845370116738
2004,8,0.7095234048322175,0.4398246427442398,25.64993813187681,15.59693898375707
2004,9,0.4831566218918476,0.2555511484128285,21.364508449801008,9.194339382267003
2004,10,0.24100271987515623,0.11495828426688065,10.877017055966007,-0.007386426572054461
2004,11,0.2228890344079393,0.10303984321830716,0.7849726506746038,-8.654607179282323
2004,12,0.09115649186298753,0.04768253732266642,-14.576763142796722,-22.11473149748872
2005,1,0.013079709892599958,0.012911577345024875,-18.462206439903326,-26.232811037800815
2005,2,0.00930202003618354,0.008900945144815106,-14.036819457165734,-27.35408763516739
2005,3,0.20018528352883808,0.09014821172061767,6.751331503311064,-8.06646467567947
2005,4,0.2153120948812355,0.10273752759342149,17.738479426155266,-2.312639832417574
2005,5,0.2891336204364425,0.15319855410723768,28.69704548014414,5.78276417481095
2005,6,0.6001233826768458,0.357129540623452,31.012277690364158,16.649733033984603
2005,7,0.7829480545197862,0.5673442897990245,26.61852159396591,18.77917382691828
2005,8,0.7146785917430741,0.4662954463836869,23.726025786275045,16.775645638653316
2005,9,0.4978165625737828,0.2583356608319166,20.97040950178956,8.99956058203378
2005,10,0.28412598418109675,0.1473361399801343,11.988287267892645,0.2922542133141519
2005,11,0.2267988650637531,0.11187922976430881,1.6669902501898264,-10.692981098558164
2005,12,0.04330077833326117,0.03692013704651674,-17.273651453914226,-25.71760122114884
2006,1,0.024493034290243132,0.02313147035596862,-17.948636922734806,-28.96174924768829
2006,2,0.11301061980230323,0.06178693358028761,-7.61876519629709,-21.77846433833318
2006,3,0.191330783722926,0.10138804687004073,10.862736854073603,-10.501885942608851
2006,4,0.2042225312023825,0.10216777421007417,19.14323663278236,-4.3298299443916335
2006,5,0.2856337698856725,0.1474005775035228,32.70308059901856,7.958225776052075
2006,6,0.5057609610357909,0.26526373032609074,29.88826057717455,14.605667512634625
2006,7,0.7800344778462012,0.5203776099718576,29.016913548415914,18.359209316290617
2006,8,0.7459942386691496,0.48460301034732206,24.898880949915622,16.40974294159156
2006,9,0.5349729597155711,0.28328658693259184,22.263178389119844,9.886863482354329
2006,10,0.2850138418150087,0.14347518614614124,11.306081269557808,-2.9450394742059984
2006,11,0.23335406148172852,0.11757738039983213,-0.8229337782797757,-12.135904233259453
2006,12,0.11445679555975442,0.07329481764107619,-10.665855350129561,-19.671333005249267
2007,1,0.1308343072053801,0.07532933762587528,-8.30793788277009,-19.992699186305515
2007,2,0.08699288620957057,0.053851499095646335,-3.007161521289845,-15.611551013153758
2007,3,0.19146013310143048,0.0856277816358506,5.524815150610493,-8.889097626190619
2007,4,0.22263042124835133,0.10057945258585682,18.886081350556992,-0.48880662742863024
2007,5,0.3139827950882142,0.1620036928243182,28.021047852580637,7.151509992088506
2007,6,0.5287005050011326,0.3030556463785281,34.75807530311715,16.78034479029037
2007,7,0.7942805082847483,0.5611858736360437,27.46732478094225,17.725129039020203
2007,8,0.741577273919981,0.47629587739651447,26.065591160744646,16.298083045406088
2007,9,0.5678297097744628,0.30620863065315,21.707164354749807,9.794306042310438
2007,10,0.27795586842588477,0.1507439519579964,11.498586270935164,-2.307094776976669
2007,11,0.23644997953283106,0.12085806502644847,1.7487675241147258,-12.155476178316519
2007,12,0.1912815016639764,0.09460792785082592,-6.710998036759804,-19.715643219706635
2008,1,0.028615359692417533,0.026257138410839338,-16.889960726535094,-27.116955875320258
2008,2,0.1320294776673363,0.07585818812618161,-1.4016344272718015,-19.58227117922354
2008,3,0.20242796099411287,0.09785596153828899,15.297889393904711,-5.991391789604393
2008,4,0.23166961623167315,0.1144421105753698,22.801269022959957,3.420684147384577
2008,5,0.26042845209255316,0.1341130257010115,29.289552401671244,7.948203365134873
2008,6,0.5452622971336312,0.3102774232212214,38.05204678716598,17.45514529925447
2008,7,0.8248952176621144,0.6004081582780031,27.51908336946684,19.3826289407221
2008,8,0.7280383084073606,0.47746983389144143,26.24430316399105,16.255672509604096
2008,9,0.43763239685500915,0.249836812204753,19.558969265743315,6.292630832593659
2008,10,0.23747237132584562,0.12715719278150722,11.379513510754123,-1.8216863757679675
2008,11,0.15242877291660706,0.08603607130038236,-1.0120954634202235,-12.213899576617223
2008,12,0.11270713384687801,0.06969959770143626,-10.113489670500542,-19.98899683791265
2009,1,0.03417817081161229,0.03120597155537033,-15.872174539939124,-26.648553375049033
2009,2,0.09082371834051815,0.058244611284500196,-5.788427873245041,-21.391740875509385
2009,3,0.16362136680327846,0.08258884745505639,4.096748379797361,-10.72555448640668
2009,4,0.21809121409095342,0.10434056731560734,22.50785317099087,-0.23102872553488396
2009,5,0.2736101610070136,0.13512393126437916,34.417119921719575,8.156394330325327
2009,6,0.5214646634702653,0.2858186923559063,29.47067702070393,12.9765262276469
2009,7,0.791388040701278,0.541723999348078,26.665532959357677,18.3408661479927
2009,8,0.750664839227354,0.5022141551686021,24.878040864347383,15.132506102731043
2009,9,0.5439787282681199,0.2947211510515819,18.563384618594114,6.130538764378173
2009,10,0.2974521384732925,0.1657946195391367,11.559616825667888,-0.4400753181089385
2009,11,0.12648202702547437,0.07274503910620506,-6.371015048057984,-15.24286504747306
2009,12,0.016980812819206957,0.01680908231895481,-17.85434479741869,-27.75029716275108
2010,1,0.01737334918714428,0.016871529028405566,-19.311603793770416,-29.154104883433206
2010,2,0.014476044954012285,0.014186531130770522,-14.947594084110278,-27.851288034409464
2010,3,0.06520097048565124,0.03323732442902916,-4.442681581063425,-15.024210535519046
2010,4,0.19466541842078336,0.08571489271884078,11.334608209476187,-1.975966807892064
2010,5,0.27748427397109426,0.13583046607438978,26.87288481773419,9.889794238953584
2010,6,0.514717775288043,0.2814954417605134,37.51618469192721,19.94374543633046
2010,7,0.8029583703156162,0.559182139399674,26.79690148873226,18.200031981661425
2010,8,0.7405620017807388,0.49985074833439613,25.623387594274732,15.788809615917444
2010,9,0.4779343463542594,0.2803394220994926,20.910373991435392,7.875136552964989
2010,10,0.26275137162019413,0.15721447003187777,10.141945024820643,-1.6959750712634332
2010,11,0.2089068055718582,0.10799717616417816,-1.5869630818359042,-11.867152680226468
2010,12,0.021067944116581503,0.020089722103315617,-20.140431097410044,-25.94015459672528
2011,1,0.011271541244862397,0.011209613521318947,-21.153698939925505,-31.218342166641605
2011,2,0.015182271964538007,0.01422252349632563,-10.738159556628204,-22.123081026087647
2011,3,0.17295750595068546,0.08418352605500094,5.667400047349304,-8.036495576937341
2011,4,0.21835360099514933,0.10166311648051901,23.186609569426878,-1.9674719962127938
2011,5,0.2686274480751983,0.13597472130547536,26.071118958578836,6.941533066714783
2011,6,0.572203541651825,0.32325307710166445,33.110663380186566,16.80081867564104
2011,7,0.8190957198291838,0.6042197255079461,27.765492272145934,19.645692362512932
2011,8,0.7551319763349561,0.5022982488626117,25.01895796836186,14.765307690803866
2011,9,0.4555923145966704,0.2725383540689119,20.644934819607386,6.290567915487372
2011,10,0.2473532286616673,0.14020684256554464,13.07044746770822,1.002729610991537
2011,11,0.22243525666408748,0.1084515380712833,1.1177079034095527,-12.204828006482103
2011,12,0.1930793297084529,0.10015093747329272,-9.22687684973431,-22.542408866250184
2012,1,0.18196585665022125,0.09201189860641214,-11.766692278786877,-27.11102607891806
2012,2,0.1901477768124448,0.09755087953294735,-3.2620433486860634,-21.38655073830236
2012,3,0.17781466411473068,0.09184087735522835,7.324405212712634,-11.781578018577079
2012,4,0.2199293060641111,0.1005737490319625,22.16235852400689,0.12132413478303761
2012,5,0.3062666294110477,0.15034512519574977,32.81414844700839,8.46936189278432
2012,6,0.598274624070811,0.3559965536817894,30.52828604852317,16.62724562713379
2012,7,0.8156694383772721,0.5563420673825737,26.43447365426357,19.46554288954013
2012,8,0.7686724981963031,0.5027147882128714,26.184810979976874,16.106230431825338
2012,9,0.5196752439624476,0.30025621704084837,21.71187897216066,9.028276805220628
2012,10,0.24946808772461782,0.12540858652330514,9.353266955071831,-2.8901387763195316
2012,11,0.011066630366857521,0.010865825732555968,-11.094956459525235,-16.322979686015856
2012,12,0.00856692010718344,0.008723272336700425,-22.973077863630664,-30.190399696752763
2013,1,0.012846145151555598,0.012558220460997846,-20.398736223601787,-28.35257821388845
2013,2,0.010616620237725707,0.010645895094201916,-14.00155680316999,-25.14281937114771
2013,3,0.08662699967007072,0.03957402332863478,-2.160755147521911,-12.50622948192796
2013,4,0.21512105922807723,0.09872035594875046,14.269596234035077,-1.8555794934227947
2013,5,0.29846667737268473,0.15709978458519439,28.77906365815403,10.495680566574322
2013,6,0.6728780235412961,0.40754206316628455,33.50620656319194,16.765619901522996
2013,7,0.8116765421796619,0.6060846775257823,27.053012289274136,20.132918030862413
2013,8,0.746350848174364,0.4963646364100551,24.9874295216041,16.38363137612248
2013,9,0.48374145887679115,0.2915579179390854,19.191843519717338,8.503256089842353
2013,10,0.24342150509309787,0.1374045200230621,10.617209199805302,-0.5101509621415516
2013,11,0.11026844856573932,0.057966164905416326,-3.776668094023364,-9.604017136531297
2013,12,0.008683571935464195,0.00843741883350308,-15.683585989010908,-24.12671057911041
2014,1,0.012445450100587131,0.0119588137070983,-17.71632419229681,-26.498257536012858
2014,2,0.031886295597689865,0.025326036476718314,-9.791905255249503,-23.520667314912515
2014,3,0.1965722759608262,0.08675015619759283,10.027289848524958,-5.531196926426219
2014,4,0.21838895636728872,0.10225199639224543,26.34510152736715,2.272852649187371
2014,5,0.2909216141800602,0.14384786015494505,27.994179982292565,7.744639445164978
2014,6,0.6493486007304747,0.4091052327511519,33.43173148155347,19.043357421560586
2014,7,0.8139450828117286,0.6077821018955626,26.188074301608083,18.692008076581203
2014,8,0.7546727823856344,0.5047354134745939,25.204752880829687,16.49514970958961
2014,9,0.512343159301983,0.29087485881891556,20.66443408350011,5.982736058391254
2014,10,0.279436611436082,0.16342022433039344,9.38313876357688,-1.9656114054988052
2014,11,0.22591102903586352,0.11720820165919861,2.9759544378756004,-10.066552592912387
2014,12,0.021428348341672773,0.020542602300359456,-17.199793169182612,-25.864203199439345
2015,1,0.015873329494208416,0.014944920257273982,-15.923169527163509,-25.041416225613034
2015,2,0.021364316203483176,0.020070316992516213,-8.868231385219588,-21.06493620303334
2015,3,0.19338484037638523,0.08868628439741688,6.327797177872071,-8.019928161305643
2015,4,0.23015026090336532,0.11113849060857932,21.15767757929291,0.1451166068322891
2015,5,0.3156366249750085,0.1519020332206594,26.752557614079024,7.216656037011944
2015,6,0.6401491434184804,0.39518101884414175,31.362600643625683,16.666526836138985
2015,7,0.8109482393695888,0.5922635711013271,27.520397715215097,18.775595814996507
2015,8,0.774752597193521,0.5085065227559858,24.647035575844882,17.083240915920555
2015,9,0.4871702936976957,0.2880236107132017,20.25275327740104,8.489657233177752
2015,10,0.25922405288673817,0.1509170539066537,11.178729266541325,-1.5539544549740185
2015,11,0.19198919775216108,0.10788009110800599,-0.6625474143635302,-11.716097527163242
2015,12,0.013803486402183467,0.013373854651660912,-17.178258582476502,-26.074884288704055
2016,1,0.013364255480888381,0.012771722374544008,-18.86640827474494,-29.018204530599064
2016,2,0.06150274526333259,0.04346426688117359,-8.731898227993156,-17.749414841666436
2016,3,0.19035741682061733,0.09127063603222192,9.717070747462287,-5.881276547603193
2016,4,0.23047570912637502,0.09976733304881473,22.25477556852502,-1.4975681408163837
2016,5,0.28557435166654344,0.1472774275264217,27.212801288115315,9.93018029828869
2016,6,0.5985110498093212,0.3598318535658083,29.169492320821973,16.181316488413643
2016,7,0.8192044551184438,0.60340465473019,27.66459496124162,20.259724127404468
2016,8,0.7601598170252999,0.5059173012903737,27.021492595796303,16.74651611884417
2016,9,0.5378421887797145,0.30311787779663524,20.00926563986087,8.53483466903873
2016,10,0.24084671900302448,0.14387103150411004,7.370896881732335,-5.105762330288826
2016,11,0.018723304393485563,0.017456883768705807,-10.582481718169618,-21.467614418996618
2016,12,0.019662074584472566,0.018414329088863975,-14.066888958075822,-20.069521107303785
2017,1,0.019113692664166577,0.01818670273107473,-16.440691979910127,-25.887891050942613
2017,2,0.020307463720259867,0.01909675710285898,-8.84895244139392,-21.04426496155233
2017,3,0.20091819688217738,0.09783664194600185,9.50384882196937,-4.825478074400337
2017,4,0.24849240686337795,0.10820418069790097,23.359347997766974,0.353728229070839
2017,5,0.30914743508896325,0.15728974905923937,29.478601975905917,10.420653178797409
2017,6,0.621397723125506,0.38972335907566846,32.51929177330834,15.922934245562885
2017,7,0.8190458786200469,0.5866086387119551,29.21175039914897,19.38995763644101
2017,8,0.7702454823237393,0.5430735010815558,24.851005532522777,15.326194895885578
2017,9,0.512472519005342,0.31755530742704824,19.534738181739897,6.5056778507126864
2017,10,0.2588800428960137,0.1750017695482148,11.4646569951135,-3.5790212844601115
2017,11,0.1996798435530063,0.11386880133195275,-0.9410812680814047,-11.694787602045892
2017,12,0.05923074310692781,0.04020721301562528,-16.806199020772283,-25.877260782584898
2018,1,0.01744029098696039,0.016769457525039336,-20.195599462909342,-30.089714741877117
2018,2,0.027547491983058656,0.0245717002028693,-12.003000827985034,-26.266484668672405
2018,3,0.19533305407796434,0.09887718611098263,7.8184949540950015,-10.01484264910522
2018,4,0.22345402802128625,0.1061601240350522,22.29738054499046,-0.45132227940348457
2018,5,0.29436433111859456,0.15108377549928176,34.51776209858684,9.142150123091199
2018,6,0.5891703512023637,0.35033762565593873,32.85476381162471,17.561269975159973
2018,7,0.7928764049855817,0.5729620486804614,27.98651551343721,20.21774083968876
2018,8,0.7779647092323374,0.5385643139700327,25.384850329513768,16.43585516199397
2018,9,0.5559870631917452,0.32391930730581886,20.247318143773327,8.131877718436101
2018,10,0.32022737201171264,0.18916776951205688,13.344329457528318,-0.24360406881135077
2018,11,0.22168485747745087,0.13278146170696106,0.9682564378118172,-9.25986475293388
2018,12,0.1509496490067078,0.09127340924590625,-10.717582034747409,-20.89042569262773
2019,1,0.08718216105189845,0.06484427278092914,-11.43332630624667,-20.90083518738652
2019,2,0.1828776902686688,0.10876411571003414,2.949967819875951,-17.27607491416191
2019,3,0.20313942864417597,0.1012503146249391,14.309561648609417,-8.592290337923714
2019,4,0.21932379049526013,0.10483372925994894,23.221830579254686,-0.17048901269930639
2019,5,0.3196500474341949,0.15186433555173937,28.793395882737173,7.213337437934001
2019,6,0.6472201016602609,0.40063194899301224,30.359209448384775,14.199743136740551
2019,7,0.825902675463828,0.6284873998961893,26.829800733205673,19.904811420965245
2019,8,0.6989892349843754,0.4898470360070964,22.299497556916037,14.595706758364031
2019,9,0.5569581108252368,0.33264539120784614,20.356484808171956,10.119246719572914
2019,10,0.3059710442711319,0.1936496799093829,12.530336281940265,-0.44665550207832894
2019,11,0.23015867325075692,0.13478969465842142,-0.11277239225239555,-13.272561570073151
2019,12,0.023625929316483742,0.02176410405709255,-17.16715442817258,-24.82148682846551
2020,1,0.007037139341271761,0.006753475590632334,-17.781268411822168,-26.243592410043163
2020,2,0.010639016961062089,0.009999701401355452,-8.918606148173751,-21.411292150407718
2020,3,0.1506055212973998,0.07891398459047119,4.915058813819087,-6.53104413829999
2020,4,0.23953777882219526,0.113962955678799,24.275425592648332,1.8209824617511572
2020,5,0.3421564853948578,0.16883526127643847,30.055997801371575,10.182770234548343
2020,6,0.6584701264898465,0.4080293807632755,28.561290110361597,15.285624345960798
2020,7,0.8232320784327068,0.6282895200169534,28.680360256477,20.78388787695485
2020,8,0.7560106993823208,0.5063662685845892,24.163563876105115,17.110964020314952
2020,9,0.4576655949499986,0.2621775074501311,20.700857805251133,10.478142602120215
2020,10,0.2524718230555567,0.14027831067030566,10.655669484799319,-2.6593420943041792
2020,11,0.03231039408292936,0.02259020577092302,-4.856767571028456,-14.322823937294515
2020,12,0.01224534821818308,0.011299107319366342,-15.962054647260175,-24.190087083626537
2021,1,0.01987197654619062,0.019436067392397907,-18.870142064375187,-29.125123325511538
2021,2,0.009771133146602214,0.009609075628847752,-11.823738675640982,-22.453716853711995
2021,3,0.19533355071231376,0.10285805324380905,8.516799381429678,-4.413607137324107
2021,4,0.23071489177173476,0.11706891534926543,21.870688876261795,-1.6306469560782944
2021,5,0.33585001839917494,0.17413317300105327,29.998302563435914,8.607276930827993
2021,6,0.6682897228819731,0.43107782006114304,30.671455703696722,17.339153157077533
2021,7,0.8225287031361044,0.6117805520289064,28.07538258155023,21.535620415788856
2021,8,0.7615903176659977,0.5439398728455793,24.454715196151255,16.48576583724764
2021,9,0.5450533925799989,0.32168950278800595,19.398514577671676,8.337558696952954
2021,10,0.2756483024315042,0.1682809130168829,13.66261960103094,-1.0930361932549886
2021,11,0.06797671605127806,0.043031948132508505,-4.064936703213277,-9.613554611489008
2021,12,0.025252917179640576,0.022361084213008933,-12.67078684988536,-18.615326012057125
2022,1,0.01995518024858224,0.019037903528589112,-17.42701963470614,-26.421000195660667
2022,2,0.01655528663099482,0.015757775758512737,-10.304445130432612,-22.52540741090675
2022,3,0.18021900872212196,0.09991326564690917,5.795809388578903,-5.623513371430533
2022,4,0.2421170834498985,0.12005614773699545,18.94146395281075,-0.21765007839223927
2022,5,0.33061169429457665,0.16549201684804682,27.53822236033716,7.468003595445737
2022,6,0.655084662618557,0.4177514111277796,30.751615986617992,16.73257717917619
2022,7,0.8256151492237798,0.6316002388472822,27.972073336205654,20.524852613320093
2022,8,0.7885303728035977,0.5655962232580541,23.94558802296433,14.372314168835203
2022,9,0.5321978557268213,0.3048879951533511,19.35061621881738,10.052328955941562
2022,10,0.22838791433981556,0.13467193175827144,8.399615775266966,-2.878305117683908
2022,11,0.20234409449267818,0.11558897597876565,-0.8330153059063719,-10.047617449466031
2022,12,0.06487605557343082,0.046145241917122146,-14.559977143860124,-22.232123813213803
2023,1,0.028321009019388506,0.025937392214880436,-15.853211144476575,-25.62741584480824
2023,2,0.09571792339822975,0.06047336401932165,-6.083765928904654,-18.29042777928703
2023,3,0.19689713679378612,0.109332173634514,13.962155407223008,-5.365653124136031
2023,4,0.2201528048630734,0.10335304031488661,19.370205390292597,-2.5765216894091054
2023,5,0.32554067243579415,0.16143327859205553,29.92710088837208,8.030987770510194
2023,6,0.6489442062842176,0.414007456903376,31.238040333440892,19.27838057510195
2023,7,0.8403039625574799,0.630932344968513,27.281159004396727,20.445282242488986
2023,8,0.7859066465453572,0.5410497522948413,24.621550702474224,17.218016774460978
2023,9,0.5569871946106784,0.325863963018237,20.168769678266813,10.153512688257422
2023,10,0.3158657722282828,0.17847151139486253,13.58008816249145,0.2997665365303419
2023,11,0.021872940929238086,0.01494022724237506,-9.409161437615978,-14.509998391872614
2023,12,0.0006769889677790085,0.00027813210739066835,-17.835623372994206,-23.309741572755684
2024,1,0.0037261685128545468,0.003488406424223957,-18.667757461252705,-25.6152245578196
2024,2,0.016454043957210774,0.015294668253356762,-10.162483469678307,-18.547789983878772
2024,3,0.15451442681871155,0.08945194409302887,5.185371394483866,-6.154772806662606
2024,4,0.2331838791341205,0.11860884040643005,21.838950405172852,3.7727319438553195
2024,5,0.3337013318677953,0.17069918070983278,29.596038333169872,8.160665382787272
2024,6,0.6178247625917205,0.3509429715590931,26.44796419094581,14.388221585504368
2024,7,0.8362921228693149,0.6167364263266119,26.779884759689196,20.271688162608314
2024,8,0.8098118136284597,0.5799149815194088,25.131793355126888,18.74617895606866
2024,9,0.627546176123539,0.3969035891075955,19.668234503867552,8.84322720892851
2024,10,0.28341396625289655,0.17470009424013186,8.770239790499659,-1.9539252181846223
2024,11,0.21551343708840182,0.12294358018948101,-1.92159068509892,-10.034038760695807
2024,12,0.015845781745438617,0.014514841283039159,-15.660464812269083,-21.340506752047617
2025,1,0.017198500912276617,0.01608468570835162,-18.433607092580644,-24.535087060032424
2025,2,0.05290585396509962,0.03590109549212996,-12.08429039618295,-20.258519234759234
2025,3,0.1971648513284899,0.11120684625220434,6.263487768288201,-5.300879620645048
2025,4,0.22944510507027446,0.1091550566509655,17.591818683561087,2.464185327148755
2025,5,0.31730972971771826,0.1608660578234413,26.039009479052993,9.600258413210383
2025,6,0.7199239503906724,0.49615842987608233,27.226803814790344,19.262755050577084
2025,7,0.8453032129282483,0.6722444758087035,27.301099410439576,21.226201767779628
2025,8,0.8125672934420144,0.5651270704587233,23.884858933093767,17.57604904261717
2025,9,0.6005453779042623,0.37560319166791095,20.207724737794024,10.92339979141883
2025,10,0.32027265975717273,0.19427072087047131,6.6505216738080435,-3.5772530066797685
2025,11,0.23811054167786333,0.14827291293762884,-0.42509425393222955,-9.722673582006962
2025,12,0.12338567245233174,0.0750832917294944,-15.40051129335643,-19.296540612974468
