country,year,source,area_ha,area_flag,yield_kg_ha,yield_flag,production_tonnes,production_flag
Ghana,1961,FAOSTAT,1756000.0,E,236.4,E,415200.0,A
Ghana,1962,FAOSTAT,1800000.0,E,237.8,E,428100.0,A
Ghana,1963,FAOSTAT,1820000.0,E,235.1,E,427800.0,A
Ghana,1964,FAOSTAT,1848000.0,E,314.1,E,580500.0,A
Ghana,1965,FAOSTAT,1830000.0,E,227.2,E,415800.0,A
Ghana,1966,FAOSTAT,1350000.0,E,282.3,E,381100.0,A
Ghana,1967,FAOSTAT,1450000.0,E,292.1,E,423500.0,A
Ghana,1968,FAOSTAT,1300000.0,E,251.5,E,327000.0,A
Ghana,1969,FAOSTAT,1450000.0,E,285.7,E,414300.0,A
Ghana,1970,FAOSTAT,1451000.0,A,279.8,A,406000.0,A
Ghana,1971,FAOSTAT,1500000.0,E,313.3,E,470000.0,A
Ghana,1972,FAOSTAT,1450000.0,E,286.7,E,415700.0,A
Ghana,1973,FAOSTAT,1400000.0,E,245.0,E,343000.0,A
Ghana,1974,FAOSTAT,1400000.0,E,275.1,E,385100.0,A
Ghana,1975,FAOSTAT,1400000.0,E,283.8,E,397300.0,A
Ghana,1976,FAOSTAT,1300000.0,E,251.3,E,326700.0,A
Ghana,1977,FAOSTAT,1200000.0,E,231.2,E,277400.0,A
Ghana,1978,FAOSTAT,1200000.0,E,223.5,E,268200.0,A
Ghana,1979,FAOSTAT,1200000.0,E,234.0,E,280800.0,A
Ghana,1980,FAOSTAT,1200000.0,E,231.0,E,277200.0,A
Ghana,1981,FAOSTAT,1200000.0,E,205.4,E,246500.0,A
Ghana,1982,FAOSTAT,900000.0,E,225.0,E,202500.0,A
Ghana,1983,FAOSTAT,800000.0,E,210.1,E,168100.0,A
Ghana,1984,FAOSTAT,800000.0,E,208.4,E,166700.0,A
Ghana,1985,FAOSTAT,900000.0,E,216.0,E,194400.0,A
Ghana,1986,FAOSTAT,912000.0,A,248.2,A,226400.0,A
Ghana,1987,FAOSTAT,739371.0,A,254.5,A,188170.0,A
Ghana,1988,FAOSTAT,720071.0,A,342.6,A,246700.0,A
Ghana,1989,FAOSTAT,700286.0,A,421.3,A,295052.0,A
Ghana,1990,FAOSTAT,693249.0,A,423.2,A,293355.0,A
Ghana,1991,FAOSTAT,720898.0,A,335.4,A,241796.0,A
Ghana,1992,FAOSTAT,720898.0,A,433.0,A,312122.0,A
Ghana,1993,FAOSTAT,702061.0,A,362.7,A,254652.0,A
Ghana,1994,FAOSTAT,686531.0,A,419.6,A,288075.0,A
Ghana,1995,FAOSTAT,1000000.0,E,403.9,E,403900.0,X
Ghana,1996,FAOSTAT,1050000.0,E,383.8,E,403000.0,A
Ghana,1997,FAOSTAT,1074970.0,A,300.0,A,322490.0,A
Ghana,1998,FAOSTAT,1364530.0,A,300.0,A,409360.0,A
Ghana,1999,FAOSTAT,1300000.0,E,334.0,E,434200.0,A
Ghana,2000,FAOSTAT,1500000.0,E,291.1,E,436600.0,A
Ghana,2001,FAOSTAT,1350000.0,E,288.6,E,389591.0,A
Ghana,2002,FAOSTAT,1195000.0,A,285.0,A,340562.0,A
Ghana,2003,FAOSTAT,1500000.0,E,331.3,E,497000.0,X
Ghana,2004,FAOSTAT,2000000.0,E,368.5,E,737000.0,X
Ghana,2005,FAOSTAT,1850000.0,A,400.0,A,740000.0,A
Ghana,2006,FAOSTAT,1835000.0,A,400.0,A,734000.0,A
Ghana,2007,FAOSTAT,1463000.0,E,420.0,E,614500.0,X
Ghana,2008,FAOSTAT,1822500.0,E,373.5,E,680781.0,A
Ghana,2009,FAOSTAT,1600000.0,A,444.1,A,710638.0,A
Ghana,2010,FAOSTAT,1600200.0,A,395.0,A,632037.4,A
Ghana,2011,FAOSTAT,1600300.0,A,437.4,A,700020.0,A
Ghana,2012,FAOSTAT,1600300.0,A,549.5,A,879348.0,A
Ghana,2013,FAOSTAT,1600300.0,A,522.1,A,835466.0,A
Ghana,2014,FAOSTAT,1683765.0,A,510.0,A,858720.0,A
Ghana,2015,FAOSTAT,1683765.0,A,510.0,A,858720.0,A
Ghana,2016,FAOSTAT,1683765.0,X,510.0,X,858720.0,X
Ghana,2017,FAOSTAT,1863830.0,I,520.1,E,969300.0,X
Ghana,2018,FAOSTAT,1726616.0,I,524.0,E,904700.0,X
Ghana,2019,FAOSTAT,1536624.0,I,528.2,E,811700.0,X
Ghana,2020,FAOSTAT,1486060.0,I,538.3,E,800000.0,A
Ghana,2021,FAOSTAT,1904331.0,I,550.0,E,1047385.0,A
Ghana,2022,FAOSTAT,1218838.0,I,560.6,E,683300.0,X
Ghana,2023,FAOSTAT,1150057.0,I,568.4,E,653700.0,X
Ghana,2024,FAOSTAT,919824.0,I,576.2,E,530000.0,X
