winterkill_days,winterkill_edd,winterkill_bare_frost,snow_proxy_mm,sm_april,sm_stress_spring,precip_spring,edd_grainfill,heat_days_grainfill,vpd_grainfill,precip_grainfill,gdd_spring,radiation_spring,year,oni_season,precip_autumn,sm_autumn,target,spi3_spring
11.8925,52.03524999999999,52.035249999999984,32.631699999999995,0.5757808333333333,0.0,133.56114999999997,28.08164999999999,14.027499999999998,3.6901181558853215,83.50582499999999,1051.4451499999998,1422.336875,1984,0.7899999999999998,,,,-0.9211999424060968
29.944999999999993,153.21284999999997,153.21284999999997,126.24107499999997,0.6642708333333334,0.0,165.7882,4.9163,4.8725,2.57528622515538,131.275375,966.9891749999997,1540.1866249999996,1985,-0.645,110.511225,0.46334807692307683,,-0.04368176596673127
20.7,99.34557499999997,99.34557499999997,91.645575,0.6351624999999999,0.0,144.27365,23.9425,11.965,3.259955616973336,101.25289999999998,1043.4977,1513.404675,1986,-0.5525000000000001,158.67274999999998,0.4835162087912087,,-0.6150321136551947
25.089999999999993,143.02137499999998,143.02137499999998,110.82212499999999,0.6481649999999998,0.0,181.69357499999998,6.427724999999999,4.9775,2.55330773401088,128.906925,749.571975,1471.2508749999997,1987,0.24,104.68347499999997,0.44661318681318674,,0.3474991743140846
20.682499999999997,98.87704999999998,98.87704999999997,91.920575,0.6269699999999998,0.0,198.52244999999996,12.771899999999997,6.312499999999998,2.8270204943270163,167.401325,987.0273499999998,1428.730975,1988,0.3075,119.23915,0.4723414835164834,,0.7373911119240767
8.327499999999999,34.453799999999994,34.453799999999994,80.2665,0.6045266666666665,0.0,175.21259999999998,20.892025000000004,9.895,3.1324338299327636,139.49422499999994,1083.86115,1394.076275,1989,-0.014999999999999958,119.260875,0.46463214285714277,,0.1909695885959648
7.754999999999999,34.76695,34.766949999999994,78.0146,0.6085425,0.0,177.61627499999997,7.163200000000001,4.3175,2.5197806957356925,120.77952499999999,1014.8694249999999,1396.2331,1990,-0.635,166.199125,0.48136071428571414,,0.24946532161784868
14.829999999999997,64.32587499999998,64.325875,61.76855,0.6627416666666668,0.0,197.52289999999996,27.03237499999999,11.59,2.987803973388105,162.35652499999998,916.4154749999998,1298.7664500000003,1991,0.265,191.32002500000002,0.5107947802197802,,0.7148567076361255
9.949999999999998,28.706774999999993,28.706774999999993,85.03985,0.6086366666666667,0.0,184.12022499999998,8.677724999999999,5.122499999999999,2.7665171670674007,128.75212499999998,856.747225,1424.972725,1992,0.755,103.92682499999998,0.4637513736263736,,0.4051539224411422
12.974999999999998,38.61955,38.61955,61.2996,0.6835508333333333,0.0,169.38060000000002,5.730450000000001,2.2824999999999998,2.408361001348978,126.80444999999996,886.6336249999998,1379.5715249999996,1993,1.1775,222.39359999999994,0.5137271978021977,,0.0467869272763726
13.957499999999996,88.81274999999998,88.81274999999998,79.87237499999999,0.6501991666666666,0.0,146.10962500000002,12.137124999999997,6.682499999999999,2.7132809942408604,116.713875,919.2363999999999,1489.1211249999994,1994,0.27999999999999997,103.62859999999998,0.4969296703296702,,-0.5641200375050902
16.652499999999996,78.88469999999998,78.8847,100.58839999999996,0.6906991666666668,0.0,202.29509999999996,32.83282499999999,14.174999999999997,3.165279137415023,129.16307499999996,1061.4094999999998,1281.6575249999999,1995,0.14250000000000002,124.61679999999997,0.4360285714285713,,0.8217772966762908
24.617499999999993,126.43444999999998,126.43445,83.54247500000001,0.7047416666666666,0.0,152.002175,19.744625,7.284999999999998,3.2820966374074945,106.03159999999998,929.6705999999998,1546.0322249999997,1996,0.245,215.17235,0.5033285714285712,,-0.4035788706712641
22.81,115.49377499999999,115.49377499999997,105.14307499999995,0.6854674999999998,0.0,207.66047499999996,10.578425,6.144999999999999,2.6306123223017956,136.17594999999997,870.6890749999999,1471.864175,1997,-0.15499999999999997,189.68585,0.5210208791208791,,0.9400263814618743
21.772499999999997,135.3429,135.3429,80.08942499999999,0.7131758333333331,0.0,154.236,43.29737499999999,13.354999999999997,3.654351129348875,104.60957499999998,994.0243749999997,1518.0464749999996,1998,0.14500000000000002,165.47074999999998,0.534693956043956,,-0.34381540417400414
12.314999999999998,74.63884999999999,74.63884999999999,72.065,0.676365,0.0,146.55849999999998,42.124075,13.727499999999996,3.464079094403846,122.60977500000001,974.4945749999998,1494.0948499999997,1999,0.5425,167.45952499999999,0.4654898351648351,,-0.5517384420677489
8.099999999999998,32.67134999999999,32.67135,75.50259999999999,0.6849066666666667,0.0,211.62254999999993,6.964349999999999,4.595,2.4438433440517677,154.90262499999997,1000.3210749999997,1467.038525,2000,-1.0925,138.25554999999997,0.469857967032967,2216.7470956015914,1.0260672206545662
6.839999999999998,15.176924999999995,15.176924999999997,71.49437499999999,0.6459658333333332,0.0,219.60962499999994,4.40135,3.022499999999999,2.426303438390791,156.55995000000001,986.7678249999999,1358.08055,2001,-0.9149999999999999,94.03062499999997,0.47275027472527476,2752.5908541355516,1.1963624082190818
18.327499999999997,98.92484999999996,98.92484999999998,140.79527499999998,0.684185,0.0,125.55584999999996,13.177325,6.92,3.026832801790187,98.99407499999998,990.5715249999996,1583.213525,2002,-0.14250000000000007,187.22849999999997,0.491053021978022,2934.2614840306246,-1.1610872063189241
23.669999999999998,118.40232499999998,118.40232499999998,66.7768,0.6704249999999999,0.0,110.95409999999998,14.461825000000001,9.0725,2.8672874069734346,73.48124999999999,870.7647249999998,1618.1558499999992,2003,-0.10500000000000001,207.85784999999996,0.5206395604395603,2245.958134677977,-1.6271443128078278
8.729999999999999,33.42735,33.42735,111.97152499999997,0.7517899999999997,0.0,228.52844999999994,0.35942500000000027,0.5775,1.7700738498188437,182.9299,924.1363999999999,1372.5923,2004,0.4725,197.04777499999994,0.5266890109890109,2895.4018899909906,1.3818117575756728
10.62,46.182024999999996,46.182025,94.945375,0.7340441666666667,0.0,194.68979999999996,12.178299999999995,8.969999999999997,2.5919897228656343,147.09355,991.0678249999999,1558.0537749999999,2005,0.35,168.124925,0.5338598901098901,2999.0870208582496,0.6505747164089558
22.6225,168.00965,168.00965,126.82819999999998,0.7105475,0.0,172.7834,34.90689999999999,11.465,3.005574257647868,130.52372499999996,1000.76645,1410.4467749999997,2006,0.1775,142.93767499999998,0.4642439560439561,2841.321755865926,0.1313077239949423
8.699999999999998,43.363974999999996,43.363974999999996,70.03702499999999,0.6711583333333332,0.0,125.05294999999998,79.42989999999999,23.727499999999996,3.9338258618321627,92.571075,1035.2901499999998,1554.9671249999997,2007,-0.5800000000000001,191.77575000000002,0.49441291208791205,2718.6929295939944,-1.1765018851710733
13.704999999999997,69.95394999999999,69.95394999999999,54.90599999999999,0.6285774999999999,0.0,187.59995,9.904125000000002,6.269999999999999,2.7521157097011866,126.432025,1091.1652249999997,1337.8199,2008,-0.2425,161.26859999999996,0.4635532967032966,3779.843989357765,0.4869568027429437
11.067499999999999,27.764974999999996,27.764974999999996,82.01054999999998,0.6409858333333334,0.0,130.92004999999997,51.421274999999994,16.354999999999997,4.057190919766883,117.31217499999998,930.1441249999997,1509.5435499999999,2009,-0.8700000000000001,131.97722499999998,0.4514697802197801,3089.4501172004643,-0.9992321125161641
21.287499999999998,153.87429999999998,153.87429999999998,118.94279999999996,0.7098975,0.0,139.60922499999998,49.89322499999999,17.162499999999998,4.185965574813035,102.10259999999997,1034.8794999999998,1528.7361749999998,2010,-0.365,149.26402499999998,0.46298763736263737,2798.0879200106247,-0.746380036420034
18.482499999999995,88.62594999999999,88.62594999999999,89.286575,0.6942966666666666,0.0,216.36429999999993,8.47695,5.762499999999999,2.6701738387355824,156.87147499999998,927.6409749999998,1467.5622749999998,2011,0.4099999999999999,169.55304999999998,0.4664486263736262,3409.8115829008343,1.1276641878556886
22.912499999999998,142.609875,142.60987499999996,94.34185,0.6785525,0.0,153.47475,58.09965,17.47,3.744323104531995,108.35982499999999,1143.6640999999997,1559.6272249999995,2012,-0.72,119.32657499999999,0.47319395604395603,2774.4255763714273,-0.36411598531252587
11.3675,48.045524999999984,48.04552499999999,66.22869999999999,0.6454241666666667,0.0,103.47157499999999,70.42199999999998,23.38,4.022970075249775,84.997125,1178.6258749999997,1581.5249999999996,2013,-0.4375,107.14954999999996,0.4724892857142856,3284.4038819287816,-1.8825548807564327
12.972499999999997,101.93862499999997,101.93862499999997,54.65034999999999,0.5572033333333333,0.0,108.41412499999997,68.98789999999998,25.1875,4.233164967576226,85.70374999999997,1215.1823249999995,1530.4450749999999,2014,-0.029999999999999985,127.93489999999998,0.4726255494505494,3856.2897409873667,-1.7124683540318502
11.479999999999999,56.168424999999985,56.16842499999999,84.86747499999998,0.6195983333333333,0.0,194.88167499999994,28.067799999999995,15.164999999999996,3.331059784870603,129.487,1005.284725,1473.742575,2015,0.3075,106.72934999999998,0.44558681318681315,3769.9167265469055,0.6549476805300476
8.28,28.527824999999993,28.527824999999993,111.08279999999998,0.7089741666666666,0.0,236.34344999999996,27.655399999999993,9.729999999999997,2.703073277085916,171.76239999999999,1064.0487749999998,1328.3276999999998,2016,0.71,148.54815,0.440162912087912,4215.719453601881,1.5404753902672808
15.387499999999998,76.80837499999998,76.80837499999998,90.7491,0.6953166666666666,0.0,191.869475,13.679724999999998,5.679999999999999,2.7340814149484896,139.42984999999996,980.1804499999997,1496.7048499999999,2017,1.405,165.163775,0.5135395604395603,4521.469995077256,0.5859669628738626
8.999999999999998,29.256974999999997,29.256974999999997,93.650225,0.7380474999999999,0.0,98.47649999999997,62.857675,16.2775,4.206655881121226,66.109275,1065.238825,1584.4738249999998,2018,-0.1825,153.63365,0.46815521978021973,3910.705389538581,-2.060287448878616
9.472499999999998,25.567199999999993,25.567199999999993,98.13744999999997,0.6796749999999999,0.0,136.436725,72.39559999999999,22.8875,4.060473547006675,102.50174999999997,1118.0865,1532.5037499999999,2019,-0.017499999999999988,149.30624999999995,0.4592840659340659,4035.611359321589,-0.8374251144665518
2.0624999999999996,5.985825,5.985825,68.60444999999999,0.5867958333333332,0.0,187.88789999999997,36.793125,13.327499999999997,3.289986815899088,158.30047499999998,1000.850075,1525.108125,2020,0.5149999999999999,112.17819999999999,0.45157115384615376,3988.7158828064767,0.49368092124570423
13.569999999999997,73.43279999999999,73.43279999999999,126.06987499999997,0.6766141666666666,0.0,250.90669999999994,28.916524999999996,10.334999999999999,2.969944235288557,176.19977499999996,947.6391749999999,1399.921175,2021,0.08249999999999999,101.55572499999997,0.434668956043956,4174.600648775203,1.8272999999658368
7.177499999999999,16.7733,16.7733,90.29129999999998,0.7197100000000001,0.0,182.638825,28.413874999999994,11.642499999999998,2.89414026893484,119.01495,933.467775,1455.801175,2022,-0.8875000000000001,157.40117499999997,0.49590631868131857,,0.3700176962214715
9.114999999999998,41.691224999999996,41.691224999999996,82.949675,0.740455,0.0,236.27679999999998,3.693250000000001,2.4749999999999996,2.1176551642025436,150.971275,1067.7217749999998,1306.3287749999997,2023,-0.19249999999999998,201.50479999999993,0.5121120879120877,,1.5391367477278763
10.5725,57.218599999999995,57.218599999999995,112.13772499999997,0.7253025000000001,0.0,109.98244999999999,57.9173,16.352499999999996,3.297515255397315,88.69437500000001,1177.410075,1573.422225,2024,0.11999999999999997,218.94115,0.48559780219780213,3952.8571428571427,-1.6596232823314563
4.534999999999999,9.578825,9.578825,53.411975,0.5754175,0.0,176.4672,25.359799999999996,10.459999999999999,3.8312479152341474,132.68204999999998,1188.4105749999999,1476.6442749999999,2025,0.885,110.03252499999999,0.42179670329670327,,0.22156758333047152
