date,tmax,tmin,tmean,precip,rh_mean,vpd_max,et0
2024-01-01,32.65,22.12,26.91,13.86,72.98,2.4375792916749077,4.122696222516847
2024-01-02,27.6,22.25,24.65,9.03,83.93,1.1110513055394544,3.878018151733455
2024-01-03,29.8,20.92,25.01,15.48,83.57,1.585947876961534,3.7183384438172453
2024-01-04,30.47,21.58,25.42,17.83,82.77,1.7196992281668564,3.9559335418840944
2024-01-05,26.83,22.17,24.01,10.8,88.99,0.8843924292342886,3.0564865436949815
2024-01-06,30.89,21.39,25.98,4.59,78.36,1.8843815193650908,4.462863179891759
2024-01-07,30.79,21.41,26.19,6.08,78.93,1.8032749356169693,4.615572194888492
2024-01-08,27.43,22.29,24.81,5.82,86.24,0.9734213795967119,3.669320478333956
2024-01-09,30.63,21.21,25.9,0.19,76.91,1.881097488699361,5.527516431158366
2024-01-10,31.39,22.0,26.62,0.02,70.14,2.189093394879369,5.226882152974839
2024-01-11,31.2,22.04,26.59,0.29,71.97,2.0828456945404237,5.29791698206467
2024-01-12,32.93,21.46,27.1,0.2,69.4,2.6032473641581833,6.202060076527798
2024-01-13,31.75,20.95,26.18,10.8,72.17,2.3059549076717105,5.5024816567119075
2024-01-14,32.06,21.39,26.37,1.16,69.84,2.436977992332476,5.563776277268273
2024-01-15,32.26,21.33,26.73,3.9,67.63,2.515593221276641,5.46279982086528
2024-01-16,32.95,22.79,27.18,0.55,67.17,2.6763283751209124,6.145095707081873
2024-01-17,33.02,22.22,27.44,0.03,65.76,2.709066912470751,5.947130437946919
2024-01-18,34.77,22.54,28.3,0.0,60.67,3.33769910628769,5.760796383602703
2024-01-19,34.57,22.56,28.31,0.63,60.85,3.2487728430761846,5.767437384510933
2024-01-20,36.58,22.25,29.1,1.66,56.73,4.016209319633958,5.853661832951874
2024-01-21,35.83,22.16,28.55,3.05,63.63,3.544629449191925,4.554770207011604
2024-01-22,33.27,22.61,27.34,5.7,71.91,2.579828641023722,5.0715459768782125
2024-01-23,30.33,22.83,25.89,4.3,79.75,1.6881577119830946,4.265093639200711
2024-01-24,32.63,22.35,26.53,3.11,76.32,2.3732317561441874,4.684323568916208
2024-01-25,30.86,23.03,25.93,13.06,79.51,1.8656926013300477,4.511908199603663
2024-01-26,28.66,21.33,24.67,48.25,86.7,1.2561907677705797,2.7925323874131496
2024-01-27,28.28,21.5,24.52,22.47,85.55,1.238084131826494,2.712148070003024
2024-01-28,28.43,21.0,24.29,26.57,85.5,1.3080469256589895,2.8090708459157914
2024-01-29,29.19,20.91,24.76,11.35,78.86,1.6352534209926297,4.057109785357728
2024-01-30,29.55,20.39,25.05,2.02,81.27,1.5828749399055675,4.095109887994277
2024-01-31,30.16,22.25,25.91,3.55,78.65,1.6846040374780413,4.873325012287813
2024-02-01,28.96,21.75,25.64,0.42,77.11,1.4756151294474873,4.299212904880612
2024-02-02,29.77,20.72,24.91,0.03,71.83,1.9693684129035582,4.568987463015926
2024-02-03,29.8,20.57,24.78,0.04,71.88,2.004084360097559,5.469480737795431
2024-02-04,30.48,19.64,24.89,0.16,69.65,2.212767977887511,5.599918071472571
2024-02-05,31.73,20.54,26.02,0.03,69.37,2.391769213723375,5.7921887750597945
2024-02-06,32.06,21.51,26.81,0.33,68.0,2.4181252716100983,5.704897420562885
2024-02-07,33.32,22.01,27.46,0.29,65.06,2.8044847168811087,5.619387358791426
2024-02-08,33.65,22.94,27.75,7.06,62.38,2.9956659870197764,4.586702166395078
2024-02-09,29.36,21.83,25.42,14.32,77.77,1.6073442008139125,3.3053035086199034
2024-02-10,26.97,21.44,23.58,19.42,87.16,1.0367113894639624,2.517943473104394
2024-02-11,27.7,20.43,23.63,1.6,81.08,1.383349635014543,3.540579781054728
2024-02-12,30.46,20.35,24.49,0.02,74.03,2.143790609185722,4.844008775146242
2024-02-13,31.88,19.18,25.42,0.0,71.07,2.5032042174590172,6.109749104972764
2024-02-14,32.6,20.05,26.7,0.06,65.42,2.6892589976060357,5.78373947403961
2024-02-15,33.65,20.58,27.7,0.0,58.48,3.123759267115316,5.461847026949749
2024-02-16,34.27,21.04,27.99,2.6,63.04,3.1244033308616874,5.138933040019914
2024-02-17,29.78,22.64,25.78,22.29,80.79,1.5442727751351137,3.947662735029785
2024-02-18,30.99,21.49,25.93,10.02,77.36,1.973856405795606,3.604829264749196
2024-02-19,29.7,21.85,25.56,31.88,82.42,1.5056436309281822,3.4135696813703573
2024-02-20,28.67,21.65,24.74,16.67,87.25,1.2323374366540039,3.2418647066771737
2024-02-21,28.33,21.47,24.06,43.59,88.87,1.2108500868507135,2.4448317119115184
2024-02-22,26.82,21.13,23.44,18.66,87.88,1.0085955052516122,2.795039006383851
2024-02-23,27.78,20.61,23.74,14.9,87.71,1.1720636015669146,3.1912770445021152
2024-02-24,29.28,20.56,24.54,0.08,83.5,1.526859413886216,5.133332112022385
2024-02-25,29.75,18.63,24.39,0.03,80.2,1.7724452966645652,5.298659521537688
2024-02-26,29.23,18.84,23.99,0.15,79.28,1.723840191060968,5.193151214685159
2024-02-27,29.96,19.8,24.51,0.05,80.96,1.7676410743995667,4.91773544184888
2024-02-28,30.19,20.38,25.49,0.0,78.45,1.757872551240411,4.90485414843861
2024-02-29,30.95,20.92,26.06,0.05,72.92,2.0562559970002137,5.411097824103617
2024-03-01,31.59,21.52,26.34,0.06,73.71,2.1571823364748,5.1082723388465645
2024-03-02,31.26,21.63,26.41,0.43,77.85,1.9236368039330016,3.7774326238198856
2024-03-03,30.33,21.79,26.06,13.82,80.76,1.639553769189582,3.8446667390591247
2024-03-04,27.12,21.3,23.92,12.1,90.32,0.9141838517682692,3.44983365419526
2024-03-05,28.86,19.94,24.3,0.45,83.5,1.4633711676910672,4.338359711565604
2024-03-06,30.54,20.89,25.66,0.02,78.94,1.8181194418568083,5.100177515335827
2024-03-07,31.09,21.31,25.98,0.03,77.51,1.9559464671655356,5.4318650706308915
2024-03-08,31.95,20.69,26.0,0.02,74.6,2.2817169405687454,5.711378828581962
2024-03-09,32.23,19.87,26.15,0.43,69.44,2.507435177715555,5.78829260026865
2024-03-10,32.88,20.2,26.82,0.01,64.54,2.7686541885749847,5.626614762939136
2024-03-11,33.36,22.92,28.04,0.02,60.84,2.868551939664923,5.963897038110996
2024-03-12,34.22,23.17,28.45,0.29,59.76,3.1277272547352553,5.058114033388112
2024-03-13,34.1,22.42,28.2,0.07,63.23,3.001968725937479,4.786664902041355
2024-03-14,35.31,22.54,28.77,0.02,59.35,3.46690736960877,6.235164972036044
2024-03-15,34.65,22.43,28.06,0.45,64.76,3.1194882313912133,5.831279208535708
2024-03-16,34.11,22.81,27.59,0.45,67.26,2.969866308175258,5.799827313117492
2024-03-17,36.47,21.43,28.81,0.0,55.38,4.05389339658714,6.213307596039247
2024-03-18,35.75,22.94,29.39,2.85,53.27,3.75278297126497,6.031724035612329
2024-03-19,37.61,24.99,30.52,0.81,50.38,4.422332041377516,5.676142161501844
2024-03-20,35.61,23.6,29.03,4.43,59.51,3.5523868908798937,5.498635472236205
2024-03-21,35.28,22.71,29.01,1.02,61.51,3.3662053056427017,4.821230792465891
2024-03-22,35.1,23.47,28.99,3.4,63.2,3.243678155614406,5.6789595252215515
2024-03-23,34.32,23.18,28.58,0.9,64.34,2.998664283098381,5.109307575696787
2024-03-24,35.14,23.43,28.92,0.9,60.58,3.3582784142281343,5.770237195853004
2024-03-25,35.3,21.91,28.38,0.0,51.69,3.8370192162263805,6.554955692891956
2024-03-26,36.23,23.44,29.07,0.0,49.79,4.135619005094542,6.017108884037326
2024-03-27,35.59,23.04,29.04,0.05,58.24,3.5683959715537243,5.7730774421868025
2024-03-28,37.05,24.34,29.76,0.13,55.48,4.093159324414165,6.826888444969804
2024-03-29,37.86,23.26,29.84,0.01,50.32,4.635813425713721,7.272866926278077
2024-03-30,38.0,23.3,30.34,0.01,49.15,4.639870045116351,6.256270003578261
2024-03-31,38.83,22.44,30.27,0.04,43.28,5.2573882195849855,5.652560642987892
2024-04-01,35.87,23.0,29.01,0.33,55.09,3.784930020290647,5.640118364938661
2024-04-02,35.41,22.94,28.92,1.12,58.76,3.518065156704704,4.005376016943715
2024-04-03,30.86,23.35,26.18,0.44,75.22,1.9407297441094138,4.615345757899127
2024-04-04,31.4,22.0,26.18,6.42,75.07,2.11349111882702,4.266045684899332
2024-04-05,29.71,22.28,25.9,10.36,76.96,1.6459933044585728,3.940562563875377
2024-04-06,32.08,21.97,26.59,28.95,76.25,2.1866796881435926,4.316724738810411
2024-04-07,28.73,22.33,24.95,17.44,84.03,1.3077148339757336,3.589624460761042
2024-04-08,30.15,20.69,25.25,1.47,78.15,1.7988063687621008,4.614922196576923
2024-04-09,31.08,21.72,26.37,0.88,76.01,1.9345185681655162,3.9635551515679737
2024-04-10,31.08,22.7,26.88,1.1,73.14,1.9627624613743575,4.366086375593857
2024-04-11,30.9,21.74,26.7,6.25,74.19,1.9057954665822847,3.9590670734163034
2024-04-12,30.64,21.67,26.4,1.63,74.35,1.8743297858303238,4.242825915259146
2024-04-13,31.31,21.53,26.18,0.82,71.15,2.2007100359684757,4.827210240881001
2024-04-14,31.54,20.79,25.52,0.73,69.95,2.3867306233268684,5.078907421936122
2024-04-15,32.06,19.99,26.13,0.24,66.45,2.5625360314484062,4.954769746013718
2024-04-16,31.89,21.4,26.12,1.34,72.23,2.3343990172969296,4.955576510155345
2024-04-17,32.71,22.41,26.96,0.42,68.96,2.5535682626305523,5.398010915595207
2024-04-18,32.1,21.89,26.8,2.79,72.75,2.271697867150173,4.293935793677835
2024-04-19,33.0,21.72,27.4,1.35,66.32,2.678807588451317,4.568891248321472
2024-04-20,33.51,21.22,27.14,0.05,63.48,2.964703340323168,5.113130488666699
2024-04-21,32.78,22.65,26.82,0.02,64.19,2.7627743574861796,5.36069973733582
2024-04-22,33.77,22.09,27.28,0.03,62.6,3.055495445937071,5.539053884045741
2024-04-23,33.83,21.46,27.45,0.03,63.11,3.049694017219803,4.941545574091926
2024-04-24,34.83,21.74,27.94,0.27,60.51,3.397226869442068,5.228887193886528
2024-04-25,35.61,22.69,28.42,0.37,55.89,3.7471585261333327,5.960052774389117
2024-04-26,35.8,21.31,27.52,1.19,56.61,3.9676605294579144,6.2818139576842436
2024-04-27,33.55,21.71,26.52,1.92,67.28,2.961075944998533,5.312054654295299
2024-04-28,34.16,22.59,27.24,1.61,67.12,3.037220419882252,5.190236927048478
2024-04-29,35.66,20.58,27.33,0.0,55.84,3.9189700177276103,6.014758590873355
2024-04-30,34.54,20.44,26.83,0.06,55.57,3.6065048765320906,6.001744129259504
2024-05-01,35.26,19.82,27.11,0.0,54.22,3.872884958163347,5.696029691642633
2024-05-02,35.5,20.77,27.84,0.0,54.01,3.8629881797051566,5.783033578562374
2024-05-03,36.08,20.49,27.57,0.0,43.44,4.459527960567961,6.628780916333618
2024-05-04,35.93,20.75,27.46,0.0,45.87,4.380804337037533,7.032862899167714
2024-05-05,35.1,21.12,27.46,0.0,51.44,3.876937603695242,6.819366798377293
2024-05-06,34.95,22.38,27.8,0.03,54.02,3.6853382519195694,6.659297095280631
2024-05-07,34.7,19.66,26.49,0.0,49.43,3.95419347517911,6.916676533570593
2024-05-08,35.37,20.74,27.49,0.0,50.68,3.9787965137147374,6.32144692089913
2024-05-09,35.31,20.97,26.96,0.0,43.67,4.29669785015951,7.337510094036605
2024-05-10,35.15,19.54,26.44,0.0,45.51,4.211393527775442,5.9705403085259245
2024-05-11,36.15,17.48,26.58,0.01,38.51,4.778465050981134,5.827928249193804
2024-05-12,35.32,22.11,28.45,0.0,53.89,3.7140519524369533,5.144125967388345
2024-05-13,36.29,22.15,29.0,0.0,51.46,4.060055857425535,4.778945742318144
2024-05-14,37.95,23.56,30.18,0.0,44.38,4.858228479940186,5.107606607066106
2024-05-15,37.51,24.02,29.63,0.0,35.72,5.043108281099122,6.633331535005202
2024-05-16,35.14,20.99,26.95,0.0,40.5,4.3334162964148435,6.8107728079318255
2024-05-17,34.68,19.38,26.06,0.0,45.07,4.119579717455621,6.274530075918372
2024-05-18,35.19,19.11,26.59,0.0,44.95,4.2191344817715715,5.597055541357982
2024-05-19,35.05,20.68,27.54,0.06,52.42,3.7930668580815725,4.8855770534919785
2024-05-20,35.67,21.82,28.01,0.01,44.01,4.269579144503197,6.26707570147809
2024-05-21,35.16,20.05,27.43,0.0,45.65,4.090513524282442,6.350070786789584
2024-05-22,34.86,20.28,27.45,0.0,47.47,3.9556459838320883,6.124997225849943
2024-05-23,34.2,22.08,26.99,0.0,50.38,3.6800113162012353,6.1698744555366405
2024-05-24,34.54,18.26,25.81,0.0,41.17,4.190235256140756,5.462346511732342
2024-05-25,34.57,18.24,25.94,0.0,39.59,4.247566543706892,5.578208498130836
2024-05-26,34.91,20.19,26.21,0.01,38.99,4.34441481587446,6.187778963797198
2024-05-27,33.81,18.66,25.47,0.0,44.92,3.8909112857992953,5.842230139505621
2024-05-28,34.13,18.02,25.85,0.0,42.53,4.0187613155434185,5.123318348624912
2024-05-29,34.76,18.25,26.6,0.0,41.43,4.191538374110616,5.08556780123633
2024-05-30,35.37,20.3,27.22,0.0,38.93,4.427720458977752,5.800622897826285
2024-05-31,34.43,18.91,26.07,0.0,40.27,4.184146697106085,6.212181215783515
2024-06-01,32.54,18.78,25.4,0.0,47.94,3.3981441638916854,6.275399275804946
2024-06-02,32.89,19.81,26.18,0.01,53.09,3.283941791830912,5.845948775418019
2024-06-03,33.11,20.65,26.03,0.06,53.19,3.3471180434893526,5.957048518798881
2024-06-04,32.57,20.89,26.01,0.03,50.43,3.2979453292166907,5.588307313048724
2024-06-05,33.08,19.91,25.22,0.0,49.9,3.5342936773358717,5.725208381924415
2024-06-06,33.74,20.5,26.43,0.05,53.89,3.4839721733568956,5.785881360525594
2024-06-07,33.87,21.26,26.43,0.0,47.18,3.7554533786001025,6.448756078252692
2024-06-08,33.69,19.54,25.63,0.0,47.82,3.7633490585181955,5.8544158558006965
2024-06-09,33.74,18.7,25.35,0.0,45.69,3.8576495527177403,5.871877741009999
2024-06-10,32.88,19.38,26.02,0.0,53.55,3.2844437745937056,5.5036933913522175
2024-06-11,32.4,21.24,26.12,0.0,50.97,3.2110244476983856,5.726567137677942
2024-06-12,32.93,19.61,25.29,0.0,49.84,3.4860009492628636,5.838992998802133
2024-06-13,33.04,20.08,25.4,0.0,53.58,3.407225025337087,5.795510445172602
2024-06-14,33.36,18.12,25.21,0.0,49.85,3.6620585716097787,5.899511744589567
2024-06-15,31.87,18.24,24.06,0.0,51.21,3.283749875877218,6.021917027988925
2024-06-16,31.67,16.93,23.5,0.0,51.62,3.2917649510222953,5.745746426128389
2024-06-17,32.07,17.3,23.74,0.0,49.47,3.4424646848133826,5.4908992435612305
2024-06-18,32.7,18.01,24.96,0.0,51.54,3.4206934188891402,5.135112047520894
2024-06-19,33.07,20.77,25.87,0.04,54.12,3.354441850223064,5.7251225508208305
2024-06-20,32.39,18.25,24.79,0.02,48.11,3.4552309925810984,5.300143256725904
2024-06-21,32.34,18.87,24.61,0.17,49.75,3.4331943072316555,5.71650761960683
2024-06-22,32.55,17.48,24.3,0.03,51.59,3.4749525963667356,5.3143594002134416
2024-06-23,32.76,17.52,24.46,0.0,46.31,3.607636338584403,5.174755626229741
2024-06-24,32.99,17.1,24.37,0.01,43.17,3.8018307768568285,4.915584403671037
2024-06-25,32.72,17.22,24.45,0.0,45.45,3.626702171119474,4.793902377507864
2024-06-26,33.21,17.39,25.52,0.0,44.15,3.724610434469497,4.490877381240063
2024-06-27,34.23,18.53,26.33,0.0,37.26,4.194734422496239,3.9265162210132027
2024-06-28,34.72,18.67,26.33,0.0,37.02,4.353611962608279,4.434572141944011
2024-06-29,35.1,19.06,26.4,0.0,34.75,4.532636856261936,5.205603502235722
2024-06-30,34.66,18.78,26.51,0.0,37.53,4.290736613523223,5.240586494534109
2024-07-01,33.44,20.15,26.65,0.0,39.35,3.825363191445676,5.383680660790236
2024-07-02,32.89,19.22,25.66,0.0,43.46,3.641309953230858,6.147247734730355
2024-07-03,32.04,18.82,24.34,0.0,44.82,3.477910906038218,5.952012041131581
2024-07-04,32.79,16.32,24.0,0.0,43.03,3.754708592341501,5.293916912153528
2024-07-05,32.54,17.5,24.1,0.0,44.1,3.670545734355729,5.810228154889715
2024-07-06,33.21,16.63,24.75,0.0,45.03,3.758551740814261,4.897702625465221
2024-07-07,33.21,18.41,25.62,0.0,48.48,3.557294315151224,4.871820892852885
2024-07-08,33.87,18.88,25.67,0.0,43.41,3.9637953035118416,5.918420243919903
2024-07-09,33.39,17.87,24.98,0.0,41.07,3.914096324885122,5.6333497136197215
2024-07-10,33.21,16.92,24.81,0.0,42.91,3.8140419477268455,4.988642295550695
2024-07-11,33.94,18.91,26.09,0.01,46.66,3.805703180502519,5.776048793784134
2024-07-12,32.32,18.0,25.21,0.0,44.05,3.5400200231491272,6.850542449283069
2024-07-13,30.76,17.04,23.19,0.0,42.52,3.358802416113141,6.5143616702879825
2024-07-14,30.6,15.73,22.41,0.11,47.87,3.203072251813225,5.810563044764418
2024-07-15,31.65,16.79,23.05,0.0,44.89,3.4876316938090897,5.920520462443918
2024-07-16,31.64,15.3,22.55,0.0,42.77,3.575857520409868,5.822835840822249
2024-07-17,31.78,16.2,23.37,0.0,46.12,3.456452028437708,5.889277385522411
2024-07-18,32.16,17.32,23.66,0.0,42.59,3.633484920317972,6.086995667606577
2024-07-19,32.47,15.9,23.39,0.0,39.81,3.814859409079882,6.143749148531641
2024-07-20,31.37,16.32,22.83,0.0,41.97,3.4887396211081683,6.169941038392453
2024-07-21,30.97,15.28,22.67,0.0,45.68,3.2830469566033433,5.50984976231239
2024-07-22,31.58,17.92,23.59,0.01,50.64,3.25524840162573,5.722750889642269
2024-07-23,32.91,16.47,24.04,0.0,43.39,3.789135847060145,5.89842228513602
2024-07-24,32.11,16.62,23.19,0.0,39.84,3.719652640929993,6.400988812784206
2024-07-25,31.81,16.16,22.84,0.0,41.61,3.624599883701046,5.9574422424944675
2024-07-26,33.22,16.6,24.0,0.0,44.26,3.8785102453346543,5.886646228198438
2024-07-27,32.75,19.6,24.67,0.02,47.24,3.5913292915760513,6.397119662579876
2024-07-28,32.18,17.37,23.66,0.0,46.2,3.527692339592178,6.11449788680438
2024-07-29,32.89,17.61,25.18,0.0,49.63,3.494551455880547,5.418917848946348
2024-07-30,34.14,20.57,26.91,0.01,38.83,4.074099658585532,6.021489880368756
2024-07-31,33.59,20.54,26.47,0.0,37.22,3.957004689257764,6.670939546240046
2024-08-01,32.61,20.35,25.43,0.0,39.29,3.7071051029621973,6.641767681271676
2024-08-02,32.15,17.47,24.72,0.0,44.73,3.486869591166001,6.502075048226173
2024-08-03,32.13,18.66,24.56,0.0,45.96,3.490133804588801,6.713421417890362
2024-08-04,31.57,17.2,23.8,0.0,44.54,3.441799964130468,6.839185757666224
2024-08-05,32.02,16.96,24.49,0.0,47.8,3.3932520473179526,6.259360600085235
2024-08-06,32.27,18.29,24.04,0.0,43.37,3.7149357112279384,7.209383599424972
2024-08-07,32.23,16.57,24.14,0.0,47.91,3.45183094706276,5.6447323703530055
2024-08-08,33.91,18.43,25.96,0.02,43.43,3.95531552897206,5.464597859968642
2024-08-09,34.76,17.45,26.94,0.0,37.32,4.307333515543017,4.8062944253078586
2024-08-10,37.19,22.55,29.01,0.0,30.16,5.195855556492182,5.614047544820106
2024-08-11,35.9,20.7,27.66,0.0,30.56,4.832783776682581,5.28891247431954
2024-08-12,34.75,21.19,28.3,0.0,33.86,4.287551033161718,4.195995997030793
2024-08-13,35.28,23.74,28.98,0.0,34.44,4.371160538178387,5.715145904506409
2024-08-14,34.78,23.46,28.47,0.04,41.44,3.9940483914088465,7.58308019964051
2024-08-15,34.44,20.26,27.06,0.0,45.63,3.920557833600918,7.352314907943689
2024-08-16,34.86,20.18,27.29,0.0,43.69,4.114536302487738,7.125649655395886
2024-08-17,34.95,20.33,26.77,0.0,38.58,4.345893780155913,7.030382429384204
2024-08-18,34.71,17.79,25.56,0.0,35.2,4.462603093813555,6.875912722351043
2024-08-19,33.89,18.4,25.11,0.0,38.68,4.157953441485759,7.463075098752588
2024-08-20,33.88,17.6,25.23,0.02,41.7,4.022555007811938,6.326612322048677
2024-08-21,35.66,17.51,26.1,0.17,36.3,4.7007180257161325,6.8383812312710806
2024-08-22,35.41,18.35,25.96,0.0,35.6,4.6579562191070165,7.465802257317643
2024-08-23,34.41,18.91,25.65,0.0,40.65,4.2327347168906435,7.365829925375195
2024-08-24,34.49,18.36,25.83,0.0,40.02,4.215755242637478,6.364526936387995
2024-08-25,35.83,17.55,26.65,0.09,35.44,4.753166431027388,6.120419251577653
2024-08-26,36.35,18.78,27.31,0.0,31.35,4.994904418900768,6.557657728854722
2024-08-27,36.05,19.19,27.27,0.0,34.47,4.777860392116139,8.225972261864865
2024-08-28,33.81,19.31,25.96,0.0,39.82,4.016228224021914,7.998513579795393
2024-08-29,32.73,19.58,25.77,0.01,47.69,3.4330189798321586,6.856541796944646
2024-08-30,33.82,17.93,25.22,0.0,40.62,4.090690980439055,7.480511888145233
2024-08-31,34.84,18.55,26.09,0.0,40.65,4.311038076358462,7.381003650046655
2024-09-01,34.93,19.95,26.27,0.0,39.04,4.453678706645866,7.874638217122404
2024-09-02,34.95,18.09,25.61,0.04,37.89,4.500316173709103,7.385500565225733
2024-09-03,35.99,17.48,26.11,0.0,31.53,4.942739022185702,7.09926924802593
2024-09-04,36.23,17.25,26.19,0.0,28.18,5.1573754794031395,7.937573088377758
2024-09-05,35.71,18.18,25.82,0.0,32.71,4.884466408375024,8.06254546220134
2024-09-06,36.38,17.45,26.19,0.0,30.69,5.127637555810312,7.655124786244658
2024-09-07,35.71,17.91,26.17,0.0,31.6,4.832112671437738,7.965479372772761
2024-09-08,34.76,19.35,26.13,0.0,38.06,4.379354251842076,8.008645575086113
2024-09-09,34.84,18.48,25.62,0.0,34.59,4.559534694187856,8.083935558940299
2024-09-10,34.59,18.14,25.78,0.0,38.56,4.301077354036995,7.555921147597602
2024-09-11,35.12,18.99,26.55,0.0,37.45,4.459010252193256,7.797054524050053
2024-09-12,35.51,19.06,26.37,0.0,37.47,4.634287527001326,8.36985050621322
2024-09-13,34.74,19.49,25.99,0.0,39.62,4.350961803190482,8.170976076293305
2024-09-14,35.22,18.98,26.34,0.0,38.93,4.4887263346171995,7.465563054510345
2024-09-15,35.88,18.43,26.85,0.0,35.6,4.725711534852657,7.386973176691619
2024-09-16,36.26,19.75,28.19,0.0,34.84,4.759942910889482,6.681538689474454
2024-09-17,38.78,20.73,29.53,0.0,28.02,5.854681236222664,8.16673418358295
2024-09-18,36.32,21.94,28.41,0.0,33.87,4.847451358960978,9.81113670884202
2024-09-19,35.63,19.09,26.7,0.0,32.46,4.790325144680633,8.352835400281062
2024-09-20,36.4,18.18,26.9,0.0,30.71,5.071459294118869,8.314469106962767
2024-09-21,37.35,18.76,27.77,0.0,30.67,5.332120652533251,7.951535823987491
2024-09-22,37.41,20.19,28.31,0.0,30.72,5.3049455497949785,8.515782309376448
2024-09-23,37.9,20.41,28.7,0.0,31.34,5.480671382887493,8.964342065736043
2024-09-24,37.44,21.11,29.15,0.0,31.12,5.252067372513928,8.207533284959814
2024-09-25,36.88,22.66,28.99,0.11,34.43,4.9462954732930715,8.243816510613046
2024-09-26,36.33,21.49,28.79,0.02,33.3,4.798219875345058,7.317767153938537
2024-09-27,37.35,22.0,29.17,0.0,29.32,5.279538283003867,8.13947320174394
2024-09-28,38.45,21.79,29.76,0.0,28.82,5.649646655496554,8.288058545935787
2024-09-29,38.04,23.05,29.57,0.0,29.61,5.472292098381157,9.716529256732592
2024-09-30,36.7,20.85,27.98,0.0,31.21,5.106794641002426,8.727928544652586
2024-10-01,36.3,19.47,27.66,0.0,35.09,4.807404272961456,8.434773479170039
2024-10-02,36.26,21.5,29.08,0.0,35.17,4.680923351127246,6.9276509440598835
2024-10-03,37.95,23.69,30.2,0.0,27.29,5.490221149388225,8.123658652272749
2024-10-04,38.79,20.61,29.77,0.0,26.82,5.8388053279789816,8.1185150525801
2024-10-05,39.76,21.65,30.87,0.0,28.08,6.09277353371032,8.377542211598772
2024-10-06,39.79,25.75,32.51,0.05,30.23,5.877899423982109,8.248783765679086
2024-10-07,38.79,25.75,32.09,0.06,32.35,5.4172237680545425,8.05805455504309
2024-10-08,38.84,26.07,32.07,0.09,33.47,5.383165677287083,8.345792957020215
2024-10-09,40.59,23.7,32.15,0.0,25.52,6.465749685635342,8.21598541621772
2024-10-10,40.06,25.74,32.59,0.0,26.94,6.125271265430554,6.777478445845979
2024-10-11,38.97,25.64,32.12,0.08,34.35,5.38886014494086,7.922833955620304
2024-10-12,39.45,24.43,32.33,0.0,30.78,5.736283480050325,6.30235555058588
2024-10-13,40.4,27.29,33.69,0.04,30.12,6.0394707267804755,8.257102632088444
2024-10-14,39.22,26.4,32.56,0.0,27.81,5.745958316361074,9.149561623088443
2024-10-15,37.84,25.09,31.48,0.85,39.13,4.831325019147232,7.5899519059203335
2024-10-16,30.52,24.1,26.87,11.35,65.05,2.1001621673854602,4.130606236999715
2024-10-17,32.46,22.52,27.09,8.04,65.42,2.619929713126366,3.586197990174923
2024-10-18,33.68,22.16,27.91,2.34,61.4,3.01269664895324,4.108164591823856
2024-10-19,30.58,23.06,26.54,0.97,66.71,2.125028188835449,4.107492327844957
2024-10-20,32.28,22.12,27.35,28.94,66.55,2.4791866230559743,4.478585865847031
2024-10-21,30.15,22.5,25.96,5.84,74.33,1.8306378412721558,2.9306710568913625
2024-10-22,33.77,22.33,27.53,0.01,62.34,3.03347730235194,6.630964727135091
2024-10-23,34.44,21.04,28.08,0.0,54.76,3.439590927161699,6.713106231501095
2024-10-24,35.16,21.51,28.83,0.0,50.5,3.7519910761968593,6.4393079173100665
2024-10-25,36.02,23.51,29.73,2.25,54.28,3.7773952491688676,6.45734263291348
2024-10-26,34.82,22.99,28.63,14.49,66.26,3.084557250178473,6.130397033439633
2024-10-27,34.97,23.41,29.35,0.6,56.6,3.4187118036619566,6.356551076259591
2024-10-28,35.8,22.49,29.18,0.0,51.87,3.8887167959626794,6.770207379466155
2024-10-29,35.1,23.37,29.07,0.06,52.92,3.6014945354228045,6.724136393139749
2024-10-30,34.82,23.73,28.51,5.14,54.23,3.5669964730990458,6.804999540598271
2024-10-31,31.73,21.49,25.56,13.76,70.39,2.4577475887344638,3.91004234729359
2024-11-01,32.89,20.47,26.74,0.92,61.54,2.933907060025936,5.158043379834792
2024-11-02,32.37,22.12,26.98,10.53,66.8,2.5527584170000712,5.3295605088959555
2024-11-03,32.23,22.96,27.15,2.62,70.09,2.3768823458612274,4.872346070881458
2024-11-04,34.42,22.29,28.71,0.2,54.96,3.3925826280489773,6.146467356883461
2024-11-05,32.03,22.98,27.52,0.48,56.89,2.7451119746428003,4.941343337680867
2024-11-06,32.44,21.76,27.06,0.07,57.64,2.8705046697427106,5.094280271209861
2024-11-07,33.62,21.66,27.72,0.2,55.72,3.214059765194813,5.23095810941166
2024-11-08,34.84,23.61,28.99,0.69,54.34,3.520810156630545,5.117815571696082
2024-11-09,33.79,24.86,29.07,0.71,53.89,3.1686029530847892,5.377768379043593
2024-11-10,26.33,23.33,24.69,14.54,84.78,0.7949017249466706,3.2063596240981753
2024-11-11,32.51,21.75,26.73,2.31,73.51,2.4095813197162297,3.7126048871441983
2024-11-12,28.58,22.28,24.47,6.76,81.55,1.4346636331911515,3.5668104244557584
2024-11-13,31.85,20.76,26.43,12.27,72.45,2.291056662288916,4.49447132869659
2024-11-14,27.09,21.71,24.38,46.87,84.17,1.0244925108462026,2.1928093144612677
2024-11-15,31.04,20.92,25.52,0.11,70.87,2.2709329297209826,5.340161225719818
2024-11-16,31.71,18.64,25.09,0.0,65.12,2.6774214111398766,6.146055639710593
2024-11-17,32.17,19.32,25.8,0.0,65.56,2.6947580468612067,6.0587045111191795
2024-11-18,30.97,21.83,26.03,0.29,66.65,2.2820420624256466,5.32412423384212
2024-11-19,32.91,20.64,27.24,0.21,61.55,2.8643380193720627,5.711691812910725
2024-11-20,34.21,21.93,28.28,2.94,59.57,3.1884883307102894,5.658368728835967
2024-11-21,32.87,23.02,27.96,4.48,66.29,2.562542985534329,5.115267591516457
2024-11-22,33.52,22.37,28.04,6.8,67.08,2.725140619461744,4.559137563417118
2024-11-23,30.82,23.27,26.07,3.87,78.87,1.830099513007832,3.417336756188932
2024-11-24,31.29,21.92,26.18,29.28,76.01,2.0603651412131563,4.238314998185203
2024-11-25,29.9,20.76,25.49,14.16,76.34,1.7667023227436265,3.8031002164897094
2024-11-26,30.53,20.96,25.73,3.34,76.7,1.880647591776735,3.9553492236768117
2024-11-27,30.89,20.99,25.98,9.07,77.03,1.9219998932791276,4.435493795180969
2024-11-28,31.2,21.61,26.42,0.38,73.16,2.0737485812947085,5.363292341692392
2024-11-29,32.44,21.19,27.01,0.09,66.61,2.571943544950878,5.763167525249123
2024-11-30,33.91,23.19,28.18,0.01,62.24,2.991751714123824,5.701386930530422
2024-12-01,32.23,23.19,27.51,7.45,68.7,2.3633280813477286,4.6604516112171295
2024-12-02,32.31,21.36,27.25,3.0,68.61,2.4389346868692496,4.530413591496291
2024-12-03,33.83,21.98,27.68,0.34,64.34,2.9810200645362954,4.92298122601946
2024-12-04,26.49,21.66,24.11,13.16,82.3,1.0019160314921165,3.739891790542137
2024-12-05,32.4,20.3,26.0,0.14,67.16,2.7120976805720547,5.980093374560218
2024-12-06,32.77,18.81,26.49,0.01,61.1,2.923585590355046,6.399214577767527
2024-12-07,33.47,21.02,27.51,0.07,57.01,3.1680823040284336,6.516107350493416
2024-12-08,33.7,21.08,27.64,0.04,55.87,3.2323254397671715,6.079901146123999
2024-12-09,35.3,22.7,28.69,0.37,55.55,3.6291199659326083,5.971222710124571
2024-12-10,36.32,20.79,29.03,0.02,45.34,4.329746837040516,7.405608707598187
2024-12-11,36.47,21.74,29.05,0.0,45.42,4.374038719644885,6.558374893300491
2024-12-12,37.63,22.48,30.12,0.11,45.04,4.743597309098156,6.3247421285984275
2024-12-13,36.89,24.36,30.05,0.47,48.15,4.2909753463664195,6.923268467580371
2024-12-14,36.12,22.77,29.93,0.19,50.56,3.9624952219747835,6.234863582622299
2024-12-15,38.18,24.07,31.0,2.1,44.95,4.831357062422662,7.30702149611834
2024-12-16,35.09,23.93,29.06,3.06,59.49,3.3810117793875394,5.532011605425295
2024-12-17,34.79,23.41,28.55,0.78,58.4,3.371296986813215,5.558634533586021
2024-12-18,33.86,23.14,28.1,9.01,61.27,3.0557455017767694,5.048436106270005
2024-12-19,35.09,22.66,28.74,5.06,60.36,3.4020797260566686,6.457138057083212
2024-12-20,35.57,23.3,29.25,0.37,56.66,3.613076312242957,6.743910101536065
2024-12-21,36.15,24.24,29.72,0.57,53.15,3.8907767684985983,6.0731395125642935
2024-12-22,36.93,23.63,29.96,0.31,50.75,4.257246911034445,6.378255887783157
2024-12-23,36.43,22.63,29.33,2.4,55.33,3.962145585533181,5.956797580223176
2024-12-24,28.18,22.57,25.37,7.34,75.21,1.40957307155941,4.348250432227116
2024-12-25,33.51,21.64,27.05,0.79,65.93,2.939770309419084,5.399997306417498
2024-12-26,33.71,21.88,27.95,0.85,61.65,3.0393169981730255,5.7455361217825995
2024-12-27,36.41,23.09,29.85,0.1,51.58,4.102324279765667,6.743482318218117
2024-12-28,35.47,23.56,29.25,0.52,50.02,3.8583066170776092,6.8502926546540746
2024-12-29,37.54,22.76,30.37,0.35,43.18,4.768434061585191,7.32029286255409
2024-12-30,34.01,23.3,28.81,4.09,57.68,3.133041152570652,5.029518582781145
2024-12-31,31.68,21.95,26.92,1.56,65.4,2.4264256711557946,4.84373095459146
2025-01-01,36.68,22.49,29.67,0.16,51.11,4.171326624029243,6.844138102065877
2025-01-02,34.87,23.16,29.37,0.29,51.64,3.5811570650484645,5.947414877338167
2025-01-03,36.28,22.89,29.65,5.96,53.75,3.928312773163693,5.443278427562092
2025-01-04,37.27,23.54,30.58,0.97,48.07,4.3965496195756755,6.2450976225463535
2025-01-05,35.7,24.05,30.24,1.27,50.83,3.7747171045509975,6.527146406525436
2025-01-06,30.82,22.81,26.54,21.68,73.73,1.9274915444870375,4.220956948070623
2025-01-07,32.17,22.44,27.33,0.43,68.76,2.374090958097379,4.557913298574915
2025-01-08,31.03,22.57,26.99,8.45,69.78,2.0707268096301084,3.63150381387542
2025-01-09,27.59,21.92,24.36,17.84,83.55,1.1574208765480534,2.4735880496310747
2025-01-10,29.35,20.75,24.56,14.01,81.99,1.6065124788176375,3.4499207045317624
2025-01-11,30.12,21.28,25.24,12.16,82.18,1.679557543159505,3.5523981629958254
2025-01-12,29.2,21.27,24.42,25.6,87.31,1.406664987888643,3.531716070862271
2025-01-13,26.1,21.61,23.34,3.56,90.04,0.8059378177201659,3.525479026279297
2025-01-14,28.15,20.58,23.92,18.2,85.01,1.3184157598664572,3.475765054260116
2025-01-15,28.24,20.17,23.97,12.33,84.4,1.3521727953330953,3.245975373325544
2025-01-16,26.79,20.89,23.62,14.2,86.15,1.0269959184728275,2.7306758942102145
2025-01-17,28.4,20.46,24.25,3.27,82.25,1.3955738162943052,4.991787542906955
2025-01-18,29.39,19.71,24.66,0.96,80.11,1.6356930489028962,4.794302643605663
2025-01-19,28.49,20.01,24.28,1.97,79.9,1.5041196441843034,4.902874372024382
2025-01-20,28.54,20.54,24.62,1.62,79.21,1.4768540614858976,4.093390471164947
2025-01-21,29.91,20.5,25.21,4.79,79.17,1.7204232961520365,4.967379710618436
2025-01-22,30.47,21.59,26.06,2.9,75.54,1.8457058259325647,5.165102664456996
2025-01-23,31.06,22.01,26.57,5.34,73.83,1.9809590801692822,5.116924622888824
2025-01-24,31.15,22.25,26.42,0.52,69.4,2.17539273391333,5.865330816595245
2025-01-25,30.09,21.35,25.91,1.56,69.58,1.9540973217905018,4.420150667991695
2025-01-26,31.58,22.2,26.98,0.04,62.09,2.477022949303539,5.566144440107887
2025-01-27,32.92,22.61,27.04,0.05,61.35,2.873837485831489,6.129550953522602
2025-01-28,32.1,21.61,26.73,1.28,67.75,2.4736533963784297,4.9134890861820315
2025-01-29,33.59,22.02,27.18,1.34,65.01,2.950395071962843,5.4633334846225425
2025-01-30,31.89,21.64,26.11,2.7,73.71,2.300241851992387,3.8126625056318235
2025-01-31,30.79,21.71,26.05,6.22,72.8,2.029004661376157,4.236650301165284
2025-02-01,28.38,21.73,24.41,15.16,82.29,1.3727822082498564,4.262748587346204
2025-02-02,28.27,21.14,24.08,2.51,80.87,1.4473859975998775,4.521644519353484
2025-02-03,31.02,19.35,25.32,0.25,72.11,2.233645970522275,4.40398361815199
2025-02-04,31.94,20.97,26.29,1.63,64.03,2.6115669023997707,6.2962990171161275
2025-02-05,32.27,18.6,25.75,0.0,58.29,2.974380834545733,6.522997681105871
2025-02-06,33.87,18.08,26.46,0.0,54.86,3.447438797840353,6.542857899824151
2025-02-07,33.36,19.43,27.09,0.0,58.4,3.1034072629346827,5.538810412221566
2025-02-08,30.29,22.23,25.97,0.49,66.44,2.1195025738929667,4.978762637218636
2025-02-09,31.86,20.27,25.92,0.27,65.59,2.595501093502802,5.665248710357902
2025-02-10,34.41,19.87,27.0,0.0,52.81,3.6455621984162625,6.363781674752397
2025-02-11,34.02,21.41,27.33,0.11,56.16,3.357788618055393,6.103429304550193
2025-02-12,35.01,22.29,28.19,0.63,53.53,3.6782146648782517,6.491788869244988
2025-02-13,35.35,19.81,28.26,0.33,51.07,3.876580995065142,5.967908177040307
2025-02-14,36.67,23.32,30.04,0.09,45.92,4.330633268349327,6.009849744113859
2025-02-15,36.08,23.62,29.47,1.92,51.42,3.951937646536809,6.1557178406237725
2025-02-16,32.97,21.7,27.17,12.45,62.46,2.846134775603167,5.90936937097758
2025-02-17,35.11,19.42,27.66,0.83,53.13,3.7905020152935265,6.638120504844582
2025-02-18,34.97,20.72,28.38,0.27,52.32,3.675635504042778,6.049440074004984
2025-02-19,36.6,21.27,28.87,0.0,48.83,4.30945521487154,7.185594315910557
2025-02-20,35.65,20.93,28.7,0.01,52.07,3.8666707769265334,6.310703903137365
2025-02-21,35.36,23.05,29.37,0.18,50.25,3.7668853588118845,6.231465651216818
2025-02-22,31.17,22.93,26.05,2.72,67.27,2.3168325704155386,4.6177177505883185
2025-02-23,31.59,22.47,26.33,6.07,64.89,2.4810089536416373,5.257682045184337
2025-02-24,33.66,22.34,27.18,3.8,64.03,3.0096238077578574,5.758899391362996
2025-02-25,35.83,20.87,28.06,0.59,59.74,3.779921988828323,6.459083925365118
2025-02-26,34.57,23.1,28.2,0.43,54.43,3.4942167354605864,5.963827064987688
2025-02-27,35.43,22.43,28.49,0.61,53.39,3.7778202701289,5.4396461205394795
2025-02-28,36.1,22.39,28.81,0.02,50.45,4.0857202489040985,7.002318468766477
2025-03-01,33.09,23.37,27.54,0.05,51.67,3.2326594399834114,6.997898958796417
2025-03-02,32.36,22.38,27.11,0.0,57.46,2.8548982270489605,6.280236109694116
2025-03-03,35.88,23.51,29.22,0.0,46.22,4.1010547526616286,7.570172601169286
2025-03-04,36.49,22.71,28.97,0.02,42.31,4.52871634664605,8.763052483107867
2025-03-05,36.44,21.98,28.39,0.29,43.08,4.560505778013074,8.31252021903335
2025-03-06,37.14,22.71,29.56,0.0,40.98,4.745872468990816,8.715870165626619
2025-03-07,37.31,22.95,29.31,0.0,39.99,4.846132954281956,8.641372766066949
2025-03-08,37.28,22.16,29.64,0.01,39.38,4.8155947010584015,7.190721790259952
2025-03-09,37.61,22.58,29.95,0.0,35.98,5.057650816703026,7.167088191493146
2025-03-10,36.3,23.44,29.79,0.02,39.23,4.460486722019206,6.530422123474261
2025-03-11,34.42,24.9,29.12,0.58,47.45,3.5641591227065295,6.007664171734879
2025-03-12,38.74,24.61,30.63,0.01,39.21,5.28337813060258,7.793727497312048
2025-03-13,38.81,21.58,30.45,0.0,35.94,5.435391525961199,6.946850866214413
2025-03-14,38.86,24.51,31.42,0.09,36.88,5.343600288064964,7.138083160510006
2025-03-15,39.57,23.7,31.54,0.05,32.88,5.787083568847672,7.448687065089265
2025-03-16,37.39,22.62,30.09,0.28,42.71,4.653955051826769,7.059562478930618
2025-03-17,38.06,23.21,30.47,0.01,39.9,5.021555736022782,6.9325740591055105
2025-03-18,37.75,21.25,30.01,0.0,35.76,5.086244230359258,7.10955020904667
2025-03-19,37.4,22.67,30.31,0.01,41.66,4.709669771685807,6.776861259909631
2025-03-20,37.73,24.25,30.49,1.66,46.39,4.625035741426611,4.639079897492856
2025-03-21,32.51,23.69,27.17,2.73,64.19,2.6435027577909485,4.175205403071532
2025-03-22,35.42,23.38,29.02,1.64,55.36,3.6670604058137948,6.048607615856906
2025-03-23,35.46,23.31,29.17,0.15,50.36,3.817177378575495,6.13292567769574
2025-03-24,34.78,23.38,28.6,3.29,56.07,3.4606439451761615,4.667441747097204
2025-03-25,27.18,22.99,24.44,81.22,84.29,1.02616474940013,3.706860295930479
2025-03-26,29.52,21.46,25.33,12.23,80.65,1.5569323447068792,4.364496878957454
2025-03-27,29.4,21.8,25.37,9.41,80.35,1.5285053185446933,3.6852657048353517
2025-03-28,27.63,21.31,24.45,4.08,79.74,1.269712679814658,3.2535344292547594
2025-03-29,29.37,20.4,24.83,2.11,78.8,1.6490805931580304,4.028660757013673
2025-03-30,29.51,21.46,24.42,4.47,78.39,1.756408432956603,4.553334445048058
2025-03-31,30.87,20.74,25.45,0.26,71.27,2.181274690409894,5.23922275600247
2025-04-01,31.11,21.1,25.89,0.05,67.65,2.295842258511072,5.251312514189071
2025-04-02,30.45,21.71,25.4,0.0,67.62,2.1931684440301433,5.354711092191395
2025-04-03,31.38,18.71,25.33,0.0,66.48,2.4914121462339414,4.960818515147322
2025-04-04,32.05,19.36,25.74,0.49,65.71,2.6437787148134007,4.943494727287206
2025-04-05,32.09,20.58,26.24,0.83,66.72,2.5568199520538286,4.978827454295941
2025-04-06,30.23,21.96,25.35,3.81,73.08,1.9755171052602654,4.610495384654195
2025-04-07,32.1,19.54,25.55,0.0,61.76,2.8030844863108637,5.482446853178677
2025-04-08,32.22,21.23,26.21,0.07,62.95,2.7201793423747054,4.767964051747074
2025-04-09,33.87,21.71,27.25,0.0,59.39,3.215591410823315,5.439376135145401
2025-04-10,33.96,23.2,28.0,0.38,58.83,3.156211313926744,4.7260921475613396
2025-04-11,33.1,22.6,27.42,7.14,63.44,2.8279206568221205,3.9804431064728623
2025-04-12,32.55,21.15,26.68,2.17,68.93,2.5821567319533303,2.991720468684522
2025-04-13,33.09,22.36,27.16,0.62,65.45,2.7717568000427413,3.766077119456741
2025-04-14,33.27,22.3,27.57,2.3,65.58,2.777220084794944,4.545997899309804
2025-04-15,32.39,23.06,26.83,5.47,69.97,2.459320530974974,2.7372723687715745
2025-04-16,32.28,22.06,26.53,0.35,72.52,2.4009826601863535,4.524108202688039
2025-04-17,34.7,21.95,27.8,0.12,60.55,3.376211691710972,4.982223391116989
2025-04-18,35.13,22.36,28.26,1.02,55.53,3.6365542767994787,5.008601335148706
2025-04-19,32.32,22.8,26.87,11.48,70.21,2.4223468085204614,3.9923206230749075
2025-04-20,32.66,22.63,27.32,0.08,65.03,2.632668891345953,4.320113487003543
2025-04-21,34.68,23.45,28.47,0.39,59.79,3.2920941893223943,5.0469371008618396
2025-04-22,32.95,23.07,27.37,1.72,65.89,2.6734303149759686,4.00931146635754
2025-04-23,32.96,21.45,27.02,1.26,66.15,2.746351653613546,4.872305342128314
2025-04-24,32.49,21.74,26.77,2.57,65.33,2.6505610930679615,4.97017776249908
2025-04-25,34.55,20.34,27.39,0.24,61.74,3.3545566883227385,5.03848670769012
2025-04-26,35.4,22.26,28.78,0.09,57.14,3.6023500483762594,4.911971659836273
2025-04-27,36.05,23.9,30.01,0.25,52.23,3.8408405031185757,5.0609331042494645
2025-04-28,34.51,23.34,28.48,2.12,57.95,3.312879960714049,4.16878437309573
2025-04-29,33.58,23.22,28.0,4.37,64.01,2.873716889637084,2.985377372920387
2025-04-30,34.25,23.5,27.55,4.95,66.95,3.035128735128635,4.5853560637274
2025-05-01,30.76,21.58,25.51,6.42,76.28,1.980993628748572,4.147242360158764
2025-05-02,32.06,20.78,25.84,0.45,68.08,2.5912854641050664,4.957395527873063
2025-05-03,33.31,21.93,26.82,0.0,60.26,3.083948065536306,5.745754607117534
2025-05-04,32.32,21.26,26.46,0.3,59.42,2.8439701161235895,4.980855953516444
2025-05-05,33.28,21.52,26.74,0.11,59.32,3.0906875598933663,5.129363388208441
2025-05-06,33.5,21.17,26.54,0.0,56.5,3.2981628118388624,5.533856736305254
2025-05-07,34.13,21.09,26.5,0.0,51.18,3.6927382836772202,6.300783077859901
2025-05-08,34.69,19.75,26.57,0.0,51.39,3.821709189750422,6.1633231889916
2025-05-09,34.57,20.86,27.49,0.0,55.24,3.575899020811937,5.626798996765555
2025-05-10,34.19,20.72,27.34,0.11,56.11,3.417087770307439,5.251718692883401
2025-05-11,34.46,21.65,27.21,0.17,52.98,3.658385151509311,5.850456238430799
2025-05-12,35.19,19.66,26.59,0.0,43.01,4.313287848596383,6.879589848159593
2025-05-13,33.88,18.62,25.31,0.0,41.54,4.045121716304026,6.834671250088706
2025-05-14,32.51,19.83,25.76,0.17,51.27,3.252956658670964,6.292000217217104
2025-05-15,33.23,20.53,26.26,0.0,50.76,3.4516437005512968,6.360431357994677
2025-05-16,33.51,20.8,26.83,0.01,50.45,3.4704967422133874,6.014734688485369
2025-05-17,33.49,21.06,26.87,0.15,52.27,3.392027540470878,6.3564897959753255
2025-05-18,33.81,19.84,26.27,0.01,48.51,3.7157781654862427,6.837060577540039
2025-05-19,33.15,18.5,25.01,0.17,47.15,3.710239507926798,6.341483570000966
2025-05-20,33.62,19.15,25.89,0.2,49.19,3.6471201907558197,5.540544425363936
2025-05-21,34.77,19.63,27.01,0.01,43.33,4.101163654779529,5.560934870430588
2025-05-22,34.83,20.97,27.64,0.0,41.27,4.098543255540771,5.464593653109872
2025-05-23,34.7,22.32,28.01,0.0,41.84,3.9967094734032482,5.736527999901161
2025-05-24,32.31,22.78,27.13,0.16,43.01,3.321226153310286,5.743250213463283
2025-05-25,33.82,20.87,26.94,0.0,42.1,3.8214525515659314,6.218691978473695
2025-05-26,34.04,20.5,26.4,0.0,44.46,3.866335572578535,5.866264705768852
2025-05-27,33.31,19.81,25.77,0.0,47.27,3.621485513027236,5.4666241755263405
2025-05-28,34.0,18.53,25.47,0.0,43.49,3.9907567504100827,5.559193348986956
2025-05-29,33.92,17.01,25.47,0.0,36.15,4.188767107887752,5.0486487753184095
2025-05-30,33.31,20.19,26.85,0.0,43.64,3.6007982278319637,4.682544809958068
2025-05-31,33.8,22.53,27.6,0.03,48.53,3.510549686101639,4.750075638791553
2025-06-01,34.1,21.49,26.92,0.0,45.87,3.7883259325547374,5.53356775142579
2025-06-02,34.41,21.72,27.19,0.31,48.07,3.805563031914839,6.225110152972633
2025-06-03,31.59,19.09,24.61,0.02,49.88,3.275195217945626,5.49245604918439
2025-06-04,33.25,19.39,25.38,0.0,54.19,3.45735295160887,5.556801029071285
2025-06-05,34.17,18.96,25.29,0.13,49.41,3.9373818414131803,5.425808594368142
2025-06-06,34.39,16.92,25.05,0.04,46.02,4.120526284517068,5.173935899082921
2025-06-07,34.29,18.19,25.86,0.0,45.22,4.005961854543234,5.56485041254481
2025-06-08,34.16,21.01,26.47,0.0,44.69,3.9287339285409484,5.500200632647475
2025-06-09,34.3,17.22,25.97,0.0,41.17,4.123706686836233,4.350340406255284
2025-06-10,30.42,18.89,24.25,57.7,59.0,2.6066776314088274,4.007708598779465
2025-06-11,30.93,17.2,23.82,0.0,62.13,2.7114367597092093,3.9750950570921653
2025-06-12,30.74,19.89,24.69,0.0,64.56,2.4752404175703253,4.294365468201475
2025-06-13,29.32,19.79,23.75,0.0,66.03,2.1839815603519472,4.863012495940954
2025-06-14,28.7,17.16,22.32,0.0,66.05,2.2093246404828566,4.713989534067045
2025-06-15,28.64,16.69,22.18,0.0,64.49,2.25579644528083,4.470070757470276
2025-06-16,29.76,16.28,22.59,0.0,62.26,2.5337848733433477,4.1047289718517685
2025-06-17,29.92,17.82,23.26,0.0,63.63,2.472748974708494,4.328963072901388
2025-06-18,30.48,17.61,23.39,0.0,61.93,2.6559454528625777,5.091750481911269
2025-06-19,29.87,16.78,22.28,0.0,58.11,2.7496259251044712,5.337099586502038
2025-06-20,30.62,15.89,22.4,0.0,58.3,2.9151131088741096,4.7044496038165375
2025-06-21,31.4,17.03,23.71,0.0,60.59,2.908058567903134,4.217615986664181
2025-06-22,32.61,16.97,24.75,0.0,54.55,3.339067063002611,4.191339612021114
2025-06-23,32.92,17.33,24.44,0.0,50.71,3.5685770387634888,4.717910634764818
2025-06-24,33.62,16.7,24.51,0.0,48.98,3.827221854238548,4.7661420407504815
2025-06-25,33.21,17.41,24.85,0.0,44.58,3.783084383209638,5.67283396507641
2025-06-26,31.99,18.71,24.76,0.0,58.12,3.0555064486691306,5.392291635355868
2025-06-27,32.02,18.22,24.57,0.0,56.81,3.096081470861271,5.2251581572171295
2025-06-28,31.92,17.82,24.12,0.0,52.8,3.29238685086096,5.572677455539634
2025-06-29,31.76,18.65,24.6,0.0,54.35,3.104470467234183,5.325412069964038
2025-06-30,31.41,15.62,23.03,0.0,46.9,3.377131458738765,5.399437711676533
2025-07-01,29.01,19.39,23.32,0.0,61.83,2.2716611685924333,3.960668395400772
2025-07-02,32.98,18.16,24.69,0.0,48.89,3.6052094755647586,5.843056145149447
2025-07-03,31.09,16.14,22.84,0.0,45.06,3.313784705610584,5.886733258293846
2025-07-04,30.75,15.7,22.41,0.0,50.36,3.182027227065867,5.6690785608299725
2025-07-05,28.69,17.38,22.67,0.0,58.98,2.3708011307072008,4.168215904598233
2025-07-06,30.24,17.91,23.44,0.0,49.8,2.917651478528751,4.338560457047168
2025-07-07,30.56,17.46,23.7,0.0,53.46,2.876629061519278,4.579121597100257
2025-07-08,31.08,17.62,23.99,0.0,53.88,2.992639766338815,4.817382275470432
2025-07-09,32.2,17.21,24.11,0.0,39.8,3.6845394977596064,5.795064072787116
2025-07-10,30.43,16.11,22.62,0.0,42.57,3.2404961118308613,6.126689802666036
2025-07-11,30.84,15.83,22.67,0.0,49.27,3.2023094084952293,5.630487155756754
2025-07-12,30.47,16.83,22.66,0.0,49.61,3.1000572638474537,6.078739622879497
2025-07-13,29.21,15.45,21.91,0.0,51.06,2.800841417674201,5.547261535463474
2025-07-14,29.01,16.37,22.25,0.0,52.44,2.6670938624725045,4.845664112205982
2025-07-15,31.37,16.39,23.14,0.0,51.8,3.2202928010352494,5.323135469546706
2025-07-16,32.2,16.08,23.76,0.0,48.07,3.524582432915158,5.064642016274621
2025-07-17,31.52,16.46,23.28,0.0,47.09,3.376957282019877,5.587430334433522
2025-07-18,32.41,15.25,23.62,0.0,42.26,3.777102702805135,5.053111074559445
2025-07-19,33.26,16.56,24.56,0.0,43.8,3.824050879152798,5.1691058733084105
2025-07-20,33.23,17.51,24.95,0.0,45.16,3.764255444789393,5.403453327563139
2025-07-21,32.72,18.16,24.76,0.0,45.48,3.6161082078257794,5.663741703470878
2025-07-22,32.55,17.35,24.67,0.0,45.33,3.5725284654775153,5.162610353278846
2025-07-23,33.31,18.08,25.25,0.0,43.86,3.785358058714782,5.241356069700005
2025-07-24,33.69,18.66,25.46,0.0,43.28,3.901391077019574,5.828928048496387
2025-07-25,33.14,18.58,24.94,0.0,47.11,3.6974494464473695,6.178047817676355
2025-07-26,33.24,17.11,24.43,0.0,41.84,3.932239354615316,6.361177787853048
2025-07-27,32.72,17.04,24.12,0.0,43.84,3.7384531301890043,6.040234968843303
2025-07-28,32.99,16.11,24.22,0.0,42.18,3.8399064544664188,5.3480342328296055
2025-07-29,35.35,17.13,25.66,0.0,31.74,4.78946042854429,5.6027531861185516
2025-07-30,35.68,18.38,26.6,0.0,30.02,4.857423048972076,5.194970505252834
2025-07-31,34.2,20.07,26.63,0.0,38.27,4.082554435198225,6.16009022868007
2025-08-01,32.27,19.29,25.5,0.12,48.41,3.3231605552964805,6.282653922072182
2025-08-02,31.65,17.94,24.82,0.27,48.58,3.2366236930209675,5.938374620651268
2025-08-03,30.82,19.46,24.59,0.12,43.1,3.15397951619887,5.9601143599517865
2025-08-04,32.95,19.3,25.65,0.0,36.51,3.8772708472503625,6.560433127379614
2025-08-05,33.71,18.77,26.47,0.0,38.88,3.954048352837028,5.448340411150825
2025-08-06,33.99,21.73,27.35,0.04,35.99,4.038083314056513,5.908874744735167
2025-08-07,33.97,21.83,27.57,0.24,37.9,3.954293879764685,6.138580379047704
2025-08-08,34.76,20.11,27.35,0.02,35.77,4.323027940301238,6.00111487596327
2025-08-09,35.78,20.51,28.3,0.0,32.15,4.6949613821229725,5.662086265800798
2025-08-10,34.07,23.27,28.51,0.11,35.53,3.9919992555674026,4.510017937365556
2025-08-11,35.74,22.11,28.63,0.05,31.09,4.6938890797966,5.406694088628379
2025-08-12,34.0,22.46,27.33,0.49,39.01,3.9423829426294876,4.820500320079664
2025-08-13,32.74,21.95,26.66,0.67,53.04,3.1632116019441128,4.227806762680964
2025-08-14,33.66,20.93,27.27,0.44,46.0,3.652657582122653,5.879076180703541
2025-08-15,34.03,19.77,26.51,0.0,36.34,4.1222304858213885,7.568828154289197
2025-08-16,32.77,20.25,26.44,0.0,40.95,3.600523264792635,6.549826937471184
2025-08-17,33.32,20.56,26.76,0.0,43.32,3.6716608719467336,6.348597077933474
2025-08-18,33.04,20.48,26.63,0.39,43.21,3.6090102020190384,6.365414708834644
2025-08-19,33.31,20.54,25.84,0.0,35.83,3.9802601326598506,7.62761034074581
2025-08-20,32.9,16.64,24.1,0.23,39.57,3.905626789911645,6.752230676691717
2025-08-21,33.77,16.92,24.7,0.11,36.39,4.196879029877342,6.7830213045303385
2025-08-22,34.13,16.86,24.82,0.0,36.68,4.279255523612442,6.899041282163346
2025-08-23,33.78,16.93,24.49,0.28,39.98,4.167717683098322,7.0414760477351885
2025-08-24,34.14,17.57,25.1,0.51,43.37,4.097911059491747,6.544650531191397
2025-08-25,34.92,18.04,26.22,0.45,42.25,4.256078837161077,6.60338357615009
2025-08-26,34.2,19.93,27.18,0.0,45.89,3.8343360454175928,6.539657087921226
2025-08-27,35.07,21.68,27.64,0.03,35.86,4.381518133694328,7.229848259694642
2025-08-28,35.39,19.45,26.86,0.62,37.22,4.512111369585929,7.6781806629472475
2025-08-29,35.2,17.94,26.15,0.46,36.93,4.550191738765741,7.470390545999021
2025-08-30,34.79,18.95,26.35,0.23,39.99,4.293105792926212,7.43568345594527
2025-08-31,34.9,18.93,26.4,0.39,37.15,4.414604252805244,7.5892832117309466
2025-09-01,34.41,19.94,26.89,0.0,40.38,4.101000087586557,7.741164348362548
2025-09-02,33.87,20.2,26.97,0.0,40.12,3.954137846543116,8.04924827040625
2025-09-03,33.11,19.05,26.12,0.0,43.73,3.670681368407849,7.679169637317445
2025-09-04,33.27,18.91,25.96,0.07,44.82,3.7051913747993432,7.2663991925537195
2025-09-05,34.49,19.85,26.7,0.06,39.55,4.172472449308046,7.284835018852275
2025-09-06,35.88,20.01,27.51,0.0,32.61,4.771649774528103,7.2917706439631225
2025-09-07,35.83,19.51,27.67,0.05,34.89,4.662773046015979,7.528970598807689
2025-09-08,35.54,21.83,27.68,0.09,34.53,4.585952576738821,8.202372040605496
2025-09-09,35.47,18.83,26.31,0.13,35.75,4.665804099080523,7.717347501029522
2025-09-10,37.5,18.28,27.56,0.22,25.01,5.618884601708349,7.751819813568052
2025-09-11,37.67,18.13,28.3,0.04,27.25,5.514504390959517,7.435505533900107
2025-09-12,37.56,20.96,28.7,0.0,31.07,5.3391766483108825,8.266233907890339
2025-09-13,36.46,19.45,27.44,0.29,29.91,5.064288712148545,8.12132509588024
2025-09-14,36.52,19.04,27.58,0.13,31.68,5.029568405227982,8.4235857527362
2025-09-15,36.53,19.77,27.75,0.0,30.77,5.058429323664305,8.787825138301322
2025-09-16,35.8,19.95,27.85,0.1,35.96,4.604701275839972,7.351150260954285
2025-09-17,36.54,22.37,29.22,0.0,32.9,4.836810349347548,7.725380026542857
2025-09-18,37.39,21.91,29.7,0.04,30.25,5.203418209667822,8.261497338851653
2025-09-19,36.46,22.53,29.31,0.56,38.19,4.609453325394267,7.248849650337322
2025-09-20,36.27,21.98,28.63,0.15,34.59,4.739376537126212,7.33414935270712
2025-09-21,37.01,21.54,29.09,0.02,33.78,4.976820034703568,7.304451260524407
2025-09-22,37.54,24.47,30.46,3.21,36.1,4.947232560947618,7.37361045652021
2025-09-23,37.73,24.07,30.76,0.25,39.02,4.872084554604445,6.543242195188951
2025-09-24,37.43,25.11,30.44,0.26,35.5,4.944988904486905,9.06664238467921
2025-09-25,36.49,21.37,28.47,0.01,36.17,4.811534861869919,8.58436320521239
2025-09-26,34.66,23.56,28.6,0.3,37.71,4.076940908846529,8.402846558687743
2025-09-27,34.35,21.68,27.64,0.0,37.7,4.094414799434505,8.554449162017642
2025-09-28,35.6,20.25,27.25,0.0,32.91,4.694441729508347,8.4612605184332
2025-09-29,36.53,19.39,27.63,0.08,29.35,5.091864379817648,8.175130179889624
2025-09-30,37.32,18.79,27.84,0.08,25.56,5.4861684979807706,8.739636656561725
2025-10-01,36.56,19.53,27.44,0.0,28.5,5.173252459835485,8.871498670475834
2025-10-02,36.45,19.2,27.52,0.0,30.43,5.043941482638798,8.011431497539393
2025-10-03,35.95,19.89,27.48,0.0,32.23,4.808072333779147,8.824162332792335
2025-10-04,34.83,19.2,26.68,0.0,33.83,4.456442550751773,8.652297021176581
2025-10-05,36.38,20.38,28.04,0.04,39.95,4.688201387934271,8.542552069239903
2025-10-06,36.43,22.08,29.22,0.0,37.45,4.652052079752653,7.237676042887607
2025-10-07,37.97,22.9,30.21,0.04,31.71,5.3272537301342044,7.5179673006218275
2025-10-08,38.25,23.03,30.52,0.15,32.96,5.355154557670844,8.056521909939532
2025-10-09,38.05,22.73,30.52,0.0,30.37,5.375512611899454,9.094317898765883
2025-10-10,37.13,22.27,29.66,0.29,34.13,4.985578635029289,8.550900282261743
2025-10-11,37.77,22.69,30.4,0.01,30.43,5.268849442566951,8.124026878156375
2025-10-12,36.9,25.78,30.41,0.08,35.03,4.750767198189691,7.548639758485643
2025-10-13,33.03,23.78,27.66,0.45,49.32,3.2548826234038963,4.784159120842713
2025-10-14,37.25,23.65,30.61,0.26,36.86,4.826355156755644,5.930825497702226
2025-10-15,37.3,25.2,31.21,0.36,32.83,4.943755850961217,7.572210637732634
2025-10-16,38.25,22.97,30.72,0.0,29.11,5.468654507808168,8.966616857109557
2025-10-17,37.78,23.05,30.35,0.0,30.89,5.2570148682257996,8.550426591921624
2025-10-18,38.43,22.66,31.08,0.0,29.97,5.478936746183982,7.081572812301841
2025-10-19,32.77,26.26,28.94,0.21,42.62,3.287524432513777,4.965074399945597
2025-10-20,34.19,21.97,27.6,5.41,57.03,3.350415279849329,5.461519352109058
2025-10-21,28.49,19.01,23.2,1.39,63.46,2.1280999316927187,5.108671326086416
2025-10-22,32.01,18.22,24.64,0.05,51.84,3.2110036219398563,6.964452439942245
2025-10-23,33.36,19.59,26.3,0.05,49.31,3.5433239599695145,7.59253919498923
2025-10-24,35.0,20.18,27.0,0.04,44.29,4.155975671698754,8.788841602575705
2025-10-25,36.08,20.68,28.2,0.06,40.67,4.527135555633274,8.139475332933625
2025-10-26,36.75,21.9,29.31,0.06,39.17,4.7164213318199195,8.229026628995113
2025-10-27,37.19,22.01,28.98,0.0,35.36,5.025583571781002,9.24774116569065
2025-10-28,37.17,22.44,29.84,0.0,38.77,4.805732447041586,8.521132511681861
2025-10-29,37.74,22.2,30.26,0.0,34.75,5.105394095555808,7.855237955110107
2025-10-30,38.93,24.47,31.21,0.03,32.16,5.560825225328859,8.133185511668367
2025-10-31,39.13,23.06,31.31,0.38,33.19,5.606087988527728,6.8621443891391944
2025-11-01,35.21,25.43,29.82,2.23,47.12,3.7578984018187676,6.147325491681693
2025-11-02,38.19,24.84,31.5,0.01,40.25,4.923045016149112,6.558317170841195
2025-11-03,36.82,26.05,31.35,0.48,41.35,4.36956086643567,6.2659670505400475
2025-11-04,38.43,25.79,31.79,0.68,42.43,4.89119815714257,6.25675328667062
2025-11-05,37.43,25.09,30.88,1.46,46.38,4.448400171532016,6.22103911830985
2025-11-06,31.61,23.62,27.14,3.66,64.65,2.368562317987849,3.4400186167095312
2025-11-07,35.48,21.99,28.88,2.53,57.9,3.6477984628688382,3.881639772559076
2025-11-08,33.86,23.27,28.48,6.87,61.95,2.961279012741624,4.572314552839223
2025-11-09,34.42,24.28,28.88,2.56,58.79,3.201878834934115,4.200903505377549
2025-11-10,34.2,23.21,28.3,1.96,60.48,3.15104674630453,5.402455678753083
2025-11-11,33.5,22.11,27.36,3.1,64.42,2.939661148775128,5.36449290303871
2025-11-12,32.45,21.82,26.45,0.39,61.19,2.8567523575911067,6.752509601214761
2025-11-13,34.97,22.06,28.19,0.06,50.26,3.7810944699793088,7.204143950536268
2025-11-14,36.7,20.82,28.28,0.0,40.42,4.77044158263617,8.474621339224916
2025-11-15,37.39,18.8,28.55,0.18,37.48,5.067551029439758,7.666193331145153
2025-11-16,38.05,20.33,29.64,0.13,34.67,5.292874139793323,7.941259174540059
2025-11-17,38.41,22.54,30.95,0.21,35.85,5.264461702534426,7.482614220812903
2025-11-18,38.65,27.25,32.34,0.46,33.48,5.306632690218451,6.7037883571691745
2025-11-19,36.62,25.7,30.66,10.77,43.24,4.330133962154242,6.026904529642658
2025-11-20,33.98,22.74,27.71,9.08,63.84,3.029499534329096,4.061415637911372
2025-11-21,29.22,21.89,24.84,21.5,79.09,1.6153430656681427,2.9598580304079127
2025-11-22,30.69,21.66,24.98,1.98,76.42,2.06111458018743,4.058746431672419
2025-11-23,31.89,21.32,26.25,4.33,70.31,2.4115121074292225,3.4492219247483322
2025-11-24,29.97,22.02,25.13,7.75,80.46,1.707217814752847,3.6005833680525767
2025-11-25,29.51,21.72,25.24,54.01,81.43,1.5419503037887363,2.2198858734614886
2025-11-26,28.69,21.95,24.58,3.63,82.07,1.4336866002401312,3.6278128322385217
2025-11-27,30.7,20.66,25.54,0.04,74.88,2.022575209612483,3.440984674547383
2025-11-28,28.56,21.49,24.75,1.62,79.71,1.4468156514542896,3.395465969172848
2025-11-29,29.3,21.05,25.15,1.26,75.05,1.7243089986054496,4.162497592649919
2025-11-30,31.57,20.67,26.67,0.48,69.04,2.275988980247286,4.815548846191334
2025-12-01,30.93,22.87,26.47,2.21,73.46,1.9800656818376519,4.482145684549138
2025-12-02,27.64,21.49,24.33,4.7,84.26,1.1573251794766652,3.4646457017337027
2025-12-03,28.99,21.06,25.0,8.56,79.34,1.5270312652934135,3.967378067363594
2025-12-04,28.77,21.19,24.39,47.84,82.95,1.4580889933547891,2.910785914129204
2025-12-05,28.46,21.05,23.84,2.57,83.45,1.449820306043197,4.00221856667946
2025-12-06,26.19,20.65,23.01,3.07,86.54,0.9832733340620732,2.733737319576947
2025-12-07,25.07,20.1,22.45,2.35,83.48,0.9281790304896296,3.8505364176710675
2025-12-08,29.17,19.02,24.73,7.96,72.77,1.8146878755100713,4.414284368660381
2025-12-09,27.41,21.13,24.39,8.51,76.98,1.312273889122558,3.8571110839949205
2025-12-10,29.03,20.76,24.91,2.07,77.89,1.600986123401126,4.840205443342447
2025-12-11,30.02,20.98,25.87,1.61,73.45,1.8466836647706852,3.89857785693042
2025-12-12,30.06,22.19,26.17,0.07,74.08,1.7783117941884559,4.068238262762016
2025-12-13,29.94,22.07,26.04,3.62,75.48,1.727697209074739,3.1628138849100127
2025-12-14,31.22,21.13,26.17,0.05,74.42,2.0773982775522537,4.829229235355467
2025-12-15,32.04,21.26,26.7,0.13,70.34,2.3790571479271128,5.208436563205762
2025-12-16,32.25,21.3,26.81,0.26,67.53,2.512872541222008,5.322682611374952
2025-12-17,29.08,21.81,24.65,1.23,79.7,1.582689852434806,4.024404842279977
2025-12-18,31.05,20.51,25.77,3.55,72.26,2.175785878774871,4.617568759812901
2025-12-19,32.65,21.33,26.72,0.18,67.39,2.666761342975578,5.517243252977009
2025-12-20,31.53,22.32,26.61,3.5,66.51,2.3729018342237254,5.360319037576719
2025-12-21,30.62,21.64,25.52,8.04,71.6,2.1039477102559463,4.211996299888201
2025-12-22,29.85,20.95,25.39,4.84,68.95,2.0243366303210815,4.969837405825317
2025-12-23,30.26,19.8,24.84,5.31,66.43,2.2852037901137154,5.408025126114816
2025-12-24,32.5,18.18,25.49,0.03,61.65,2.9689558089815478,5.750568787854977
2025-12-25,32.41,19.32,26.09,0.36,62.11,2.845776014767616,5.458655078394209
2025-12-26,31.17,21.05,26.34,0.0,61.99,2.4644673928122405,5.706811547979481
2025-12-27,35.31,21.12,28.4,0.0,55.5,3.681562036541952,6.294922258606686
2025-12-28,35.78,24.15,30.0,0.37,52.05,3.7598086528786894,6.390944478097045
2025-12-29,36.23,23.61,30.12,0.06,53.74,3.836745786348578,5.505622169521909
2025-12-30,35.99,23.67,30.16,0.52,54.32,3.729354463146981,5.81992849874012
2025-12-31,37.0,23.26,30.38,0.17,52.85,4.115514386377313,5.413544661598634
2026-01-01,37.54,23.68,30.89,0.63,51.42,4.295680463344755,5.621744904223152
2026-01-02,35.94,24.39,29.69,3.1,58.12,3.6148416387323454,6.290557090416594
2026-01-03,29.41,22.47,25.58,8.57,77.45,1.6069167485268405,2.9672522854524686
2026-01-04,29.92,20.69,24.98,2.3,75.93,1.9012275340369982,4.972039865959457
2026-01-05,33.81,20.6,26.39,2.37,66.16,3.1613193059363334,5.811266971071947
2026-01-06,28.42,19.95,23.63,2.87,75.29,1.7248340793168446,3.7315662942763144
2026-01-07,33.53,19.3,25.85,0.25,65.92,3.130583140493438,6.5380042235366895
2026-01-08,35.5,18.43,27.08,0.11,52.23,4.061374235493104,7.388646184242862
2026-01-09,35.6,21.29,27.93,0.4,54.49,3.9118573664919047,7.631298128837549
2026-01-10,35.3,21.13,27.74,1.1,53.1,3.8572488548476667,7.506917344783898
2026-01-11,35.75,21.92,28.3,0.8,50.97,4.017169427580499,7.405605625986883
2026-01-12,33.11,21.75,26.99,2.04,61.04,2.98034682053435,5.420537549087602
2026-01-13,35.92,20.69,28.45,0.25,51.05,4.095521687141849,7.122759629773483
2026-01-14,36.63,22.24,28.56,0.02,42.34,4.618047585832702,8.950224293019385
2026-01-15,36.42,21.5,28.63,0.61,45.45,4.415207097715079,8.24630314828114
2026-01-16,37.55,21.4,29.07,0.04,41.37,4.925827356402096,8.439941347967634
2026-01-17,37.25,21.63,29.8,0.34,40.6,4.745485057584748,7.2208684844454645
2026-01-18,35.24,24.6,29.2,2.08,48.4,3.8049381709549657,5.5322487836363825
2026-01-19,29.68,22.28,25.5,20.23,73.63,1.815918441946541,4.568855537267715
2026-01-20,27.27,21.2,23.92,28.71,83.01,1.1836677358769752,3.1147530688730685
2026-01-21,27.75,20.95,24.19,16.97,81.79,1.282207893448049,4.001511392165979
2026-01-22,25.22,20.73,22.95,17.72,87.16,0.7724894628599466,1.779838456362947
2026-01-23,28.93,19.36,24.58,0.96,77.89,1.6235772159735653,4.569172832573089
2026-01-24,29.39,20.42,25.16,0.24,72.71,1.8059074476589565,4.200260293401258
2026-01-25,30.25,21.41,25.49,1.11,73.17,1.9544028083492209,5.127111793616677
2026-01-26,30.81,20.94,25.59,0.06,69.2,2.2248007180143574,5.828212401396602
2026-01-27,31.16,18.7,25.49,0.0,61.18,2.574973693837649,5.937192223430935
2026-01-28,32.22,19.79,26.61,0.19,63.02,2.6710538281929606,5.474733010834833
2026-01-29,29.32,22.06,25.25,1.94,76.56,1.6537992378615511,4.172932354796132
2026-01-30,32.46,21.61,27.35,1.31,64.36,2.619929713126366,5.312054723043774
2026-01-31,33.21,22.69,27.78,5.65,65.01,2.7354520766849704,5.29782624406151
2026-02-01,29.5,22.6,25.89,9.8,78.93,1.5253290992325645,2.952663838972113
2026-02-02,30.34,21.68,26.26,31.65,76.63,1.7526672726965318,3.8603360178717514
2026-02-03,27.52,21.86,24.56,14.84,83.64,1.1064330111165348,2.5254299703361034
2026-02-04,29.93,20.48,25.53,0.31,76.09,1.7800015830022349,4.499917995711723
2026-02-05,30.97,21.76,26.58,0.11,70.96,2.0508869087613077,5.298492434981259
2026-02-06,30.9,20.78,26.44,1.37,71.17,2.0465004076177595,4.77418895891558
2026-02-07,30.99,22.28,26.45,1.75,70.31,2.1153215956646143,5.192825714343319
2026-02-08,30.68,19.69,25.14,2.31,76.14,2.0513100823784707,4.661049003201749
2026-02-09,30.53,19.1,24.73,0.37,72.35,2.1859546209711778,5.368120169263523
2026-02-10,30.21,22.21,26.31,6.94,67.58,2.020508416666521,5.440413787216109
2026-02-11,29.83,21.47,25.5,5.53,73.37,1.8461593503226443,3.1927453675756214
2026-02-12,32.17,20.69,25.91,0.0,65.36,2.681513797309659,6.100740127268948
2026-02-13,31.6,20.1,26.04,0.22,64.83,2.517238110946544,5.4583810347986566
2026-02-14,30.6,21.84,25.73,0.14,68.24,2.16216967214657,4.587690555210219
2026-02-15,32.73,22.04,26.86,0.0,62.21,2.8180105171730476,6.152199710845349
2026-02-16,34.48,20.45,26.83,0.01,57.19,3.559468890430832,6.976284177047254
2026-02-17,33.21,20.59,27.24,0.14,55.9,3.140894119108455,5.932350476452391
2026-02-18,35.3,20.75,28.6,0.23,51.65,3.822623617276041,5.637007123623795
2026-02-19,34.54,21.91,28.15,2.65,58.35,3.366144885751706,4.697222163593024
2026-02-20,30.54,22.38,25.07,8.48,77.56,1.9631406985458923,3.334440200696698
2026-02-21,29.58,21.26,24.74,12.67,79.3,1.7183492054498504,3.9071946119530248
2026-02-22,28.49,21.3,24.72,0.65,77.09,1.539236757748521,4.355933915219299
2026-02-23,28.29,21.33,24.6,3.47,76.97,1.50739315998758,3.874942845951877
2026-02-24,32.09,20.33,26.04,4.74,72.64,2.420388051947325,4.235949096300733
2026-02-25,28.82,22.06,24.93,17.3,81.41,1.4340964431903873,3.203304617487992
2026-02-26,30.53,21.23,25.13,7.66,80.81,1.8575912700702673,4.062050759053125
2026-02-27,28.42,20.91,24.23,5.06,85.06,1.3308234342857763,3.111315628604349
2026-02-28,27.55,20.82,23.43,20.26,86.75,1.2072018328135479,3.3879043047997084
2026-03-01,27.69,20.79,23.76,3.65,85.53,1.2267581124723232,3.6403282699060266
2026-03-02,29.07,20.47,24.23,9.0,83.17,1.548620226007698,4.304834521051214
2026-03-03,29.42,20.99,24.86,5.71,82.27,1.5582833251980825,4.3876552162475475
2026-03-04,28.59,21.83,24.69,7.88,84.93,1.2934847234464413,3.8193366903441284
2026-03-05,29.15,20.88,24.6,7.78,84.78,1.4429752641852343,3.54513413214518
2026-03-06,29.58,21.13,24.69,3.76,79.2,1.7317582885270513,4.778562581586451
2026-03-07,26.5,20.82,23.41,2.85,84.34,1.0429956055690432,3.4814260887644894
2026-03-08,30.37,20.02,24.97,0.42,74.44,2.034463920678588,5.286643344690721
2026-03-09,30.77,19.36,25.46,2.63,71.65,2.148840866513708,5.103070236524591
2026-03-10,31.42,21.34,26.23,0.21,69.76,2.268639638229172,5.0736238682079104
2026-03-11,31.7,20.97,26.61,0.33,68.89,2.3132189787160646,5.109784498598204
2026-03-12,32.74,20.33,26.47,0.17,67.07,2.7253515863160422,5.547032604674206
2026-03-13,32.77,19.93,26.69,0.26,63.06,2.847813969350791,5.48139420014946
2026-03-14,33.53,20.43,27.3,0.48,65.79,2.8878457200073093,5.485704908410553
2026-03-15,33.55,22.77,28.11,1.42,65.5,2.778754654510732,4.6126208439632395
2026-03-16,30.14,22.99,26.13,1.48,74.09,1.8085236420724224,3.1627811630772626
2026-03-17,33.68,20.83,27.01,0.85,67.47,2.9385374815477663,5.579010821324034
2026-03-18,35.24,21.34,27.52,0.01,59.99,3.663367330470391,6.089675369481878
2026-03-19,35.68,20.33,27.84,0.05,59.09,3.7695935891407317,6.12000531439552
2026-03-20,34.74,21.37,28.02,0.56,63.48,3.288150387835416,5.331659424355781
2026-03-21,32.67,22.71,26.51,1.55,67.89,2.6849522975191293,4.733983001701197
2026-03-22,35.3,20.76,28.18,0.34,59.55,3.633048754970344,4.553260576779138
2026-03-23,33.58,23.36,28.11,2.16,61.63,2.9432923961495794,3.7926753571069125
2026-03-24,27.84,21.96,24.41,7.8,80.09,1.330241446969453,2.554172705975799
2026-03-25,26.99,20.71,23.49,3.07,80.88,1.25519224912992,2.427627558381066
2026-03-26,30.86,20.5,24.69,1.93,73.25,2.2457689108531147,5.234995539358043
2026-03-27,33.28,20.9,25.93,0.47,61.32,3.2193367262778945,6.828272223557993
2026-03-28,33.9,19.5,26.6,0.08,59.65,3.3235608258156617,6.115005498427226
2026-03-29,32.03,21.82,25.93,3.13,65.17,2.676687265595221,5.907669476498601
2026-03-30,33.69,20.41,26.82,1.26,60.48,3.191238821107195,5.3774519234159
2026-03-31,31.89,20.82,25.82,6.46,71.31,2.431514803739189,4.6798794115116396
2026-04-01,29.85,21.79,25.03,2.37,77.07,1.8098850153199288,4.077090580957584
2026-04-02,29.01,21.39,24.51,4.56,79.15,1.614139213089541,4.123595284623634
2026-04-03,31.5,20.24,24.9,0.4,71.2,2.449230603590855,5.2412205696121745
2026-04-04,33.0,20.36,26.15,0.19,64.4,2.9189735919597632,5.491457880469713
2026-04-05,34.34,21.0,27.31,1.34,60.82,3.3109380368568218,5.7363709446670255
2026-04-06,32.46,22.38,26.86,2.48,68.63,2.519694163114903,4.204948826831246
2026-04-07,34.54,21.65,27.87,0.03,60.1,3.326039692309863,5.777986130052248
2026-04-08,35.42,22.51,28.65,0.15,56.16,3.663125133699674,5.632535384750427
2026-04-09,34.35,22.33,28.57,4.51,57.73,3.2468862629624096,5.102948173050268
2026-04-10,34.51,22.3,28.03,4.23,63.28,3.202481500208119,4.700685637863092
2026-04-11,32.84,22.97,27.79,18.52,63.37,2.6942399115820423,4.92188788409521
2026-04-12,31.72,20.73,25.73,1.51,64.83,2.5965216765104926,5.187446535069386
2026-04-13,31.9,20.86,25.83,0.01,66.08,2.5821356600439267,5.110258749248965
2026-04-14,27.75,21.87,24.25,1.28,74.2,1.493355204573406,4.443792225423806
2026-04-15,32.85,20.81,26.51,0.25,64.95,2.8083447322443034,5.236122181979611
2026-04-16,32.94,21.28,26.82,0.91,64.18,2.815850232568525,4.7075886929152855
2026-04-17,33.94,21.58,27.54,0.02,60.64,3.166396959869284,4.516762848473588
2026-04-18,34.07,23.08,28.06,0.77,60.46,3.121986269042433,4.149910129800417
2026-04-19,32.89,22.13,26.53,1.13,68.8,2.6911376104259683,4.502275555394632
2026-04-20,35.13,21.45,28.38,0.12,57.82,3.5822867101754787,4.695194750043075
2026-04-21,35.13,21.8,27.95,0.01,53.32,3.774055205288688,6.193598538631857
2026-04-22,35.21,21.16,27.23,0.0,45.78,4.126633160198454,6.848832697858943
2026-04-23,34.89,20.56,27.41,0.0,52.16,3.7784137933138897,6.085512129056184
2026-04-24,34.72,22.53,27.56,0.04,52.18,3.6992949519445633,6.2831586838256746
2026-04-25,33.58,22.39,27.52,0.05,55.75,3.231213015384072,5.7176074939959305
2026-04-26,35.1,22.6,28.5,0.03,51.07,3.74659066653004,5.10233931677451
2026-04-27,34.85,23.46,28.75,0.04,51.69,3.6298911354676346,4.275292612699745
2026-04-28,35.96,22.42,29.1,0.0,45.09,4.21051067204283,5.193671799398183
2026-04-29,36.12,20.93,28.21,0.0,41.07,4.487346007383573,6.4143926911886675
2026-04-30,35.27,21.12,27.03,0.0,45.24,4.217182909537424,6.990275996195548
2026-05-01,35.28,20.19,26.98,0.0,41.68,4.352398266473553,7.004108460994735
2026-05-02,36.02,20.75,28.01,0.0,45.32,4.3756888267009995,6.655831824276036
2026-05-03,36.49,21.41,28.69,0.0,37.55,4.699104072146749,6.937422007074526
2026-05-04,34.38,22.95,27.75,0.0,47.47,3.7890803331975196,6.999613073632241
2026-05-05,35.16,20.58,27.03,0.0,40.64,4.302074837173046,7.533700875098512
2026-05-06,35.24,21.05,27.71,0.0,43.64,4.186153599238825,6.79391636517865
2026-05-07,35.93,22.05,28.15,0.0,44.11,4.369742376616525,6.894072087927995
2026-05-08,35.5,21.46,27.79,0.0,42.77,4.265432025708646,6.848162479020194
2026-05-09,35.63,19.82,26.72,0.0,39.41,4.539817127207311,6.429289366780341
2026-05-10,35.75,21.55,27.12,0.06,43.16,4.418106345522775,6.395179246674509
2026-05-11,36.66,18.91,27.83,0.0,35.37,4.904995787295522,5.791701312811406
2026-05-12,36.44,22.23,28.79,0.0,37.34,4.672230499179593,6.460714821751336
2026-05-13,35.92,22.15,28.19,0.02,38.64,4.492865992702349,6.488865295233878
2026-05-14,34.73,22.63,28.28,0.0,42.87,3.942783189661351,5.790080403562282
2026-05-15,33.22,21.36,27.11,0.0,45.39,3.510472205375068,4.929147046820521
2026-05-16,35.78,20.25,28.06,0.0,39.12,4.465244891357018,5.096718100868841
2026-05-17,35.93,22.14,28.41,0.0,38.72,4.496114029738813,6.374861194809807
2026-05-18,35.7,18.98,27.14,0.0,34.71,4.676308467536714,5.619867916191023
2026-05-19,36.11,19.32,27.39,0.0,35.57,4.769405740760449,5.50104159868122
2026-05-20,35.55,19.86,27.16,0.0,38.59,4.471772824365134,5.86898106150984
2026-05-21,35.07,19.07,26.79,0.0,40.45,4.27937914080838,6.023380509587615
2026-05-22,34.38,21.92,26.86,0.0,41.15,4.045924530547596,6.798342209706867
2026-05-23,33.64,19.73,25.88,0.32,48.44,3.679152510970149,5.951646056510268
2026-05-24,32.87,19.21,25.77,0.18,55.03,3.2594819396620727,5.071747238048835
2026-05-25,32.3,20.88,25.64,2.86,62.18,2.8982481738762953,5.153561462478977
2026-05-26,33.43,19.46,25.67,0.0,52.75,3.523810501315923,5.760535147593842
2026-05-27,33.77,19.12,25.33,0.0,44.15,3.919483484952724,6.027071377830545
2026-05-28,34.02,19.11,25.47,0.0,42.95,4.017698674441397,5.92478716797652
2026-05-29,33.0,18.39,24.6,0.0,44.31,3.727001287878122,6.035964634702361
2026-05-30,32.88,18.85,25.13,0.0,51.72,3.4469038137171557,5.478027369454792
2026-05-31,30.03,20.54,24.89,0.0,57.59,2.474614435946127,4.201107130312271
2026-06-01,34.03,20.12,26.56,0.0,46.75,3.7897352120414958,5.105137033811212
2026-06-02,34.81,19.24,26.97,0.0,43.47,4.101040745164736,5.375110997172453
2026-06-03,31.45,21.17,25.62,0.0,50.8,2.9810923525913657,5.384244605998269
2026-06-04,32.41,21.19,25.76,0.0,51.32,3.221225646173736,6.373924180371301
2026-06-05,32.24,18.77,24.48,0.0,43.43,3.5659359156289634,6.397293425393283
2026-06-06,31.67,17.21,24.05,0.0,46.45,3.3214725976885613,5.168773822677677
2026-06-07,33.37,17.86,25.15,0.0,39.62,3.9132736669513157,4.526673827324299
2026-06-08,34.49,18.57,26.41,0.0,41.51,4.112716266199406,4.999596531947014
2026-06-09,34.99,20.51,27.28,0.0,42.09,4.163415992823843,5.357405687322003
2026-06-10,34.68,21.64,27.27,0.0,40.21,4.117726814485377,5.473406385058856
2026-06-11,31.41,21.24,25.91,0.0,43.24,3.185757062265565,4.5429758540617
2026-06-12,34.78,19.78,27.26,0.0,42.18,4.11089209633923,5.057504434072181
2026-06-13,34.52,22.9,27.64,0.0,42.65,3.9418082621331774,4.535357533333324
2026-06-14,35.71,20.26,27.51,0.0,43.54,4.33656202185601,5.4686030080089
2026-06-15,36.35,20.48,28.26,0.0,38.9,4.646059201537059,5.2790842946375305
2026-06-16,35.94,22.95,28.74,0.0,37.51,4.490916308650321,5.463555299882895
2026-06-17,34.97,22.41,28.37,0.0,38.1,4.194066771700934,5.710542141856486
2026-06-18,33.9,22.02,27.6,0.0,40.24,3.8392812468895245,5.347965772524262
2026-06-19,33.79,21.4,27.13,0.0,47.4,3.645237923337901,5.798643577300414
2026-06-20,33.6,19.59,26.07,0.0,40.98,3.883971633901605,5.258872795793715
2026-06-21,34.36,17.72,25.47,0.0,33.27,4.434545210328913,4.940953939303339
2026-06-22,33.85,17.42,25.12,0.0,33.57,4.264158412558518,5.30538413853705
2026-06-23,33.64,17.14,24.88,0.0,31.58,4.285549542550001,4.619980780008529
2026-06-24,34.93,16.84,25.07,0.0,27.32,4.827458998456373,5.604997917563802
2026-06-25,33.59,17.88,24.9,0.0,31.14,4.260025342468143,6.73136591950087
2026-06-26,32.17,17.97,24.66,0.37,49.93,3.3521138288910177,5.2626980892462765
2026-06-27,32.43,20.03,25.51,0.18,53.81,3.2181824658960436,5.765085507594348
2026-06-28,32.18,18.41,25.24,0.0,49.8,3.275935593575741,5.119033247012923
2026-06-29,32.41,19.03,25.81,0.0,44.94,3.4588571388113882,5.729204571337336
2026-06-30,32.2,19.23,25.45,0.0,47.49,3.3119859278525507,5.526780483556817
2026-07-01,30.13,16.9,23.2,0.0,38.56,3.257014770883831,5.3366311638281205
2026-07-02,30.88,17.8,23.78,0.0,46.74,3.1674891865581642,5.033657488281456
2026-07-03,31.54,16.82,24.06,0.0,39.65,3.5037512320955395,4.993277799965594
2026-07-04,32.71,18.95,25.57,0.0,45.72,3.516465424948157,4.348998817061437
2026-07-05,33.08,18.18,25.3,0.0,35.51,3.9667722799742045,4.804365012485051
2026-07-06,33.32,17.89,25.31,0.0,35.26,4.02551185202876,4.770390375772578
2026-07-07,33.05,18.96,25.68,0.0,39.27,3.795586115224384,4.283364757404367
2026-07-08,33.72,19.1,26.11,0.0,36.42,4.071656027936854,4.585139638892942
2026-07-09,34.23,19.18,26.8,0.01,36.15,4.168818591902283,4.718485165574084
2026-07-10,33.82,22.47,27.75,0.11,37.44,3.9073971386582707,4.965095379566183
2026-07-11,32.44,22.08,27.09,0.01,39.64,3.4800202284774917,4.487420702819371
2026-07-12,33.52,22.76,27.38,0.0,38.34,3.821750184941287,3.821599110709071
2026-07-13,34.12,21.2,27.61,0.05,37.4,4.032560392702316,4.116125310642442
2026-07-14,34.79,22.64,28.46,0.07,33.97,4.282086188249769,4.795621234848028
2026-07-15,32.32,23.29,27.25,1.14,46.02,3.2050973317467797,5.6366213767586935
2026-07-16,31.28,20.57,25.12,0.0,39.19,3.378083343527284,6.227088740726764
2026-07-17,29.99,16.99,22.96,0.0,37.81,3.241521939727299,5.65147264865132
2026-07-18,30.31,17.71,23.36,0.0,41.11,3.2145022280463253,5.551513903176813
2026-07-19,30.68,17.37,23.47,0.0,40.95,3.3105403055570632,5.499550899715057
2026-07-20,31.19,17.2,23.71,0.0,41.5,3.3894729933562235,5.085565845570174
2026-07-21,32.14,17.14,24.52,0.0,40.04,3.5986940659520816,4.8239708541295885
2026-07-22,32.95,18.83,25.84,0.02,43.72,3.6364480087433204,4.403502282149043
2026-07-23,32.13,19.94,26.18,0.17,41.05,3.4301330985681364,3.9786029089958315
2026-07-24,33.98,20.24,26.76,0.0,36.65,4.099295833361607,4.511542393230643
2026-07-25,34.23,19.74,26.74,0.0,34.86,4.219376983754562,5.160763592554102
2026-07-26,35.21,20.17,27.37,0.0,35.29,4.475856665029546,5.240917564318555
2026-07-27,34.86,20.79,27.48,0.0,36.2,4.328125497524065,5.134298724269705
2026-07-28,34.16,20.86,27.44,0.07,36.67,4.073190790016472,4.836054208513606
