year,yield_kg_ha
1974,1810.0
1975,1284.0
1976,542.0
1977,1419.0
1978,1382.0
1979,1287.0
1980,1024.0
1981,1342.0
1982,1213.0
1983,1229.0
1984,1185.0
1985,1323.0
1986,395.0
1987,1356.0
1988,814.0
1989,723.0
1990,1145.0
1991,957.0
1992,877.0
1993,1172.0
1994,1500.0
1995,850.0
1996,1620.0
1997,1416.0
1998,1976.0
1999,1602.0
2000,2059.0
2001,1668.0
2002,1246.0
2003,748.0
2004,1175.0
2005,907.0
2006,1180.0
2007,1128.0
2008,1372.0
2009,1160.0
2010,1372.0
2011,1167.0
2012,1393.0
2013,1328.0
2014,1412.0
2015,1262.0
2016,1703.0
2017,1358.0
2018,1725.0
2019,1456.0
2020,1720.0
2021,1595.0
2022,1486.0
2023,1612.0
2024,1762.0
