hot30_mar_jul_c_days,rain_filling_jun_jul_mm,rain_flowering_mar_may_mm,rain_prev_aug_dec_mm,root_sm_mar_jul,vpd_mar_jul_kpa,year,yield_kg_ha,production_t,area_ha,area_growth,yield_lag2_kg_ha,area_growth_lag2,target_status
1.4729199992981676,280.492981893659,443.4234182066017,564.9069543035179,0.423100569806046,1.195636146446286,1993,720.0,180000.0,250000.0,,,,final
3.122703221769288,370.4702417011146,477.8272284192964,488.7328157550216,0.4102789487251939,1.2113105139888398,1994,745.3,207000.0,277740.50717831746,0.11096202871326977,,,final
2.4788632503169468,258.49739328441734,494.9123208909129,426.4810627247656,0.41810986144609324,1.165851109407109,1995,747.1,229980.0,307830.2770713425,0.10833770773561135,720.0,,final
1.0689187864483471,333.24660356718766,533.1725531389112,481.95893532189046,0.4360329864925987,1.0236375282709156,1996,749.1,229980.0,307008.4100921105,-0.0026698705112802035,745.3,0.11096202871326977,final
4.837198117397285,257.2642470434873,417.3287583772409,476.0235760310901,0.4180503968079548,1.2355772846610689,1997,747.40005,228000.0,305057.51237239013,-0.006354541620325782,747.1,0.10833770773561135,final
2.946874191348175,301.4561183094222,371.1112132680742,723.9170991747028,0.41948390360458954,1.2379557518003186,1998,760.1999999999999,229980.0,302525.6511444357,-0.008299619334939501,749.1,-0.0026698705112802035,final
1.74848418255541,278.6011809511595,345.460380045964,538.6106229969308,0.41216668618774527,1.1442490528083868,1999,865.3,217450.0,251300.127123541,-0.16932621689139993,747.40005,-0.006354541620325782,final
6.340515415915519,237.13578909615129,380.728631710201,471.14537781667855,0.38675071741223094,1.4305072777993966,2000,919.90006,229980.0,250005.41906693648,-0.005152039003816444,760.1999999999999,-0.008299619334939501,final
1.7092073947241055,313.87784238077893,448.73917855615014,545.1001827323264,0.42041196298436573,1.1335607614908005,2001,644.5,157155.0,243840.18619084562,-0.024660396958996245,865.3,-0.16932621689139993,final
1.5446765298023915,255.99010545079153,390.18513948231066,533.9584991689399,0.41553440263059904,1.1779212854262338,2002,733.90007,160000.0,218013.33252359548,-0.10591713396673796,919.90006,-0.005152039003816444,final
4.1164552507955054,314.0287679588168,376.6613049122745,467.7655042979887,0.41194775425683977,1.252211696699605,2003,542.9000000000001,126188.0,232433.22895560873,0.0661422687552955,644.5,-0.024660396958996245,final
3.1836441153068895,269.57436334710616,355.2411451349483,512.8943871128271,0.4109490637801416,1.2499927531593429,2004,600.20006,156170.0,260196.5751219685,0.11944654510505526,733.90007,-0.10591713396673796,final
4.612695001091704,280.91686416369674,517.2425679177735,534.8171746054559,0.4218263010900924,1.1931983109582887,2005,657.1,171631.0,261194.6431288997,0.0038358229982979886,542.9000000000001,0.0661422687552955,final
2.3743492298349596,321.7186749945265,463.1777927202918,472.4283443843226,0.4314556021933692,1.1411189997835323,2006,817.90006,241482.0,295246.34097716043,0.1303690513723752,600.20006,0.11944654510505526,final
4.059709373926218,310.1711693038118,439.2220503481373,626.097055966188,0.41437579399440394,1.2805670234454423,2007,671.5,273400.0,407148.1757259866,0.37901175804066156,657.1,0.0038358229982979886,final
3.3227359935569853,315.6665102951335,356.2355853384166,519.5997107842178,0.3965451066943389,1.349615704976554,2008,665.1,260239.0,391278.00330777327,-0.03897886166360731,817.90006,0.1303690513723752,final
4.726189604807903,228.73305263519097,383.75039450395053,623.8113914336931,0.38721504616642666,1.4843895786385155,2009,672.1,265469.0,394984.37732480286,0.00947248244393184,671.5,0.37901175804066156,final
2.1934920285162454,305.4254864824826,539.1875643324466,504.57434410764546,0.44420686534912746,1.0805142627693616,2010,743.20006,370569.0,498612.71539725113,0.2623605996123557,665.1,-0.03897886166360731,final
4.332017916740687,333.2941110012443,445.8854386887163,463.081861852678,0.3940826506438586,1.4135861652822994,2011,762.0,442270.0,580406.8241469816,0.16404336717438905,672.1,0.00947248244393184,final
5.395967390947917,329.2987850507232,404.5038913495783,615.0341320218332,0.4008275152998142,1.3356738465264,2012,748.9000599999999,449740.0,600534.0685912083,0.034677821842993506,743.20006,0.2623605996123557,final
2.8261187909118766,325.8232880172454,472.9437046289716,533.3906568250229,0.421643352858943,1.1321626220324539,2013,728.00004,392006.0,538469.7506335302,-0.1033485379160497,762.0,0.16404336717438905,final
2.217497453926975,244.3129504140543,518.254802234557,597.7158117500883,0.419893100508868,1.175026924595604,2014,746.40006,467860.0,626822.0289264178,0.1640803001263076,748.9000599999999,0.034677821842993506,final
6.1265099450707305,342.0467113082588,417.4011303634843,609.4069843347672,0.40075358456970966,1.3582062573692597,2015,766.5000600000001,501240.0,653933.412607952,0.043252123298807676,728.00004,-0.1033485379160497,final
6.284947121663485,278.6772534645617,467.0913953944768,546.4055320203787,0.4145365582686191,1.239025999183535,2016,650.00004,494819.0,761259.9531532336,0.16412457060001362,746.40006,0.1640803001263076,final
8.28070049926064,280.5911362753653,364.49117843738486,470.4031845508027,0.39358831931249294,1.3793849138161363,2017,680.1,549531.0,808014.997794442,0.06141797482915412,766.5000600000001,0.043252123298807676,final
1.071239336552881,284.684535351375,559.287350071295,623.8669287603645,0.4310901604669673,1.057141227521374,2018,658.5,573986.0,871656.7957479119,0.07876313945556279,650.00004,0.16412457060001362,final
7.629533913888343,404.5599255068106,479.4612608217338,538.2940377554015,0.4003946008332227,1.3394920508306307,2019,658.2,573580.0,871437.2531145548,-0.00025186820595912707,680.1,0.06141797482915412,final
2.367759072000699,317.78016852166866,464.51712738027925,681.5546930150914,0.42813137690308967,1.0974326424588314,2020,682.70004,584789.56,856583.4564767275,-0.017045170590009984,658.5,0.07876313945556279,final
4.567652960876174,265.17927253348876,410.18872514551225,590.1433204707334,0.3896120775199224,1.3335662937683805,2021,647.20005,590400.0,912237.2595613983,0.06497183977097132,658.2,-0.00025186820595912707,final
5.519887817497129,247.95880325550993,333.4164861634445,517.6628766970152,0.38071911864930286,1.3977532899082414,2022,686.8,545566.4,794359.9301106582,-0.12921784131840364,682.70004,-0.017045170590009984,final
2.737420153514354,264.9461695416698,572.3548904747522,556.083541037099,0.42829156271877594,1.1329780107927925,2023,663.1,559400.0,843613.3313225758,0.06200388431608883,647.20005,0.06497183977097132,final
6.649920501603568,333.26986468549217,508.3392304157136,659.7507056666075,0.4110492843466642,1.258787397469562,2024,667.1,575696.2,862983.3608154699,0.022960791127526026,686.8,-0.12921784131840364,final
4.2214845474440725,336.8847212505346,502.06906526528746,574.6444431227953,0.40790044236591605,1.2525412418390103,2025,,,,,663.1,0.06200388431608883,missing
2.4407672230654276,106.08093753039564,572.017901103107,596.5970885223334,0.4184772308631195,1.2173766417606224,2026,,,,,667.1,0.022960791127526026,missing
