heat_excess_jul,heat_days_30,frost_sep,year,oni_summer,rain_winter,rain_growing,sm_preseason,sm_heading,gdd0_growing,vpd_heading,frost_sep_z20,heat_excess_jul_z20,oni_summer_z20,rain_growing_z20,rain_winter_z20,sm_heading_z20,sm_preseason_z20,vpd_heading_z20,yield_kg_ha,target_status,label_scale,target_source
0.0,0.0,0.0,1982,1.04,,,,,,,,,,,,,,,1800.0,final,sad,Statistics Canada 32-10-0002 SAD average yield kg/ha
0.0,0.0,0.0,1983,0.12250000000000001,,,,,,,,,,,,,,,1500.0,final,sad,Statistics Canada 32-10-0002 SAD average yield kg/ha
47.364999999999995,13.5,9.0,1984,-0.2875,37.92,112.53,0.3845081967213114,0.3532258064516129,2236.3525,3.3233023819742833,,,,,,,,,900.0,final,sad,Statistics Canada 32-10-0002 SAD average yield kg/ha
53.75999999999999,15.5,8.5,1985,-0.495,60.63,130.33999999999997,0.3976229508196722,0.3491935483870967,2070.4075000000003,3.321908659158152,,,,,,,,,1000.0,final,sad,Statistics Canada 32-10-0002 SAD average yield kg/ha
2.965,2.0,1.0,1986,0.3325,54.405,210.26,0.41598360655737704,0.39274193548387104,2111.6974999999998,2.156307442332266,,,,,,,,,2400.0,final,sad,Statistics Canada 32-10-0002 SAD average yield kg/ha
10.155000000000003,4.5,0.0,1987,1.52,64.41,220.36499999999998,0.4165573770491804,0.3987096774193549,2159.0325000000003,2.123395585635863,,,,,,,,,1700.0,final,sad,Statistics Canada 32-10-0002 SAD average yield kg/ha
42.33,10.5,0.0,1988,-1.225,49.585,164.54500000000002,0.3816393442622951,0.3720967741935483,2472.135,3.1678375397891805,,,,,,,,,700.0,final,sad,Statistics Canada 32-10-0002 SAD average yield kg/ha
43.06500000000001,12.0,2.5,1989,-0.305,78.095,229.92000000000002,0.4008196721311476,0.3714516129032257,2191.115,3.1420753409933617,,,,,,,,,1100.0,final,sad,Statistics Canada 32-10-0002 SAD average yield kg/ha
10.474999999999998,5.0,0.0,1990,0.35250000000000004,77.195,207.58,0.408688524590164,0.3961290322580646,2074.5375000000004,2.3166191534700413,,,,,,,,,2100.0,final,sad,Statistics Canada 32-10-0002 SAD average yield kg/ha
4.184999999999997,3.5,3.0,1991,0.6575000000000001,83.48,300.09000000000003,0.41729508196721316,0.4361290322580646,2177.8075,2.195954089614526,,,,,,,,,1800.0,final,sad,Statistics Canada 32-10-0002 SAD average yield kg/ha
0.3949999999999996,1.0,3.0,1992,0.265,54.39,218.53000000000003,0.4055737704918033,0.4061290322580646,1915.125,1.581713868009241,0.17015999410112034,-0.9484692007460408,0.11778003126002631,,,,,,2200.0,final,sad,Statistics Canada 32-10-0002 SAD average yield kg/ha
1.7299999999999986,1.0,4.0,1993,0.32249999999999995,80.31500000000001,326.91499999999996,0.40762295081967204,0.46725806451612895,1870.3725,1.344561748433454,0.46132504381712663,-0.8094570504326867,0.18887828991747313,,,,,,2000.0,final,sad,Statistics Canada 32-10-0002 SAD average yield kg/ha
17.534999999999997,8.5,0.0,1994,0.4575,82.94,182.48499999999999,0.4390983606557378,0.39177419354838705,2139.4449999999997,2.557388444701747,-0.8009993151614119,-0.023197214786361206,0.3683595180486523,-0.44303188272176286,1.2364523941186834,-0.06942282135928281,2.7990851622716013,0.1237142016698302,1700.0,final,sad,Statistics Canada 32-10-0002 SAD average yield kg/ha
7.844999999999999,3.5,4.0,1995,-0.405,64.53999999999999,248.03999999999996,0.4193442622950819,0.4056451612903227,2024.1699999999998,2.0760397259192063,0.5096059227876987,-0.4915151079594401,-0.8881054676687845,0.6029795522602295,-0.07834123348943155,0.33424120190224393,0.776234228139346,-0.5782944728517694,1700.0,final,sad,Statistics Canada 32-10-0002 SAD average yield kg/ha
13.885,5.5,1.0,1996,-0.31000000000000005,90.87,178.915,0.444344262295082,0.3935483870967743,2044.7525,2.2841740671564965,-0.4876524151983465,-0.16909680435015373,-0.6951446214005605,-0.5430905007302197,1.696826300455593,-0.044978120340464105,2.312960614094473,-0.23640072414369212,2000.0,final,sad,Statistics Canada 32-10-0002 SAD average yield kg/ha
3.695000000000002,3.0,1.0,1997,1.7150000000000003,136.72000000000003,187.09999999999997,0.45311475409836066,0.41161290322580657,2121.03,2.3315680612838934,-0.46834231538533394,-0.6910484506897049,2.342273817951091,-0.38122149639622444,4.360738116642105,0.5254070803057858,2.3355106008281865,-0.15353491023103194,1200.0,final,sad,Statistics Canada 32-10-0002 SAD average yield kg/ha
26.384999999999998,10.5,1.0,1998,-0.8350000000000001,59.765,167.72000000000003,0.4004098360655738,0.3849999999999999,2233.6224999999995,2.74132435991705,-0.45118013643067356,0.5365481191620135,-1.404941754883564,-0.699739400149301,-0.5333960845642265,-0.36050196737007,-0.6401411254338157,0.5157156169586958,1500.0,final,sad,Statistics Canada 32-10-0002 SAD average yield kg/ha
10.06,4.5,3.0,1999,-1.1025,112.71499999999999,250.57999999999998,0.44508196721311477,0.42145161290322586,2008.6274999999998,2.1457672547336744,0.2697761034181495,-0.3643944037355423,-1.6304515618319142,0.7875773764138279,1.7605986649312806,0.8733824705541495,1.5848170160592157,-0.49724215962810725,1500.0,final,sad,Statistics Canada 32-10-0002 SAD average yield kg/ha
22.585,9.0,4.0,2000,-0.5625,72.755,296.64,0.4149999999999999,0.42467741935483877,2066.0675,2.385328414854143,0.6249306712360956,0.34088835637387166,-0.8136263295609488,1.5684747898198537,-0.06036161140498899,0.9357720025368681,0.0067527581554300935,-0.06890488108890079,1500.0,final,sad,Statistics Canada 32-10-0002 SAD average yield kg/ha
22.965000000000003,8.5,0.0,2001,-0.13,71.42500000000001,161.105,0.4086065573770491,0.3830645161290324,2216.12,2.696319092567421,-0.8748590955783278,0.35284262279593054,-0.243064001865962,-0.8992881937275278,-0.11417978607470211,-0.5294281256421323,-0.3042864818956455,0.4822191061531019,1500.0,final,sad,Statistics Canada 32-10-0002 SAD average yield kg/ha
45.26499999999999,13.5,2.0,2002,0.8274999999999999,87.24499999999999,314.775,0.40024590163934415,0.38919354838709674,1986.7975000000001,2.8919951363481875,-0.0930166367789574,1.641546065974059,0.9800447057228866,1.791682295187168,0.5692531529524258,-0.2981178067076256,-0.7132869521154547,0.8200218830835819,1600.0,final,sad,Statistics Canada 32-10-0002 SAD average yield kg/ha
35.81999999999999,12.0,4.0,2003,0.0975,97.535,149.92,0.46221311475409843,0.38564516129032245,2221.0374999999995,2.976076277411395,0.6258806744939772,0.9272904915790781,0.06684510329644935,-1.0825214821458293,1.0012954982508762,-0.41652066566002055,2.4569970595324504,0.9383832809574022,1100.0,final,sad,Statistics Canada 32-10-0002 SAD average yield kg/ha
10.559999999999997,5.5,1.0,2004,0.5225,109.28,336.70500000000004,0.4366393442622951,0.42903225806451617,1790.9499999999998,2.004370437349584,-0.5961306400250238,-0.6024749413149936,0.61751712201825,2.014746548159847,1.4681956239165836,1.1787488779313913,0.9279643231315519,-0.8871041404812423,1700.0,final,sad,Statistics Canada 32-10-0002 SAD average yield kg/ha
22.174999999999997,8.5,1.0,2005,-0.05,97.02000000000001,228.125,0.44934426229508206,0.41000000000000014,1998.2875,2.4931363378597564,-0.5403799210143215,0.174880133992649,-0.17375247111227832,0.06387361492181862,0.7967309031924827,0.36049131306521476,1.443752978707607,0.13728923988633404,1900.0,final,sad,Statistics Canada 32-10-0002 SAD average yield kg/ha
38.150000000000006,19.0,2.5,2006,0.2275,110.57000000000001,167.14,0.4480327868852459,0.38403225806451613,2283.5724999999998,3.1074693925012697,0.4751377308088706,1.4152199458623342,0.1570304904286174,-1.0562756589627968,1.335476530840641,-0.8349375210507559,1.2343308982555594,1.5356447519880938,1700.0,final,sad,Statistics Canada 32-10-0002 SAD average yield kg/ha
84.53,19.5,1.0,2007,-0.7275,110.02,187.135,0.44754098360655736,0.3848387096774193,2249.7574999999997,3.34913801746906,-0.5582423364838122,4.426849675071011,-1.0850112759210362,-0.6611965912426286,1.1836906109327832,-0.7722323109717097,1.0989410106714026,1.8537796875643078,1500.0,final,sad,Statistics Canada 32-10-0002 SAD average yield kg/ha
12.854999999999999,6.0,0.0,2008,-0.3625,85.46,209.98499999999999,0.4172131147540984,0.38822580645161303,2058.23,2.438734192548214,-1.2887105254485727,-0.5040443681682563,-0.49720162970494736,-0.2505262505261178,-0.03893109805415818,-0.5915298859479434,-0.3190309407570212,-0.09538446560464352,1700.0,final,sad,Statistics Canada 32-10-0002 SAD average yield kg/ha
7.99,5.0,0.0,2009,0.505,85.36000000000001,184.25,0.419672131147541,0.3883870967741935,1952.1025000000002,2.1337195437826955,-1.2887105254485727,-0.6826836582761144,0.7214450447751218,-0.7304854099894234,-0.13499721655076313,-0.6401101189141821,-0.32052900870135825,-0.6296110258152163,2400.0,final,sad,Statistics Canada 32-10-0002 SAD average yield kg/ha
8.779999999999996,6.0,2.0,2010,-1.155,43.34,315.86999999999995,0.4261475409836066,0.4098387096774194,1962.38,2.067675584617717,0.14745653714758059,-0.5684316250589729,-1.8676550079673226,1.5128205498207503,-2.223932088851729,0.2581256278957052,-0.05558970478096819,-0.6910760112809307,1900.0,final,sad,Statistics Canada 32-10-0002 SAD average yield kg/ha
17.865000000000002,7.0,1.0,2011,-0.5425,99.35999999999999,270.135,0.4565573770491803,0.4164516129032259,2066.3125,2.464153069350709,-0.5961069630950316,-0.10172723869621542,-0.762826648208058,0.6267449288871457,0.5569994850977468,0.5253228089389816,1.4635339599630046,0.15105517054271186,1400.0,final,sad,Statistics Canada 32-10-0002 SAD average yield kg/ha
46.254999999999995,16.5,0.0,2012,0.295,69.835,213.04500000000002,0.4367213114754098,0.38338709677419364,2240.8425,3.0204193102481627,-1.2197186461002427,1.3271404570641443,0.5099245368036659,-0.2603465337715387,-0.7807900883082071,-0.9633764868819281,0.3276204237471727,1.2636945119178093,1900.0,final,sad,Statistics Canada 32-10-0002 SAD average yield kg/ha
10.345000000000004,4.5,0.0,2013,-0.295,100.425,196.245,0.4140983606557377,0.39032258064516123,2154.7025000000003,2.215974467476498,-1.1003564484863482,-0.6388891570591416,-0.33428755247216707,-0.5277408317813256,0.5541387574705955,-0.569494253946728,-0.9028736432137449,-0.5566214851540404,2800.0,final,sad,Statistics Canada 32-10-0002 SAD average yield kg/ha
6.390000000000001,6.5,3.5,2014,0.18,80.42,277.97999999999996,0.42860655737704917,0.41209677419354845,2011.05,2.3394049412513596,1.4742954230255323,-0.8809662980615153,0.38955879808489585,0.9668840471441454,-0.4089638226314862,0.8551143514328512,-0.17647769560353857,-0.4614047630572911,2200.0,final,sad,Statistics Canada 32-10-0002 SAD average yield kg/ha
19.519999999999996,7.0,0.0,2015,1.735,79.875,176.74,0.4247540983606558,0.38774193548387104,2146.995,2.460977732866052,-1.1125012508212653,-0.16407064102241162,2.6744035608852053,-0.8666656083628118,-0.4272309471923769,-0.768415641078888,-0.35216932838106557,-0.12054546612931878,2000.0,final,sad,Statistics Canada 32-10-0002 SAD average yield kg/ha
3.865,3.0,0.5,2016,-0.34750000000000003,63.925,287.995,0.42450819672131157,0.413225806451613,2166.54,2.06112299786171,-0.6602857995674912,-1.012033235139247,-0.4381114215751267,1.0948744010317104,-1.226891805142339,0.9003228877524888,-0.3822257350421499,-1.2331495533346377,2400.0,final,sad,Statistics Canada 32-10-0002 SAD average yield kg/ha
65.81,19.5,0.0,2017,0.042499999999999996,73.455,86.03,0.43491803278688534,0.3646774193548386,2253.4350000000004,3.4130207987223935,-0.9997825850610238,2.19502753778298,0.05359145224275458,-2.398102126075891,-0.6897202874677416,-2.1832768457751857,0.22441589865296782,2.306566797190648,1482.0,final,sad,Statistics Canada 32-10-0002 SAD average yield kg/ha
31.684999999999995,11.0,4.0,2018,0.25,83.48499999999999,110.09,0.3998360655737705,0.3666129032258063,2349.7625,2.7561841418687623,1.9005977140208667,0.27174394562331106,0.4848366609600365,-1.6950896348123823,-0.10483131501176975,-1.750127511644499,-1.6688750344721253,0.42799158910007173,1800.0,final,sad,Statistics Canada 32-10-0002 SAD average yield kg/ha
18.415,7.0,3.0,2019,0.3175,76.055,211.385,0.4036065573770492,0.397258064516129,2036.94,2.4178838941176046,0.9994276406669345,-0.3643104696633013,0.5190276659644707,-0.1361151412498918,-0.5851298123997237,0.032575706031962325,-1.4533545302461321,-0.35240996576966954,2609.0,final,sad,Statistics Canada 32-10-0002 SAD average yield kg/ha
13.955000000000002,6.0,1.0,2020,-0.49250000000000005,65.44,197.575,0.4257377049180328,0.4201612903225807,2157.5575,2.1675112555051905,-0.31129713397822556,-0.6004643752860462,-0.8573663882881442,-0.30482179671981,-1.127460216594885,1.382028344174689,-0.10654894126217962,-0.9820786598272765,2499.0,estimate,sad,Statistics Canada 32-10-0002 SAD average yield kg/ha
78.6,22.5,0.0,2021,-0.4325,60.57000000000001,168.32999999999998,0.39901639344262296,0.3543548387096773,2317.285,3.551862386305001,-0.941417559281364,2.4714569082948037,-0.7708219763245276,-0.6712345886255991,-1.3619210976211167,-2.3309309193168213,-1.5969059467977427,2.2596634024943523,1124.0,estimate,sad,Statistics Canada 32-10-0002 SAD average yield kg/ha
36.84,11.5,0.0,2022,-0.845,77.495,167.28500000000003,0.406967213114754,0.38419354838709685,2264.3325,2.737386327608112,-0.941417559281364,0.3262083892472917,-1.3941515598388976,-0.6946734251010238,-0.35501731405087145,-0.48819832965102083,-1.0971105547093465,0.2492865961309874,1885.0,estimate,sad,Statistics Canada 32-10-0002 SAD average yield kg/ha
26.865000000000002,8.0,0.0,2023,1.2325,73.94999999999999,151.84,0.4048360655737705,0.3648387096774192,2379.2425000000003,2.6646829376774006,-0.8579205970760827,-0.06900803054569227,2.0517079121458877,-0.8583273992492158,-0.5225256352506106,-1.4548201676172396,-1.2577029813266014,0.11607096904335781,1871.0,estimate,sad,Statistics Canada 32-10-0002 SAD average yield kg/ha
64.25500000000001,16.0,0.0,2024,0.014999999999999993,67.39000000000001,176.755,0.40721311475409827,0.3770967741935483,2200.0625000000005,3.077146321293335,-0.7930750895572559,1.5122411029261544,0.01758174363643189,-0.4734633900957582,-0.8276239224865533,-0.7440386937010524,-1.0390044286535667,1.0212576748191788,,,,Statistics Canada 32-10-0002 SAD average yield kg/ha
20.184999999999995,6.5,0.0,2025,-0.21500000000000002,83.715,222.48000000000002,0.4036885245901639,0.3919354838709678,2189.1324999999997,2.166095789713718,-0.7427773643955626,-0.42539935067832735,-0.28360499494839864,0.40955533762312385,0.20739932103374173,0.10755067700010666,-1.142319927566417,-1.035533807971602,2116.0,estimate,sad,Statistics Canada 32-10-0002 SAD average yield kg/ha
17.700000000000003,11.0,0.0,2026,,90.11500000000001,190.75,0.4162295081967213,0.452741935483871,1595.5575,2.250765610815054,-0.6951950607035456,-0.5205452340610807,,-0.14396237266536072,0.6373557604651363,3.4536397453552694,-0.30840994858021625,-0.7984789866072068,,,,Statistics Canada 32-10-0002 SAD average yield kg/ha
