hsu_flower,heat_days_29p5,heat_dry_stress,frost_sep,year,oni_summer,rain_winter,rain_growing,rain_flowering,sm_preseason,sm_flowering,vpd_flowering,gdd0_growing,frost_sep_z20,hsu_flower_z20,oni_summer_z20,rain_flowering_z20,rain_growing_z20,rain_winter_z20,sm_flowering_z20,sm_preseason_z20,yield_kg_ha,target_status,label_scale,target_source
0.0,0.0,0.0,0.0,1982,1.04,,,,,,,,,,,,,,,,1200.0,final,sad,Statistics Canada 32-10-0002 SAD average yield kg/ha
0.0,0.0,0.0,0.0,1983,0.12250000000000001,,,,,,,,,,,,,,,,1100.0,final,sad,Statistics Canada 32-10-0002 SAD average yield kg/ha
19.6475,9.75,11.652754999999999,9.0,1984,-0.2875,41.8065,174.61,76.4865,0.5060901639344263,0.45022340425531926,2.322863489383333,2096.7365000000004,,,,,,,,,1300.0,final,sad,Statistics Canada 32-10-0002 SAD average yield kg/ha
13.3655,6.1000000000000005,7.7279,7.0,1985,-0.495,114.828,335.991,71.63550000000001,0.5234344262295082,0.46023404255319156,2.012759936217215,1889.1315,,,,,,,,,1700.0,final,sad,Statistics Canada 32-10-0002 SAD average yield kg/ha
4.772500000000001,4.0,2.488225,1.0,1986,0.3325,116.58500000000001,242.11199999999997,131.4715,0.5870081967213114,0.48568085106382974,1.6931853542992519,1983.53125,,,,,,,,,1500.0,final,sad,Statistics Canada 32-10-0002 SAD average yield kg/ha
31.588,11.100000000000001,17.926940000000002,0.0,1987,1.52,132.13500000000002,249.3385,141.38850000000002,0.5003852459016391,0.44581914893617025,2.173147155694262,2154.8230000000003,,,,,,,,,1500.0,final,sad,Statistics Canada 32-10-0002 SAD average yield kg/ha
58.98100000000001,17.200000000000003,35.123075,0.0,1988,-1.225,79.1755,227.197,94.698,0.5019098360655739,0.4360744680851064,2.72675561280953,2335.6242500000003,,,,,,,,,700.0,final,sad,Statistics Canada 32-10-0002 SAD average yield kg/ha
60.36450000000001,19.3,35.766935000000004,2.5500000000000003,1989,-0.305,96.249,228.571,47.54650000000001,0.46686065573770497,0.4372872340425531,2.716511888941233,2220.7827500000003,,,,,,,,,800.0,final,sad,Statistics Canada 32-10-0002 SAD average yield kg/ha
11.762500000000001,7.65,6.844430000000001,0.0,1990,0.35250000000000004,141.49200000000002,266.75100000000003,91.1565,0.5339590163934427,0.4641276595744681,2.074260236294193,2035.6855,,,,,,,,,1300.0,final,sad,Statistics Canada 32-10-0002 SAD average yield kg/ha
2.8970000000000016,2.5500000000000003,1.5784400000000012,4.1,1991,0.6575000000000001,102.94050000000001,289.46950000000004,175.172,0.48386885245901645,0.4767021276595745,1.8032734439881026,2193.4382499999997,,,,,,,,,1700.0,final,sad,Statistics Canada 32-10-0002 SAD average yield kg/ha
0.0,0.0,0.0,3.0,1992,0.265,106.06800000000001,236.83499999999998,105.88300000000001,0.5352950819672132,0.47365957446808504,1.4111135511001804,1829.4607500000002,0.19206181076664494,-0.888242937668612,0.11778003126002631,,,,,,1800.0,final,sad,Statistics Canada 32-10-0002 SAD average yield kg/ha
3.2129999999999996,1.0,1.7740349999999996,3.5500000000000003,1993,0.32249999999999995,78.8045,380.24050000000005,210.1245,0.48678688524590175,0.5011382978723404,1.3483389238412218,1823.4145,0.35872979112652453,-0.6768047251566144,0.18887828991747313,,,,,,1200.0,final,sad,Statistics Canada 32-10-0002 SAD average yield kg/ha
5.825999999999998,4.55,3.474544999999999,0.0,1994,0.4575,69.0735,253.01950000000002,112.6605,0.48737704918032787,0.46644680851063836,1.8207931954071455,2020.4965000000002,-0.8350528020429799,-0.5184917871853456,0.3683595180486523,-0.037820498089651516,-0.17092583091426083,-1.1012807821448607,0.15660212645353835,-0.7367517103345738,1700.0,final,sad,Statistics Canada 32-10-0002 SAD average yield kg/ha
22.8475,12.450000000000001,12.40728,3.5500000000000003,1995,-0.405,166.04950000000002,199.1245,71.2865,0.5537049180327869,0.44832978723404265,2.1668418199486172,2129.9142500000003,0.41328646789560675,0.305982612984469,-0.8881054676687845,-0.9062431042879678,-1.1243128945464578,2.331146511176006,-0.7411758516663692,1.3041851462821215,1500.0,final,sad,Statistics Canada 32-10-0002 SAD average yield kg/ha
5.505499999999998,3.1,2.851799999999999,1.4500000000000002,1996,-0.31000000000000005,191.23250000000002,226.2665,106.1345,0.5737704918032789,0.4918829787234043,1.6556573020163161,2006.8310000000001,-0.33462462319055014,-0.5509710369653964,-0.6951446214005605,-0.09906584914490385,-0.5428690665718139,2.5714171676995976,1.496849923524597,1.7539757170867412,1800.0,final,sad,Statistics Canada 32-10-0002 SAD average yield kg/ha
8.986000000000002,9.45,4.617805000000001,0.55,1997,1.7150000000000003,142.2335,254.11700000000002,132.1755,0.5385819672131149,0.4693829787234043,1.9391805548273673,2078.56125,-0.6468220292853881,-0.3536946522052572,2.342273817951091,0.4827589332215257,-0.008435581550888492,0.7815667364188759,0.23882795043709484,0.5478383990956217,1600.0,final,sad,Statistics Canada 32-10-0002 SAD average yield kg/ha
2.4015000000000004,2.0,1.08741,0.0,1998,-0.8350000000000001,102.05500000000002,331.923,183.2425,0.4943524590163936,0.5070212765957447,1.5330471781973414,2100.2652500000004,-0.8212113416219864,-0.6815695722684402,-1.404941754883564,1.632155434741807,1.4707454544895755,-0.2681753491025822,2.1156315480742913,-0.7178511138169533,1900.0,final,sad,Statistics Canada 32-10-0002 SAD average yield kg/ha
9.095500000000001,5.45,4.79177,2.5500000000000003,1999,-1.1025,97.1765,331.77700000000004,107.33400000000002,0.5307377049180328,0.48663829787234036,1.6593295169309554,1968.9497500000002,0.16621817466056388,-0.30140384776514173,-1.6304515618319142,-0.2047959886651556,1.3226367101421377,-0.38555020315563726,0.8608943772350028,0.35784194416245646,1900.0,final,sad,Statistics Canada 32-10-0002 SAD average yield kg/ha
7.455500000000001,4.8,3.8271000000000006,2.45,2000,-0.5625,107.6045,331.7825,165.0555,0.5011967213114754,0.5036595744680852,1.6110387604697944,1938.4537500000001,0.12338999596193484,-0.3812063811505553,-0.8136263295609488,1.1009458836115043,1.214434243146574,-0.09384448891491985,1.593093070570106,-0.5250234512397215,1800.0,final,sad,Statistics Canada 32-10-0002 SAD average yield kg/ha
6.6530000000000005,5.35,3.2745100000000003,2.0,2001,-0.13,167.039,266.9215,135.90050000000002,0.572655737704918,0.48832978723404263,1.7269724414599188,2102.6827500000004,-0.05700739346206036,-0.4145342160687656,-0.243064001865962,0.37819890970131254,-0.022416806600524957,1.5474097223773968,0.7664279562345034,1.6509567679919914,1600.0,final,sad,Statistics Canada 32-10-0002 SAD average yield kg/ha
54.84400000000001,16.55,30.585335000000008,5.0,2002,0.8274999999999999,85.47050000000002,250.1605,85.83800000000001,0.4783032786885246,0.4393085106382979,2.6306968348415714,2053.773,1.1582462236487958,2.325252543599658,0.9800447057228866,-0.785105317526903,-0.32861954021073386,-0.7597136906009403,-1.443569768239294,-1.2329109593488052,1800.0,final,sad,Statistics Canada 32-10-0002 SAD average yield kg/ha
31.441499999999998,12.450000000000001,18.400785,2.0,2003,0.0975,98.24400000000001,175.09,54.14550000000001,0.48804098360655734,0.4344255319148935,2.333545392827277,2249.74775,-0.1552129512090813,0.7629823034055524,0.06684510329644935,-1.4902272306821593,-1.7290979859407636,-0.38482056515288743,-1.5432386102990343,-0.8761800515938123,1900.0,final,sad,Statistics Canada 32-10-0002 SAD average yield kg/ha
4.5950000000000015,4.45,2.2710350000000012,0.0,2004,0.5225,130.769,367.26250000000005,83.897,0.5114344262295083,0.4971808510638298,1.6131211479929672,1677.9455000000003,-1.021473986343502,-0.6939437350069683,0.61751712201825,-0.7029626959709073,1.8772478790554823,0.5226655314160322,1.2089427867433906,-0.1661372008719702,1800.0,final,sad,Statistics Canada 32-10-0002 SAD average yield kg/ha
6.3145000000000024,3.8000000000000003,2.826165000000001,0.0,2005,-0.05,126.35500000000002,354.704,150.3775,0.5413934426229507,0.527712765957447,1.6534327228936463,1946.0367500000002,-1.0437752853110807,-0.5602257750523377,-0.17375247111227832,0.7983870675206023,1.4625053095580167,0.3106891663360411,2.3470215879076957,0.6884525699299102,1200.0,final,sad,Statistics Canada 32-10-0002 SAD average yield kg/ha
44.306000000000004,16.450000000000003,25.671730000000004,1.0,2006,0.2275,151.93650000000002,198.90800000000002,51.147499999999994,0.5307213114754098,0.44160638297872346,2.511833924958938,2245.0460000000003,-0.42604879831358344,1.3802622170539043,0.1570304904286174,-1.5737396227665317,-1.2870795008342313,1.077855126488204,-1.1888183099891998,0.3513480207226155,1900.0,final,sad,Statistics Canada 32-10-0002 SAD average yield kg/ha
39.031000000000006,11.65,21.632055,1.0,2007,-0.7275,160.67100000000002,312.295,93.402,0.5513688524590165,0.49884042553191493,1.9696450447543374,2063.0482500000003,-0.42604879831358344,0.9803817313181776,-1.0850112759210362,-0.47768384128823416,0.6925425099614694,1.2558708958071207,0.9622958467579247,1.1405290453925052,1600.0,final,sad,Statistics Canada 32-10-0002 SAD average yield kg/ha
2.5364999999999984,3.0,1.3285699999999991,0.0,2008,-0.3625,96.30850000000001,361.51950000000005,123.388,0.4815983606557378,0.4849574468085106,1.7568935776852688,1943.7745,-1.1041413752399152,-0.807736702449821,-0.49720162970494736,0.2310539985629892,1.4536251288339952,-0.6838997708791129,0.3741996437417449,-1.1357154021448026,2300.0,final,sad,Statistics Canada 32-10-0002 SAD average yield kg/ha
0.0,0.0,0.0,0.0,2009,0.505,148.44100000000003,264.62,102.0625,0.5687459016393444,0.4741489361702128,1.7013041880927782,1767.52275,-1.1041413752399152,-0.8750178112672939,0.7214450447751218,-0.2692867639113895,-0.2612356462431366,0.8145007945490478,-0.10484014623375552,1.5649089692121994,2400.0,final,sad,Statistics Canada 32-10-0002 SAD average yield kg/ha
2.793000000000002,2.5500000000000003,1.4991000000000014,1.1,2010,-1.155,70.869,398.934,133.38600000000002,0.5165409836065574,0.5247340425531914,1.542160699594032,1979.48775,-0.31730829603686417,-0.6641005192633528,-1.8676550079673226,0.38275116941885023,1.9066532023280733,-1.5552545419039283,1.8476285287967071,-0.17288935450651371,2200.0,final,sad,Statistics Canada 32-10-0002 SAD average yield kg/ha
7.885000000000003,3.25,3.7299700000000007,1.1,2011,-0.5425,116.71200000000002,348.3415,114.35499999999999,0.5764344262295082,0.5454893617021277,1.5817283726984235,2013.6112500000004,-0.360421745774604,-0.31655882061909657,-0.762826648208058,-0.11247866272277073,0.8936237836779338,-0.09167462717684627,2.391774346669621,1.690345583172328,1800.0,final,sad,Statistics Canada 32-10-0002 SAD average yield kg/ha
35.73250000000001,16.2,20.387780000000006,2.5500000000000003,2012,0.295,83.8285,295.779,92.7445,0.49484426229508205,0.46001063829787237,2.281609915876182,2194.76,0.7077682341679045,1.3898881987016305,0.5099245368036659,-0.5784362530790648,0.05319038381155456,-1.0434944001600623,-0.8371483803176882,-0.926863650404864,1700.0,final,sad,Statistics Canada 32-10-0002 SAD average yield kg/ha
1.7654999999999998,1.55,0.9736649999999999,0.0,2013,-0.295,119.0055,312.99300000000005,183.56000000000003,0.512016393442623,0.49627659574468075,1.6215633652651764,2031.9695000000002,-1.0353030833671226,-0.8029586607621513,-0.33428755247216707,1.67634983285175,0.2698379346389095,-0.014901009743771917,0.38319259591590576,-0.34851148831490686,2500.0,final,sad,Statistics Canada 32-10-0002 SAD average yield kg/ha
0.0,0.0,0.0,1.0,2014,0.18,103.492,387.067,164.2215,0.5456311475409837,0.5325851063829787,1.3933198448443902,1942.7630000000001,-0.22618596951938602,-0.9019851267407745,0.38955879808489585,1.3289697866505386,1.5063950358466227,-0.518632952779427,1.5850483603352863,0.6158317747918471,2400.0,final,sad,Statistics Canada 32-10-0002 SAD average yield kg/ha
15.27,11.0,8.37487,0.45,2015,1.735,92.4875,269.7625,117.914,0.5024754098360655,0.4535212765957446,2.0639439300006384,2114.965,-0.6725252944511063,0.03326792708566002,2.6744035608852053,0.03130321396567178,-0.43525239119928577,-0.9359910551644405,-1.0670582629775156,-0.7949079132715269,2400.0,final,sad,Statistics Canada 32-10-0002 SAD average yield kg/ha
2.829999999999999,3.5500000000000003,1.53988,0.0,2016,-0.34750000000000003,111.429,351.595,167.63150000000002,0.5178934426229509,0.49670212765957433,1.6418246770258733,2106.79675,-0.9510830167878584,-0.6869382354801965,-0.4381114215751267,1.2842591964764598,0.7976934754045473,-0.2555770961555681,0.27860538715781896,-0.23802429551868096,2100.0,final,sad,Statistics Canada 32-10-0002 SAD average yield kg/ha
17.347,8.2,10.094845,0.0,2017,0.042499999999999996,116.403,241.15549999999996,78.96050000000001,0.5655983606557378,0.49068085106382986,1.899717928236174,2075.8815,-0.8757588789023216,0.1872166815592511,0.05359145224275458,-1.0994329861069783,-1.1110379002522772,0.02932557029280525,0.08058750783970356,1.424332025264523,2640.0,final,sad,Statistics Canada 32-10-0002 SAD average yield kg/ha
22.794499999999996,10.65,12.980874999999997,7.35,2018,0.25,84.6705,239.74850000000004,111.2105,0.46983606557377056,0.4545851063829788,2.219709919448548,2288.6985,4.735691435485986,0.48705644313315366,0.4848366609600365,-0.20392335366405506,-1.1111430214698792,-1.121339580455716,-1.1025061215791359,-1.7275762137375026,2600.0,final,sad,Statistics Canada 32-10-0002 SAD average yield kg/ha
10.3115,6.45,5.846349999999999,2.0,2019,0.3175,88.635,227.5805,107.13550000000001,0.4957704918032787,0.44987234042553204,1.989689324789964,2022.6822500000003,0.2762059243267929,-0.3200498410154313,0.5190276659644707,-0.2323212598642534,-1.204737189362868,-0.9142603258037912,-1.1466108768846148,-0.8196428644398653,2525.0,final,sad,Statistics Canada 32-10-0002 SAD average yield kg/ha
13.996,9.9,7.232530000000001,1.0,2020,-0.49250000000000005,75.51050000000001,261.692,149.973,0.5576147540983607,0.48087234042553195,1.9247294093763814,2114.83875,-0.23945728503469005,-0.10231305340320024,-0.8573663882881442,0.9129753968562314,-0.560764964363313,-1.3653175728913445,-0.11679895026208433,1.0876272224356576,2431.0,estimate,sad,Statistics Canada 32-10-0002 SAD average yield kg/ha
59.496500000000005,21.85,35.072405,0.0,2021,-0.4325,79.1775,287.98,43.560500000000005,0.4649918032786885,0.4298085106382979,2.6410395993060383,2245.80225,-0.7379858314329869,2.63446359996084,-0.7708219763245276,-1.9585053439850166,-0.09828090129954814,-1.1226630203956856,-1.6425181755630083,-1.726200434391087,2046.0,estimate,sad,Statistics Canada 32-10-0002 SAD average yield kg/ha
4.771999999999998,3.5500000000000003,2.331809999999999,0.0,2022,-0.845,127.77550000000001,423.5335,150.7355,0.5636147540983606,0.5667659574468087,1.3834097243675554,1995.12075,-0.6777384090136731,-0.7323777105659014,-1.3941515598388976,1.0211759355184225,2.0004893691595567,0.7866872837270581,2.470858365117813,1.3038369367486389,2684.0,estimate,sad,Statistics Canada 32-10-0002 SAD average yield kg/ha
12.3785,6.1000000000000005,7.2187,0.0,2023,1.2325,89.427,186.0095,58.38150000000001,0.5085491803278688,0.44000000000000006,2.1127971084018817,2284.1217500000002,-0.6093005951180834,-0.22040969808138186,2.0517079121458877,-1.3830945914682968,-1.7064434507913233,-0.7505536331421758,-1.2261792986677034,-0.4128378782186815,2543.0,estimate,sad,Statistics Canada 32-10-0002 SAD average yield kg/ha
14.751000000000001,7.550000000000001,7.634185000000002,0.0,2024,0.014999999999999993,130.9715,355.8195,146.82850000000002,0.537483606557377,0.516031914893617,1.7339877446501077,2048.74425,-0.5504598999186151,-0.027199097071083644,0.01758174363643189,0.8300639203408362,0.7522334537974016,0.8398404806768006,0.7560777073466901,0.40328756862311066,2491.0,estimate,sad,Statistics Canada 32-10-0002 SAD average yield kg/ha
18.995,8.1,11.197815,0.0,2025,-0.21500000000000002,132.973,206.1065,82.31649999999999,0.5067622950819672,0.4371382978723405,2.0395461420711394,2182.9355,-0.5504598999186151,0.19746731616884045,-0.28360499494839864,-0.8757999683665444,-1.4478055785457629,0.9146102575125252,-1.3289950289467465,-0.5442747892385168,2693.0,estimate,sad,Statistics Canada 32-10-0002 SAD average yield kg/ha
10.689,7.2,5.24992,0.0,2026,,108.172,288.6555000000001,172.23700000000002,0.5109426229508198,0.5343936170212766,1.4225175079089343,1501.2255,-0.5504598999186151,-0.3436637994751145,,1.480798029308126,-0.1132899992217793,-0.03224031255660917,1.3021551623144432,-0.3692166910626291,,,,Statistics Canada 32-10-0002 SAD average yield kg/ha
