heat_excess_jul,heat_days_30,frost_sep,year,oni_summer,rain_winter,rain_growing,sm_preseason,sm_heading,gdd0_growing,vpd_heading,frost_sep_z20,gdd0_growing_z20,heat_excess_jul_z20,oni_summer_z20,rain_growing_z20,rain_winter_z20,sm_heading_z20,sm_preseason_z20,yield_kg_ha,target_status,label_scale,target_source
0.0,0.0,0.0,1982,0.9875,,,,,,,,,,,,,,,2070.0,final,province,Statistics Canada 32-10-0359 province average yield kg/ha
0.0,0.0,0.0,1983,0.09500000000000001,,,,,,,,,,,,,,,1810.0,final,province,Statistics Canada 32-10-0359 province average yield kg/ha
36.8725,11.0,8.75,1984,-0.36250000000000004,41.912499999999994,168.0175,0.4429508196721311,0.38532258064516134,2158.1287500000003,2.999112476040502,,,,,,,,,1460.0,final,province,Statistics Canada 32-10-0359 province average yield kg/ha
23.042499999999997,7.75,9.75,1985,-0.42000000000000004,100.70249999999999,192.96749999999997,0.4772540983606557,0.4019354838709678,1936.7875,2.602719846866468,,,,,,,,,1650.0,final,province,Statistics Canada 32-10-0359 province average yield kg/ha
3.2574999999999994,2.75,1.0,1986,0.33999999999999997,93.99,227.79499999999996,0.45852459016393443,0.41427419354838707,2038.8550000000002,1.9189526262692818,,,,,,,,,2100.0,final,province,Statistics Canada 32-10-0359 province average yield kg/ha
10.6675,5.0,0.0,1987,1.34,88.2,230.65749999999997,0.4337295081967213,0.4161290322580645,2123.74375,1.9387340051733015,,,,,,,,,1900.0,final,province,Statistics Canada 32-10-0359 province average yield kg/ha
39.86749999999999,10.5,2.5,1988,-1.2525,80.4825,170.59,0.41872950819672133,0.37733870967741934,2413.4774999999995,3.043855307463459,,,,,,,,,900.0,final,province,Statistics Canada 32-10-0359 province average yield kg/ha
45.815,14.0,1.75,1989,-0.365,74.53750000000001,221.1925,0.4160245901639345,0.3843548387096775,2201.915,3.066717580987797,,,,,,,,,1600.0,final,province,Statistics Canada 32-10-0359 province average yield kg/ha
8.6525,5.75,0.25,1990,0.28500000000000003,95.5225,230.88,0.43905737704918035,0.41725806451612896,2062.83,2.162205490444376,,,,,,,,,2100.0,final,province,Statistics Canada 32-10-0359 province average yield kg/ha
4.895,4.5,2.5,1991,0.6975,84.02,288.52250000000004,0.4411475409836066,0.44056451612903225,2184.035,2.120547134156995,,,,,,,,,2100.0,final,province,Statistics Canada 32-10-0359 province average yield kg/ha
0.41500000000000004,0.5,4.25,1992,0.24999999999999997,75.6525,168.3025,0.4432786885245901,0.40475806451612906,1897.55375,1.693607377345964,0.4418290151488576,,-0.9565117894735089,0.15062373889209446,,,,,1900.0,final,province,Statistics Canada 32-10-0359 province average yield kg/ha
1.1224999999999987,0.75,3.0,1993,0.315,76.725,309.925,0.4245081967213115,0.46951612903225814,1867.3574999999998,1.3622801241973184,0.058960707337534606,,-0.8365617087429128,0.2334221399344759,,,,,2000.0,final,province,Statistics Canada 32-10-0359 province average yield kg/ha
11.14,5.25,0.0,1994,0.325,89.485,224.69,0.44868852459016395,0.4214516129032258,2052.3275,2.1584814699975463,-0.850144088256916,-0.21895953548434213,-0.19802618055301222,0.23822067261009092,0.07764216941709423,0.5041841043944658,0.36961817543761194,0.49745349605051775,1900.0,final,province,Statistics Canada 32-10-0359 province average yield kg/ha
10.445,3.5,4.0,1995,-0.4425,96.4875,229.525,0.4533606557377049,0.39620967741935487,2030.1974999999998,2.2052744786521092,0.43035591021060393,-0.3503013528353991,-0.23268604212928432,-0.9196821973275922,0.1783439379774476,0.9192258860458397,-0.5959232563745873,0.7347867831534061,1900.0,final,province,Statistics Canada 32-10-0359 province average yield kg/ha
9.3825,3.25,2.0,1996,-0.2575,87.555,195.315,0.4584016393442623,0.4135483870967742,2018.0175,2.0094211942193123,-0.2206357820207353,-0.4158342485619462,-0.2912332373615572,-0.581901388012955,-0.5991712680380321,0.28148495403173435,0.10807671070810869,0.981123964289097,2300.0,final,province,Statistics Canada 32-10-0359 province average yield kg/ha
6.4799999999999995,5.75,1.25,1997,1.61,109.2225,172.0625,0.44889344262295083,0.4019354838709678,2132.3599999999997,2.3846241892299043,-0.45947526875828704,0.3897986091571667,-0.4700614290613858,2.3332789345905023,-1.1080202014928486,1.7096049982822215,-0.3656478354891618,0.35739701739997304,1900.0,final,province,Statistics Canada 32-10-0359 province average yield kg/ha
13.36,7.0,1.0,1998,-0.64,90.605,216.98250000000002,0.4224180327868853,0.4083870967741936,2181.6287500000003,2.34782980246891,-0.5270931315000582,0.7258114906624317,0.007123826680478549,-1.14721285687657,0.012039662613057807,0.329876021882065,-0.08131950492500727,-1.2496379988640876,2000.0,final,province,Statistics Canada 32-10-0359 province average yield kg/ha
5.544999999999999,3.5,1.75,1999,-0.9199999999999999,100.9525,275.995,0.46766393442622956,0.4491935483870968,1961.99,1.8491602494915786,-0.24889495926577648,-0.9051174228436001,-0.5326500694162922,-1.4529086029752996,1.4232576311172593,0.9860431742012039,1.6947613473960663,1.5318667948406384,2400.0,final,province,Statistics Canada 32-10-0359 province average yield kg/ha
17.020000000000003,7.25,3.5,2000,-0.48,86.99,293.5875,0.44795081967213113,0.43733870967741933,1964.1637500000002,2.1290367193731994,0.3800660166239791,-0.839274837129033,0.295651064342039,-0.7515980688202888,1.7047755117477912,0.023412729616922406,1.0177219805615492,0.2585158784854916,2200.0,final,province,Statistics Canada 32-10-0359 province average yield kg/ha
14.977499999999996,7.25,0.0,2001,-0.10250000000000001,104.45250000000001,166.60500000000002,0.43745901639344265,0.4025,2180.11875,2.4487127934097437,-0.9057739128058363,0.7992581377850555,0.13953260293788983,-0.21536652539322426,-1.2782979909022512,1.1900896508271401,-0.4778381651738301,-0.3654546007125811,1700.0,final,province,Statistics Canada 32-10-0359 province average yield kg/ha
45.19,12.75,4.75,2002,0.6074999999999999,96.9725,249.52250000000004,0.4239754098360655,0.3829838709677419,2009.81125,2.9462693130264537,0.8746833557746244,-0.5110639688516976,2.383834269364776,0.7667137308441441,0.6128443505915443,0.6178458765486817,-1.2859858203839107,-1.167490376736771,1400.0,final,province,Statistics Canada 32-10-0359 province average yield kg/ha
22.622499999999995,9.5,3.0,2003,0.0825,94.39,163.23250000000002,0.4674590163934426,0.40290322580645166,2194.3325000000004,2.517398817423614,0.14706907700668173,0.916480999624107,0.48618260237696276,0.07278599609647814,-1.317754894420403,0.4219313915805708,-0.3715669465691998,1.504054581703435,1800.0,final,province,Statistics Canada 32-10-0359 province average yield kg/ha
6.865000000000001,3.75,1.5,2004,0.4325,112.1325,334.4425,0.4542622950819672,0.4467741935483871,1710.9237500000002,1.75264827576712,-0.47157001299230006,-2.8412831259809592,-0.6689134339977959,0.5695807166183499,2.4935930958952293,1.6327750634014555,1.5054417657473818,0.6209041051080977,2200.0,final,province,Statistics Canada 32-10-0359 province average yield kg/ha
12.405000000000001,5.0,1.0,2005,-0.05,139.4325,332.97249999999997,0.510532786885246,0.4723387096774194,1879.3399999999997,1.9362685934177257,-0.6158768179080248,-1.172193624591396,-0.19106258530009326,-0.17059877844703222,2.059747445351018,4.464140757768476,2.418759470371832,3.8205567451706464,2500.0,final,province,Statistics Canada 32-10-0359 province average yield kg/ha
11.600000000000001,5.75,0.75,2006,0.23500000000000001,134.14499999999998,258.795,0.5451229508196721,0.47193548387096784,2112.17125,2.187090342996064,-0.823703399751727,0.3662083549925657,-0.21273992575499623,0.21009091148717696,0.42817762282312904,2.6909320823681218,2.000249405708614,4.564946354629921,2100.0,final,province,Statistics Canada 32-10-0359 province average yield kg/ha
47.900000000000006,12.5,1.5,2007,-0.6799999999999999,127.13,253.925,0.5207377049180327,0.44935483870967746,2076.0025,2.6329820751351662,-0.29833829143719925,0.1096114468891086,2.4563917678454703,-1.0993097531646931,0.31074668311604386,1.7888458490199701,0.9650813194845589,2.2736705395863868,1900.0,final,province,Statistics Canada 32-10-0359 province average yield kg/ha
6.46,3.0,0.0,2008,-0.335,90.17,207.085,0.46049180327868855,0.420483870967742,2011.6825,2.0230737337516476,-1.4385747935923907,-0.28892683405736996,-0.6766177683908002,-0.4903711526705132,-0.5536416397903136,-0.4107803452213489,-0.0679139171993712,0.17398052222749757,2400.0,final,province,Statistics Canada 32-10-0359 province average yield kg/ha
6.157500000000001,3.0,0.0,2009,0.515,79.07499999999999,180.23250000000002,0.4344672131147541,0.4020967741935484,1887.875,1.9596662260992666,-1.2898818637252434,-1.1372165859972563,-0.6218265135673703,0.8320733585230465,-1.1045036977674574,-1.0503238092496305,-0.8000040975466671,-0.6597311457054685,2600.0,final,province,Statistics Canada 32-10-0359 province average yield kg/ha
4.947500000000001,3.25,2.5,2010,-1.0775,50.485,372.9475,0.45897540983606555,0.4658870967741936,1916.8049999999998,1.7503300937789654,0.45959858191100983,-0.8084396124094937,-0.6511683987877145,-1.9596316938064235,2.446091983309718,-2.6635870274142923,1.4838969658676875,0.045486405810539095,2400.0,final,province,Statistics Canada 32-10-0359 province average yield kg/ha
13.5425,6.0,1.0,2011,-0.4925,101.905,294.97749999999996,0.4877868852459017,0.4533870967741936,2018.59125,2.135966142190643,-0.6144040665721184,0.03961181255571114,0.04705885736466832,-0.7789940263158903,0.7975755833091805,0.26656055976750936,0.889747529487636,0.9075583540607483,2600.0,final,province,Statistics Canada 32-10-0359 province average yield kg/ha
29.744999999999997,10.75,0.25,2012,0.2675,79.44749999999999,265.61749999999995,0.47348360655737703,0.42677419354838714,2149.19,2.529398255108781,-1.0641444310051,1.1627336791014475,1.30694181683046,0.5164139596733991,0.3250900118061416,-0.8516942011932384,-0.06474069970179117,0.387864992231476,2400.0,final,province,Statistics Canada 32-10-0359 province average yield kg/ha
8.877500000000001,3.0,0.0,2013,-0.37250000000000005,109.44,191.6925,0.45778688524590166,0.4217741935483871,2099.64125,1.9577123704921666,-1.1550885155176382,0.6544553616773209,-0.4720968613129665,-0.5086378181989718,-0.958891616921912,0.5835862163000725,-0.2806491116237391,-0.1398956422272293,3300.0,final,province,Statistics Canada 32-10-0359 province average yield kg/ha
3.7325,3.0,3.5,2014,0.15000000000000002,94.62249999999999,280.69,0.4645081967213115,0.4509677419354839,1945.80125,1.9261001587294526,1.412692685631805,-0.6896356240024042,-0.9340384082633095,0.38324892528146726,0.6079786679890462,-0.21766877109492214,0.8786218297370789,0.016377898790471277,2700.0,final,province,Statistics Canada 32-10-0359 province average yield kg/ha
21.5675,8.0,0.75,2015,1.5949999999999998,102.96249999999998,182.855,0.4547540983606557,0.39967741935483875,2104.1225,2.425233007003948,-0.6305991829289369,0.6541542723556995,0.5341793128503858,2.738426631492256,-1.0538845466155458,0.1829521890735341,-1.0669824347870598,-0.32289325638952643,2700.0,final,province,Statistics Canada 32-10-0359 province average yield kg/ha
7.974999999999996,4.25,0.5,2016,-0.21500000000000002,81.61,240.9775,0.44389344262295083,0.4175,2181.95375,2.029101972581108,-0.7407674818010451,1.2463836217133573,-0.5911686586692549,-0.3055226835135614,-0.0562022800002171,-0.8939271482297351,-0.4244414210384144,-0.675225159175677,3100.0,final,province,Statistics Canada 32-10-0359 province average yield kg/ha
42.34,12.75,0.0,2017,0.04,71.53500000000001,131.04749999999999,0.45516393442622954,0.39032258064516134,2169.7575,2.8950944312108673,-1.046008262906545,1.042282909167748,2.1368945650064863,0.04670431475432036,-1.890969010142943,-1.3640898555425909,-1.4392739993962995,-0.2858289985054446,3222.0,final,province,Statistics Canada 32-10-0359 province average yield kg/ha
23.375,8.25,6.5,2018,0.2875,89.9175,159.085,0.42278688524590174,0.39056451612903226,2270.8875,2.438647785686987,3.672386584884921,1.7910649815541315,0.45178898034606596,0.5888428694882636,-1.3289710591617518,-0.3553084428697803,-1.3716739684622437,-1.333329823371684,3207.0,final,province,Statistics Canada 32-10-0359 province average yield kg/ha
11.729999999999999,5.0,2.75,2019,0.37,77.325,217.3425,0.4261475409836066,0.407258064516129,1981.5662500000003,2.159150158194864,0.6161847425197025,-0.44398100574667326,-0.42735266654743975,0.6591077283101999,-0.3653042594949879,-0.949276829976395,-0.7134738266624587,-1.2273784892730253,3184.0,final,province,Statistics Canada 32-10-0359 province average yield kg/ha
11.740000000000002,5.0,1.5,2020,-0.4175,66.3175,243.5925,0.4402868852459016,0.45298387096774195,2081.2525,1.93184312865439,-0.10288004201645834,0.279191709827633,-0.4561454123555237,-0.8041924351950815,0.07062977804053519,-1.3849684277746828,0.9565071861524839,-0.6831015575177201,3355.0,estimate,province,Statistics Canada 32-10-0359 province average yield kg/ha
57.51,17.75,0.0,2021,-0.43999999999999995,85.37,214.665,0.43643442622950823,0.3783064516129032,2243.92625,3.134523091952209,-0.8958827713332328,1.4421812400024316,2.9094320447247926,-0.8536229926044565,-0.3317305105316284,-0.43530619433616,-1.6516959557168385,-0.7848843016771536,2264.0,estimate,province,Statistics Canada 32-10-0359 province average yield kg/ha
23.052500000000002,7.5,0.0,2022,-0.77,111.14750000000001,240.04500000000002,0.4588114754098361,0.41903225806451616,2132.88125,2.2516748197804866,-0.8958827713332328,0.579643993604378,0.19868375428823717,-1.3848467907372597,0.01980532885493959,0.7519971993750729,-0.2017395529137607,-0.09630551184712874,3203.0,estimate,province,Statistics Canada 32-10-0359 province average yield kg/ha
17.549999999999997,5.75,0.0,2023,1.12,94.09750000000003,160.6675,0.43803278688524594,0.3833870967741937,2320.7349999999997,2.365179273591682,-0.82359309295428,1.876345894861065,-0.07613601292792786,1.9955454736338731,-1.2212581914856093,-0.03638827940686292,-1.5021416495817486,-0.8174822957953118,3152.0,estimate,province,Statistics Canada 32-10-0359 province average yield kg/ha
47.71249999999999,13.25,0.0,2024,0.019999999999999997,83.705,213.79500000000002,0.44086065573770494,0.4103225806451613,2093.5175,2.698078447675834,-0.7419589059433487,0.1932607714985665,1.928313236452805,0.01859787422768936,-0.38262225889347196,-0.49108407205703314,-0.5204191266622723,-0.6698606538194588,3353.0,estimate,province,Statistics Canada 32-10-0359 province average yield kg/ha
12.287499999999998,4.75,0.0,2025,-0.20500000000000002,106.5675,198.41500000000002,0.4272950819672131,0.4021774193548388,2153.3362500000003,2.135594695784257,-0.6870850672009626,0.5629880423859961,-0.5053639539657595,-0.3052170281174585,-0.5647792657590435,0.5791045799786252,-0.7350672126402557,-1.0637018008414016,3852.0,estimate,province,Statistics Canada 32-10-0359 province average yield kg/ha
35.75,10.75,0.0,2026,1.595,119.82,250.73000000000002,0.46946721311475414,0.43854838709677424,2120.375,2.442259391625975,-0.6489483959596141,0.1993287525798171,0.9393090710319928,2.5552315624883035,0.4586111305461086,1.3901107358890645,0.6347597796147358,0.39085894895386464,3504.0,estimate,province,Statistics Canada 32-10-0359 province average yield kg/ha
