hsu_flower,heat_days_29p5,heat_dry_stress,frost_sep,year,oni_summer,rain_winter,rain_growing,rain_flowering,sm_preseason,sm_flowering,vpd_flowering,gdd0_growing,heat_dry_stress_z20,hsu_flower_z20,oni_summer_z20,rain_growing_z20,rain_winter_z20,sm_flowering_z20,sm_preseason_z20,vpd_flowering_z20,yield_kg_ha,target_status,label_scale,target_source
0.0,0.0,0.0,0.0,1982,0.9875,,,,,,,,,,,,,,,,1500.0,final,sad,Statistics Canada 32-10-0002 SAD average yield kg/ha
0.0,0.0,0.0,0.0,1983,0.09500000000000001,,,,,,,,,,,,,,,,1300.0,final,sad,Statistics Canada 32-10-0002 SAD average yield kg/ha
34.199999999999996,13.4,21.21612,7.6,1984,-0.36250000000000004,75.446,179.582,74.184,0.46481967213114755,0.4196170212765957,2.552987652238718,2016.949,,,,,,,,,1000.0,final,sad,Statistics Canada 32-10-0002 SAD average yield kg/ha
56.208000000000006,17.4,34.81004,10.6,1985,-0.42000000000000004,120.672,157.196,17.945999999999998,0.46278688524590167,0.399872340425532,2.9841059381779527,2017.61,,,,,,,,,1100.0,final,sad,Statistics Canada 32-10-0002 SAD average yield kg/ha
8.268,5.0,4.93744,1.2,1986,0.33999999999999997,100.666,177.15800000000002,57.796,0.4761639344262294,0.42017021276595756,2.1771053465036103,2047.9410000000003,,,,,,,,,1800.0,final,sad,Statistics Canada 32-10-0002 SAD average yield kg/ha
19.110000000000003,10.4,11.132120000000002,0.0,1987,1.34,113.00200000000001,255.95,143.36,0.4514098360655738,0.43310638297872334,2.063937758754488,2002.31,,,,,,,,,1800.0,final,sad,Statistics Canada 32-10-0002 SAD average yield kg/ha
68.64,21.2,42.87328000000001,0.6,1988,-1.2525,80.67999999999999,141.034,52.513999999999996,0.4239672131147542,0.3961702127659573,3.093060465792284,2243.8369999999995,,,,,,,,,1500.0,final,sad,Statistics Canada 32-10-0002 SAD average yield kg/ha
27.198000000000008,11.600000000000001,16.488060000000004,2.0,1989,-0.365,119.132,262.988,76.38000000000001,0.43731147540983606,0.42276595744680856,2.407266358645334,1991.321,,,,,,,,,1300.0,final,sad,Statistics Canada 32-10-0002 SAD average yield kg/ha
19.817999999999998,9.4,11.91948,0.0,1990,0.28500000000000003,136.722,207.31,62.988,0.46413114754098367,0.42489361702127654,2.283111409651876,1991.4340000000002,,,,,,,,,1500.0,final,sad,Statistics Canada 32-10-0002 SAD average yield kg/ha
3.940000000000002,3.4000000000000004,2.279320000000001,1.6,1991,0.6975,146.152,272.78799999999995,129.57,0.45940983606557373,0.4520851063829787,1.8952353248268003,1995.5159999999998,,,,,,,,,1700.0,final,sad,Statistics Canada 32-10-0002 SAD average yield kg/ha
4.220000000000001,2.6,2.5149600000000008,1.4,1992,0.24999999999999997,77.16,323.50600000000003,177.35,0.4199672131147542,0.45791489361702115,1.6415455782309272,1912.732,-0.8195522911765633,-0.8291684280669501,0.15062373889209446,,,,,,1300.0,final,sad,Statistics Canada 32-10-0002 SAD average yield kg/ha
0.6400000000000006,0.4,0.3712000000000004,3.0,1993,0.315,128.068,403.0400000000001,191.466,0.4727540983606557,0.4978297872340426,1.2604251955430832,1744.644,-0.9087107590279874,-0.9233517554738933,0.2334221399344759,,,,,,1800.0,final,sad,Statistics Canada 32-10-0002 SAD average yield kg/ha
27.665999999999997,10.4,16.533820000000002,0.0,1994,0.325,105.30199999999999,153.87400000000002,40.82799999999999,0.49570491803278693,0.43110638297872345,2.3887150083052724,2080.9959999999996,0.29150627668903195,0.32712336054819185,0.23822067261009092,-1.0250915398302414,-0.17642213327487516,-0.04439446693948336,2.148896035405461,0.2701535499927405,1300.0,final,sad,Statistics Canada 32-10-0002 SAD average yield kg/ha
1.383999999999999,1.6,0.8469599999999993,3.6,1995,-0.4425,66.12199999999999,293.19199999999995,110.88400000000001,0.456295081967213,0.445063829787234,1.7913882626234552,1863.36,-0.865279854998676,-0.8813000294227846,-0.9196821973275922,0.7663173751324532,-1.7969706120382178,0.44623705181407863,-0.036789677329896624,-0.8509338427111383,1700.0,final,sad,Statistics Canada 32-10-0002 SAD average yield kg/ha
9.770000000000001,6.2,6.03394,3.0,1996,-0.2575,128.7,158.636,72.148,0.47947540983606557,0.4322978723404256,2.0828814375783216,1922.05,-0.42983007611112334,-0.44172482991775297,-0.581901388012955,-0.9600985214267178,0.8782492376133066,-0.039495108949354374,1.036273616720642,-0.24263869801387214,1600.0,final,sad,Statistics Canada 32-10-0002 SAD average yield kg/ha
2.1960000000000024,4.6,1.3776400000000018,0.0,1997,1.61,142.97,231.29600000000002,56.692,0.4694426229508196,0.44004255319148944,1.9454091147944061,1980.241,-0.7682496865195032,-0.7837261511613504,2.3332789345905023,0.019876700435533315,1.3736050903896606,0.2563261190479832,0.492917710384587,-0.5034094536183369,1500.0,final,sad,Statistics Canada 32-10-0002 SAD average yield kg/ha
29.652,9.600000000000001,18.040060000000004,0.0,1998,-0.64,85.446,239.938,129.50400000000002,0.4385245901639344,0.4451914893617023,2.084804151131082,2182.51,0.557283249290849,0.5742857488538263,-1.14721285687657,0.1320691425500955,-0.9272964836209442,0.4503136006011007,-1.0024886031793065,-0.19958166561912802,1600.0,final,sad,Statistics Canada 32-10-0002 SAD average yield kg/ha
16.204,8.4,9.86476,2.1999999999999997,1999,-0.9199999999999999,86.31400000000001,197.09999999999997,71.55399999999999,0.4275081967213114,0.41442553191489373,2.1337781233025037,1941.1170000000002,-0.11014871601741301,-0.10821712203795554,-1.4529086029752996,-0.45235354837915503,-0.8387069983661427,-0.817935019699434,-1.4642711128571801,-0.09026995967150304,1800.0,final,sad,Statistics Canada 32-10-0002 SAD average yield kg/ha
40.58,16.6,25.388700000000007,3.0,2000,-0.48,145.38600000000002,109.45600000000002,38.861999999999995,0.44593442622950824,0.4033617021276595,2.5655756790499606,2072.3199999999997,1.158057802175021,1.1288209668116018,-0.7515980688202888,-1.656356182959359,1.472130122413758,-1.2320793749135326,-0.4762852515641703,0.8500120315418386,1200.0,final,sad,Statistics Canada 32-10-0002 SAD average yield kg/ha
32.24,13.0,20.348580000000002,0.0,2001,-0.10250000000000001,83.41,105.44800000000001,38.17399999999999,0.42626229508196734,0.3930212765957447,2.673562886191613,2192.385,0.6812218066125303,0.6434701482653051,-0.21536652539322426,-1.5403680769188572,-0.9626503921092538,-1.5645501965525137,-1.3930371837734978,1.0449921391860213,1100.0,final,sad,Statistics Canada 32-10-0002 SAD average yield kg/ha
54.024,16.6,32.03924000000001,0.6,2002,0.6074999999999999,117.598,331.508,56.498000000000005,0.4387213114754098,0.4385531914893618,2.5799159392015056,1904.02,1.6168752491482303,1.7358450426200323,0.7667137308441441,1.4943577957453242,0.3638195472135569,0.35893807742502093,-0.7074194420569005,0.7808123622139382,1400.0,final,sad,Statistics Canada 32-10-0002 SAD average yield kg/ha
68.00800000000001,20.6,41.50974000000001,3.6,2003,0.0825,110.084,126.786,31.33,0.474655737704918,0.41114893617021275,2.854419624881924,2161.0240000000003,2.192584177141104,2.222876998540357,0.07278599609647814,-1.1736447096040592,0.06576777925472882,-0.7514347907377935,1.009261741680351,1.3572798771874122,1600.0,final,sad,Statistics Canada 32-10-0002 SAD average yield kg/ha
28.189999999999998,10.6,17.191580000000002,1.0,2004,0.4325,108.18399999999998,260.946,74.05799999999998,0.4380983606557377,0.4221702127659575,2.2241754062301355,1938.7359999999999,0.08609972225187572,0.09074704033858155,0.5695807166183499,0.5499852109716682,-0.010521733266343525,-0.27480857613247733,-0.7605953354947362,-0.10611172985611525,2100.0,final,sad,Statistics Canada 32-10-0002 SAD average yield kg/ha
15.029999999999996,7.200000000000001,9.117479999999999,2.1999999999999997,2005,-0.05,117.398,368.898,78.618,0.4495409836065574,0.46817021276595755,2.0586806519215965,1896.949,-0.49748375421892277,-0.49684735850784584,-0.17059877844703222,1.8300774689604216,0.30177525030033603,1.5923978328926134,-0.15824432627495436,-0.43474046308332526,2100.0,final,sad,Statistics Canada 32-10-0002 SAD average yield kg/ha
34.506,17.200000000000003,20.515320000000003,0.6,2006,0.23500000000000001,132.176,172.24599999999998,56.675999999999995,0.5062950819672132,0.44672340425531926,2.481121974473509,2162.73,0.4673433049205105,0.5133091149737824,0.21009091148717696,-0.6830245650111157,0.9210942507091251,0.5692152998769485,2.539546451392339,0.6401630622348177,2000.0,final,sad,Statistics Canada 32-10-0002 SAD average yield kg/ha
106.05200000000002,24.6,65.49966,0.4,2007,-0.6799999999999999,108.67999999999999,131.466,27.162000000000003,0.4650491803278689,0.4042127659574467,3.1539435686462136,2217.5000000000005,3.969108421559436,3.9323040981930775,-1.0993097531646931,-1.1516454524120558,-0.11489801719519376,-1.1812208622355849,0.47081994933280363,2.172844125521021,1700.0,final,sad,Statistics Canada 32-10-0002 SAD average yield kg/ha
18.933999999999997,8.2,11.43542,0.0,2008,-0.335,82.59,263.05800000000005,66.582,0.43357377049180335,0.4248936170212766,2.438921322825216,2028.989,-0.3920024042138265,-0.38679007628248036,-0.4903711526705132,0.43341722800724464,-1.1687482701414116,-0.28806256714430867,-0.8671090236993533,0.3362817173468545,2400.0,final,sad,Statistics Canada 32-10-0002 SAD average yield kg/ha
10.566,5.8,6.4704,0.0,2009,0.515,115.628,196.92000000000002,94.59199999999998,0.44360655737704924,0.4181702127659575,2.151606436689558,1940.866,-0.6310334003379193,-0.6379328099155981,0.8320733585230465,-0.38831098676024484,0.1739016522129674,-0.6361338588306494,-0.4813959395078148,-0.22005645677156624,2000.0,final,sad,Statistics Canada 32-10-0002 SAD average yield kg/ha
3.610000000000001,3.0000000000000004,2.1592200000000004,1.6,2010,-1.0775,75.882,308.966,140.99800000000002,0.4585901639344262,0.46421276595744676,1.782553920791183,1782.7059999999997,-0.8630393792091737,-0.866724785933311,-1.9596316938064235,0.9390882351783931,-1.4486335462507802,1.2413654947554353,0.14333139071282422,-1.0426831129394394,2400.0,final,sad,Statistics Canada 32-10-0002 SAD average yield kg/ha
11.274,5.8,6.874599999999999,0.0,2011,-0.4925,138.582,185.704,47.872,0.48298360655737704,0.4431063829787234,2.010423770884999,1912.5860000000002,-0.5286241254026647,-0.5319805632467667,-0.7789940263158903,-0.5275924270382576,1.225435387477275,0.2969510972558858,1.2052470737359158,-0.44745835334535855,2500.0,final,sad,Statistics Canada 32-10-0002 SAD average yield kg/ha
32.410000000000004,13.600000000000001,19.829060000000002,0.0,2012,0.2675,92.91,204.998,74.71000000000001,0.4530163934426229,0.42953191489361703,2.327325100537762,2072.642,0.2559149658682168,0.25433760154021434,0.5164139596733991,-0.26055295683893703,-0.6129787059991464,-0.2194472766540496,-0.13019169466746872,0.25415190143079575,1900.0,final,sad,Statistics Canada 32-10-0002 SAD average yield kg/ha
11.524000000000001,6.4,6.831260000000001,0.0,2013,-0.37250000000000005,104.91999999999999,240.44599999999997,93.5,0.4481967213114755,0.432468085106383,2.099535028200258,2065.651,-0.6155538827339853,-0.6061951135195052,-0.5086378181989718,0.2127980090591228,-0.15563998519152905,-0.048271243858737385,-0.42624898553285595,-0.356646186934958,2500.0,final,sad,Statistics Canada 32-10-0002 SAD average yield kg/ha
27.711999999999996,10.4,16.891399999999997,3.2,2014,0.15000000000000002,137.502,236.42000000000002,94.12800000000001,0.4715081967213115,0.4488936170212766,2.185195750417571,1983.7650000000003,-0.00025559467576290835,0.0008302629862119307,0.38324892528146726,0.29902852731385254,1.3072884116332804,0.944617324754599,0.6683800820479449,-0.3009655042834184,2200.0,final,sad,Statistics Canada 32-10-0002 SAD average yield kg/ha
34.276,12.6,20.952600000000004,0.0,2015,1.5949999999999998,163.494,136.668,57.52799999999999,0.46242622950819673,0.4131063829787234,2.498610838436183,2120.1980000000003,0.25993240739314394,0.26025582021384996,2.738426631492256,-1.1073588979728948,2.272744949034998,-0.908021606127499,0.34102252132285094,0.6157525654293122,2500.0,final,sad,Statistics Canada 32-10-0002 SAD average yield kg/ha
2.636,3.6000000000000005,1.5934400000000002,0.0,2016,-0.21500000000000002,99.31199999999998,224.49200000000002,80.30799999999999,0.4419016393442623,0.4173191489361703,2.0347429055498187,2030.9010000000003,-1.0818654582711178,-1.087612212859868,-0.3055226835135614,0.19240438352447564,-0.5909713805563395,-0.6141522920709412,-0.6629528323218524,-0.8380335502493522,2800.0,final,sad,Statistics Canada 32-10-0002 SAD average yield kg/ha
60.768000000000015,20.4,37.3763,1.7999999999999998,2017,0.04,115.60000000000001,138.45999999999998,23.112,0.46318032786885244,0.40991489361702127,2.8612468301484375,2220.174,1.285843660995754,1.2766012535919808,0.04670431475432036,-1.036122974208292,0.12903338130466113,-0.9365238102455309,0.46492191600629507,1.6170727177673474,2320.0,final,sad,Statistics Canada 32-10-0002 SAD average yield kg/ha
32.022,11.2,19.67278,2.4000000000000004,2018,0.2875,148.172,151.752,52.602,0.4521639344262295,0.4127234042553193,2.381096159262822,2197.3729999999996,0.01144963083482154,0.004483059769546434,0.5888428694882636,-0.7702794005714754,1.5747505999651794,-0.715320621680261,-0.06578441420762804,0.06067211995169184,1800.0,final,sad,Statistics Canada 32-10-0002 SAD average yield kg/ha
13.052,6.800000000000001,7.980980000000001,3.6,2019,0.37,93.232,212.036,70.774,0.43665573770491795,0.41868085106382985,2.0478384435150705,1972.69,-0.7531813319943921,-0.7583874498873668,0.6591077283101999,0.09932571086708146,-0.8678927549750077,-0.34991211475559314,-0.8895218081617109,-0.9574727522645414,2135.0,final,sad,Statistics Canada 32-10-0002 SAD average yield kg/ha
23.818000000000005,8.600000000000001,14.58126,0.0,2020,-0.4175,121.048,194.31199999999995,81.624,0.4580327868852459,0.4323404255319149,2.1432921247844807,2053.057,-0.31700131242959917,-0.32035902499970853,-0.8041924351950815,-0.14697053555661885,0.27385036810722585,0.31199885395030463,0.1785447243737301,-0.6582260959317016,2630.0,estimate,sad,Statistics Canada 32-10-0002 SAD average yield kg/ha
104.84200000000001,30.400000000000002,64.87332,0.0,2021,-0.43999999999999995,125.212,132.89999999999998,37.66600000000001,0.4379344262295082,0.3928510638297871,3.302030959133433,2274.3419999999996,2.975258842301075,2.939414096337491,-0.8536229926044565,-1.0708011419464158,0.5235768148389622,-1.768004484723024,-0.9086095314063838,2.756619915779619,1155.0,estimate,sad,Statistics Canada 32-10-0002 SAD average yield kg/ha
40.46999999999999,14.8,24.704579999999996,0.0,2022,-0.77,128.158,188.578,89.44399999999999,0.42285245901639346,0.4233617021276597,2.3743772903041283,2183.6949999999997,0.19058053513780007,0.19322230869724072,-1.3848467907372597,-0.32075785959797914,0.5869943644935771,-0.20912307868877103,-1.805132320434046,-0.016110424144800437,1894.0,estimate,sad,Statistics Canada 32-10-0002 SAD average yield kg/ha
55.036,16.4,34.63399999999999,0.0,2023,1.12,109.61000000000001,117.598,26.692,0.42357377049180334,0.3881702127659573,2.7805983853844065,2378.2050000000004,0.7519565571014802,0.7076751280854265,1.9955454736338731,-1.3509260851490124,-0.28895020104825847,-1.9823274034067087,-1.6248128593228246,1.030202042485547,1566.0,estimate,sad,Statistics Canada 32-10-0002 SAD average yield kg/ha
71.69200000000001,18.6,43.373780000000004,0.0,2024,0.019999999999999997,111.118,234.33200000000002,71.812,0.4559344262295082,0.41646808510638283,2.634755934897772,2116.3179999999998,1.2697205173556447,1.318052274404137,0.01859787422768936,0.4810038964662253,-0.21894244874073585,-0.43213139124996375,0.1739330141176603,0.6805890062002827,2028.0,estimate,sad,Statistics Canada 32-10-0002 SAD average yield kg/ha
17.11,7.199999999999999,10.247959999999999,0.0,2025,-0.20500000000000002,126.742,212.15999999999997,116.882,0.44245901639344265,0.4272340425531914,1.9929202653712668,2150.2030000000004,-0.6149466752631675,-0.6073805819862828,-0.3052170281174585,0.15995383532616583,0.48853601824381876,0.09324860356661901,-0.5528070411987409,-0.9949473315517197,2953.0,estimate,sad,Statistics Canada 32-10-0002 SAD average yield kg/ha
62.10000000000002,19.2,38.16224000000002,0.0,2026,1.595,117.67600000000002,216.01399999999998,67.476,0.4354754098360656,0.42170212765957443,2.6233042175259422,2187.8689999999997,0.8738693465533438,0.8762167005238614,2.5552315624883035,0.4368032566652569,0.052181671355005815,-0.08174891691217974,-0.8832209656431469,0.5985804355012871,,,,Statistics Canada 32-10-0002 SAD average yield kg/ha
