country,year,weight_basis,cocoa_year_rain_mm,cocoa_year_root_wetness,cocoa_year_solar,max_dry_spell_days,harmattan_rain_mm,harmattan_rh_mean,harmattan_vpd_mean,harmattan_wind_mean,harmattan_root_wetness,wet_season_rain_mm,wet_days_ge_10mm,humid_wet_days_proxy,wet_season_root_wetness,source,area_ha,area_flag,yield_kg_ha,yield_flag,production_tonnes,production_flag,label_alignment
Ghana,1985,recent official regional cocoa volume,1566.5573065945916,0.6191839603841602,17.442359541241807,24.231312021090595,169.97485217940047,69.79752127890912,2.599785865277973,2.4786376019960383,0.5117663960248702,720.0597153891184,19.11394213907327,103.35487504840432,0.6022079409396017,FAOSTAT,900000.0,E,216.0,E,194400.0,A,provisional: FAOSTAT calendar year joined to cocoa year ending September
Ghana,1986,recent official regional cocoa volume,1331.457560917733,0.5838696420340588,17.30569779504917,54.07344809557522,185.71827945296928,69.29423924766263,2.5105118249966867,2.4068707119203436,0.517087175898483,652.9053451016132,17.111505299376642,85.31831463003454,0.5726916965492608,FAOSTAT,912000.0,A,248.2,A,226400.0,A,provisional: FAOSTAT calendar year joined to cocoa year ending September
Ghana,1987,recent official regional cocoa volume,1760.4891840172518,0.5421334349455682,17.333219142914768,47.450117800142635,342.9561112262819,67.8446392647222,2.9065341672226808,2.6062508836209455,0.49076513796781446,491.84456087992214,8.958614143579274,50.30183173680567,0.49783325881253593,FAOSTAT,739371.0,A,254.5,A,188170.0,A,provisional: FAOSTAT calendar year joined to cocoa year ending September
Ghana,1988,recent official regional cocoa volume,1528.7511979629119,0.6244986512978917,17.303126379756005,42.648186321102195,155.93321295162698,69.41890087936679,2.6849837361775797,2.45050906692502,0.5188886143742056,729.4969959725,27.04438464256425,86.77735838232437,0.6117677198818261,FAOSTAT,720071.0,A,342.6,A,246700.0,A,provisional: FAOSTAT calendar year joined to cocoa year ending September
Ghana,1989,recent official regional cocoa volume,1321.6933384573467,0.5711011079416378,17.256483274658752,57.94382752025159,120.71323928879225,64.39518355572142,3.0311795883806885,2.540837711286331,0.4859431565485865,628.8373346397611,15.09677474031164,66.90926846567758,0.5484587081361814,FAOSTAT,700286.0,A,421.3,A,295052.0,A,provisional: FAOSTAT calendar year joined to cocoa year ending September
Ghana,1990,recent official regional cocoa volume,1170.9956017977072,0.5400094483017581,17.046660500312196,22.671496016177798,147.71663396685952,66.01010755933646,3.076884665712654,2.3735887390763724,0.476955301179902,600.0545034466484,14.108528678174183,74.72942474155026,0.5448457216437786,FAOSTAT,693249.0,A,423.2,A,293355.0,A,provisional: FAOSTAT calendar year joined to cocoa year ending September
Ghana,1991,recent official regional cocoa volume,1524.5135498065774,0.5845854686467801,16.932238108013493,31.762942043894405,183.2146194084047,68.20853275977751,2.854017963510959,2.6023276495075653,0.4644564169966542,836.5807683411629,24.791912925680954,93.0236147889702,0.6511001609106325,FAOSTAT,720898.0,A,335.4,A,241796.0,A,provisional: FAOSTAT calendar year joined to cocoa year ending September
Ghana,1992,recent official regional cocoa volume,1047.1473628283507,0.5163480795881122,16.651217792803475,61.075368622527144,120.93942897896545,58.94919696461286,3.5246858426490677,2.6355031357193117,0.44610542289328864,584.7691380054421,14.252994548728319,79.78736650512336,0.5517565692279188,FAOSTAT,720898.0,A,433.0,A,312122.0,A,provisional: FAOSTAT calendar year joined to cocoa year ending September
Ghana,1993,recent official regional cocoa volume,1461.6525092669006,0.5541888371891486,16.859963302680526,38.504803925019914,290.86131873576386,63.285196812662086,3.110913639211866,2.592395756434215,0.4620382597484768,653.7439797803585,19.385649113337166,98.85835950752109,0.625588889888484,FAOSTAT,702061.0,A,362.7,A,254652.0,A,provisional: FAOSTAT calendar year joined to cocoa year ending September
Ghana,1994,recent official regional cocoa volume,1208.4864609890517,0.5402966616080236,17.507562176937284,33.17216552777984,157.1771143463233,68.41665623147276,2.8134874867570785,2.5238624034724633,0.48656633749735745,548.7613094264887,16.269637811824865,80.6622336784545,0.5491702887749836,FAOSTAT,686531.0,A,419.6,A,288075.0,A,provisional: FAOSTAT calendar year joined to cocoa year ending September
Ghana,1995,recent official regional cocoa volume,1394.5706885864893,0.557441606694962,17.099483992813557,82.68063709863529,112.86285081560463,60.207602802359716,3.3830263184557596,2.521146133693472,0.45618180949686793,660.6421582524639,16.796454130958296,100.26231686217449,0.5834848647971727,FAOSTAT,1000000.0,E,403.9,E,403900.0,X,provisional: FAOSTAT calendar year joined to cocoa year ending September
Ghana,1996,recent official regional cocoa volume,1336.885239088004,0.5597115139231128,16.91344032238526,23.354586904170528,161.22270636537993,69.40752108667121,2.7611136980937885,2.632227801539008,0.46301372450158074,739.2245552343812,22.166887664167245,86.14029625399458,0.5932446679049537,FAOSTAT,1050000.0,E,383.8,E,403000.0,A,provisional: FAOSTAT calendar year joined to cocoa year ending September
Ghana,1997,recent official regional cocoa volume,1505.9575618825602,0.5991360499620989,16.589830904218324,32.20260842241684,249.8725931546839,62.78844795156237,3.313120528467494,2.469960003002881,0.4478689121422144,927.2146361103397,32.374236776330974,103.10454420406349,0.7476326104164063,FAOSTAT,1074970.0,A,300.0,A,322490.0,A,provisional: FAOSTAT calendar year joined to cocoa year ending September
Ghana,1998,recent official regional cocoa volume,890.7793994344031,0.4869679811262573,17.23405854930801,22.6373046388614,113.32368666857025,59.61982097850145,3.6714136522530683,2.601495536134958,0.4434364138862352,418.75734853848286,6.173458917281744,50.838275463279864,0.4981441178360939,FAOSTAT,1364530.0,A,300.0,A,409360.0,A,provisional: FAOSTAT calendar year joined to cocoa year ending September
Ghana,1999,recent official regional cocoa volume,1331.4405431584003,0.5402989631183414,17.266522099633963,17.361482808480567,202.82113505359354,68.40484343583223,2.7535261555198227,2.5135307209154076,0.4609673704805893,618.8302237485606,17.208780706592243,82.67472036319212,0.5795588150772127,FAOSTAT,1300000.0,E,334.0,E,434200.0,A,provisional: FAOSTAT calendar year joined to cocoa year ending September
Ghana,2000,recent official regional cocoa volume,1075.3466212937283,0.520523259576375,16.80229817341008,31.7776452227381,162.6396003921891,60.673268573445796,3.3307537635543745,2.4817029230170986,0.4469107258586441,510.76398028884824,10.79549060793218,69.31380993171895,0.5378360365904918,FAOSTAT,1500000.0,E,291.1,E,436600.0,A,provisional: FAOSTAT calendar year joined to cocoa year ending September
Ghana,2001,recent official regional cocoa volume,1116.5125960100504,0.5201638532819505,16.956337451315044,63.6618177598546,135.81799862316603,60.32777706308324,3.367437665514147,2.6037714932716916,0.43847779902070616,631.23013035593,14.302864362295088,87.75951560477041,0.582379714530521,FAOSTAT,1350000.0,E,288.6,E,389591.0,A,provisional: FAOSTAT calendar year joined to cocoa year ending September
Ghana,2002,recent official regional cocoa volume,1112.422825404152,0.5142685395309584,16.675196402614,40.482851506629274,140.2986152257499,61.5541121359819,3.4460962016908505,2.693709235217188,0.4391387055180908,586.0493852358024,11.775873331273297,86.83919856788404,0.556377836110545,FAOSTAT,1195000.0,A,285.0,A,340562.0,A,provisional: FAOSTAT calendar year joined to cocoa year ending September
Ghana,2003,recent official regional cocoa volume,1080.359690251468,0.5102712395458417,16.967803912321063,38.43407690191492,171.0028611418595,62.911884936435584,3.201632805340855,2.637427449121196,0.4448611531305738,543.7290135818938,12.106423008773405,79.23803973261258,0.5605000062305499,FAOSTAT,1500000.0,E,331.3,E,497000.0,X,provisional: FAOSTAT calendar year joined to cocoa year ending September
Ghana,2004,recent official regional cocoa volume,1355.1471465246025,0.560640624114868,16.594437969481646,22.86024091987113,181.28854354172287,68.93702159096101,2.668028133578915,2.444782686752933,0.5060793758814276,555.805053293645,13.647385775583883,81.7804992848547,0.5670272430209666,FAOSTAT,2000000.0,E,368.5,E,737000.0,X,provisional: FAOSTAT calendar year joined to cocoa year ending September
Ghana,2005,recent official regional cocoa volume,1310.7005533933873,0.5619139505549641,16.547562222696,24.140004198300602,194.10532923412305,70.1022673444893,2.6434878157473762,2.6099299485496443,0.4927926845177735,605.228670416453,15.488201080345304,100.88618954675303,0.6086373264618168,FAOSTAT,1850000.0,A,400.0,A,740000.0,A,provisional: FAOSTAT calendar year joined to cocoa year ending September
Ghana,2006,recent official regional cocoa volume,1396.7962160273378,0.5828435615784663,17.179719736626208,25.310472152359196,255.3441023133679,75.67072991877082,2.29147226287637,2.5796061228553873,0.5237086575494734,623.655992435236,13.8923631347485,101.87541347393729,0.6090074888859496,FAOSTAT,1835000.0,A,400.0,A,734000.0,A,provisional: FAOSTAT calendar year joined to cocoa year ending September
Ghana,2007,recent official regional cocoa volume,1281.9656034796346,0.5450849351789784,16.826657994870132,50.61470682953987,137.61872670236528,61.06295449063482,3.220167136467631,2.5600197480250273,0.4497134505213269,644.8804496223486,20.19879214109419,99.80621061648525,0.5789755219966521,FAOSTAT,1463000.0,E,420.0,E,614500.0,X,provisional: FAOSTAT calendar year joined to cocoa year ending September
Ghana,2008,recent official regional cocoa volume,1216.6793810505403,0.5447109067918207,17.151463652870206,26.401131976578178,177.10402623546727,63.14693723145181,3.040656090233062,2.582977512716146,0.48066361534298696,570.307687257897,9.244055558380499,83.14026496231308,0.5492809878005834,FAOSTAT,1822500.0,E,373.5,E,680781.0,A,provisional: FAOSTAT calendar year joined to cocoa year ending September
Ghana,2009,recent official regional cocoa volume,1353.3163601646468,0.5809076822346172,16.705118832321606,32.29670642014037,215.82456689053262,68.61615641075878,2.733346880556181,2.5137068481489364,0.46619417445222333,811.0459439200914,22.92943725822287,110.62912316796984,0.6527750288192329,FAOSTAT,1600000.0,A,444.1,A,710638.0,A,provisional: FAOSTAT calendar year joined to cocoa year ending September
Ghana,2010,recent official regional cocoa volume,1334.8096615935024,0.5494588571274157,16.718682506508692,22.83408759323943,191.41351256947732,66.86506612991518,3.07660593027663,2.381275086777576,0.46095209735997195,651.0370329879514,18.79235100922192,79.33885240365747,0.593687015899359,FAOSTAT,1600200.0,A,395.0,A,632037.4,A,provisional: FAOSTAT calendar year joined to cocoa year ending September
Ghana,2011,recent official regional cocoa volume,1549.527172601004,0.6145474203196715,16.633511454193204,25.03820583928853,292.47593431093765,75.35720654213375,2.134550152420999,2.3185096177256685,0.5489222572719943,687.9157869271178,18.87603278846693,100.59344934724248,0.6305397062690041,FAOSTAT,1600300.0,A,437.4,A,700020.0,A,provisional: FAOSTAT calendar year joined to cocoa year ending September
Ghana,2012,recent official regional cocoa volume,1321.7107817313943,0.5793931183564894,16.507177104205812,25.441225747317063,160.85693037731247,64.89714475653693,2.968027345430568,2.441779444323432,0.4830626140134535,715.9382263092635,18.73502464871828,84.94747691260625,0.6185140458932264,FAOSTAT,1600300.0,A,549.5,A,879348.0,A,provisional: FAOSTAT calendar year joined to cocoa year ending September
Ghana,2013,recent official regional cocoa volume,1246.6518026225042,0.5515017168363239,17.00974968137227,42.27093772042708,220.758210350506,69.83280976854748,2.589396286386838,2.470655507604789,0.5126707918886916,508.86247411591205,9.610990942362026,84.57233398133191,0.5664624517883142,FAOSTAT,1600300.0,A,522.1,A,835466.0,A,provisional: FAOSTAT calendar year joined to cocoa year ending September
Ghana,2014,recent official regional cocoa volume,1470.2027415424457,0.5695624934262015,16.567962009862555,26.52221122667303,211.86999212492688,66.36606677550007,2.940648630419049,2.606624292945654,0.4677093974080941,735.4654857707599,18.96936674763389,99.4725304670153,0.6525215732525547,FAOSTAT,1683765.0,A,510.0,A,858720.0,A,provisional: FAOSTAT calendar year joined to cocoa year ending September
Ghana,2015,recent official regional cocoa volume,1337.9004029716666,0.5841647002648951,16.590136539430436,33.45874648131561,303.1360160865319,69.22942151324871,2.6558758818114074,2.491256818534443,0.5002750237093211,660.4362820136719,15.469856332067325,100.50760583433402,0.6505503213948516,FAOSTAT,1683765.0,A,510.0,A,858720.0,A,provisional: FAOSTAT calendar year joined to cocoa year ending September
Ghana,2016,recent official regional cocoa volume,1424.9249500050191,0.5459616229755496,16.56801230739879,62.588669542893726,195.60613429085882,58.43562406877056,3.3970198192483183,2.713119577698239,0.4782009953832587,538.5496282157093,12.434705343184998,79.09779432760044,0.5709967693690003,FAOSTAT,1683765.0,X,510.0,X,858720.0,X,provisional: FAOSTAT calendar year joined to cocoa year ending September
Ghana,2017,recent official regional cocoa volume,1414.847577984738,0.5911484871552561,16.836405834534048,17.908311461751786,177.09418865233252,70.577794922401,2.6841154705636665,2.384266268417523,0.4986825334672021,734.1242033203082,21.81125509630667,82.54116225128003,0.6255281008811322,FAOSTAT,1863830.0,I,520.1,E,969300.0,X,provisional: FAOSTAT calendar year joined to cocoa year ending September
Ghana,2018,recent official regional cocoa volume,1589.3502227446197,0.5972329808750494,16.98964963225755,41.09955057322449,230.03623209040168,70.02834319931819,2.6885729481791882,2.4875099141238377,0.506565707138071,735.8737688353109,15.415526150067082,98.45231995222804,0.62166658565883,FAOSTAT,1726616.0,I,524.0,E,904700.0,X,provisional: FAOSTAT calendar year joined to cocoa year ending September
Ghana,2019,recent official regional cocoa volume,1354.447460432321,0.5873600355324908,17.061547116886807,41.93532009434442,158.7892138747316,67.95984450932872,2.759954640868684,2.456987254253759,0.5044925983266471,639.0685116502842,14.936187134685916,97.66930559847296,0.596375995373106,FAOSTAT,1536624.0,I,528.2,E,811700.0,X,provisional: FAOSTAT calendar year joined to cocoa year ending September
Ghana,2020,recent official regional cocoa volume,1729.9333832826796,0.6468142022426264,17.18364776510886,62.02065772506868,204.47074196488293,68.44358289560782,2.636099129793546,2.293614651534744,0.5598864464634276,813.8447919168374,27.28977792032877,106.14917657243959,0.6625731416871734,FAOSTAT,1486060.0,I,538.3,E,800000.0,A,provisional: FAOSTAT calendar year joined to cocoa year ending September
Ghana,2021,recent official regional cocoa volume,1840.5524013627523,0.648076960176031,17.045513846935197,14.37846115333315,350.4863274257246,79.72180007154198,1.90871218755227,2.2498223485900426,0.6166037189883301,556.2809252037545,11.708340667321185,85.75664198535289,0.6186478769310138,FAOSTAT,1904331.0,I,550.0,E,1047385.0,A,provisional: FAOSTAT calendar year joined to cocoa year ending September
Ghana,2022,recent official regional cocoa volume,1699.441442155371,0.6761198830041177,16.887833747010433,38.72355885508953,207.1312580299018,75.20411762765048,2.107426999618676,2.290279768752319,0.6141292711946483,756.2087426871992,22.74625966619599,100.84402139829487,0.6564869717276451,FAOSTAT,1218838.0,I,560.6,E,683300.0,X,provisional: FAOSTAT calendar year joined to cocoa year ending September
Ghana,2023,recent official regional cocoa volume,1965.1060365434687,0.6861127102791624,16.717626247548164,38.282185776105415,246.91342713014856,72.8347103578278,2.3571374332571366,2.3812197054579967,0.556442193461963,1008.1050757063116,24.4651964791643,107.792875144887,0.6941168005187581,FAOSTAT,1150057.0,I,568.4,E,653700.0,X,provisional: FAOSTAT calendar year joined to cocoa year ending September
Ghana,2024,recent official regional cocoa volume,1482.4511046224325,0.6472997241009877,16.86809172753173,28.86142348466773,253.5608344839545,73.61750546712055,2.292611708702492,2.3108706870834625,0.6181487212827487,599.8519912070375,16.180297453509038,78.01642552514613,0.6164456185094742,FAOSTAT,919824.0,I,576.2,E,530000.0,X,provisional: FAOSTAT calendar year joined to cocoa year ending September
Ghana,2025,recent official regional cocoa volume,1518.633992714253,0.5727114909645006,16.698759634681053,47.26296877220569,176.53474711757977,68.48458691580794,2.8309170396459256,2.5697266680241473,0.4965435237711237,670.658997505792,20.63163432541002,72.2338362167314,0.6051696783948273,,,,,,,,provisional: FAOSTAT calendar year joined to cocoa year ending September
