heat_excess_flowering,heat_dry_flowering,year,oni_flowering,rain_growing,rain_flowering,sm_flowering,terminal_dryness,harvest_rain,rain_preseason,sm_preseason,harvest_rain_z20,heat_dry_flowering_z20,heat_excess_flowering_z20,oni_flowering_z20,rain_growing_z20,rain_preseason_z20,sm_flowering_z20,sm_preseason_z20,terminal_dryness_z20,area_ha,production_t,yield_kg_ha,target_status,source_season,target_source
0.0,0.0,1982,-0.05249999999999999,,,,,,,,,,,,,,,,,,,,,,ABARES Australian Crop Report state data
0.0,0.0,1983,2.1275,,,,,,,,,,,,,,,,,,,,,,ABARES Australian Crop Report state data
7.0375,3.1005000000000003,1984,-0.7325,308.745,213.89999999999998,0.5841525423728813,0.42695054945054944,98.48749999999998,,,,,,,,,,,,,,,,,ABARES Australian Crop Report state data
156.4975,79.32910000000001,1985,-0.9875,345.87,136.36749999999998,0.5245277777777778,0.47825,86.27000000000001,122.88499999999999,0.6086141304347825,,,,,,,,,,,,,,,ABARES Australian Crop Report state data
97.66749999999999,47.622275,1986,-0.3975,367.1425,197.0025,0.5381944444444444,0.47588888888888886,64.28500000000001,141.6275,0.5624184782608695,,,,,,,,,,,,,,,ABARES Australian Crop Report state data
130.54749999999999,64.2336,1987,1.1949999999999998,382.9375,152.61499999999998,0.5337777777777778,0.4715277777777778,93.14,132.16,0.5441847826086957,,,,,,,,,,,,,,,ABARES Australian Crop Report state data
93.2875,46.78,1988,0.9275000000000001,620.5925,226.04,0.54275,0.45296703296703306,238.635,138.6725,0.5459782608695652,,,,,,,,,,,,,,,ABARES Australian Crop Report state data
68.76,35.62295,1989,-1.6925,459.0799999999999,180.5275,0.5313333333333333,0.46619444444444447,268.99999999999994,99.54499999999999,0.5809510869565218,,,,,,,,,,,,,,,ABARES Australian Crop Report state data
154.3775,77.14765,1990,0.034999999999999996,498.195,131.12,0.5271944444444444,0.4714722222222223,302.24249999999995,66.78,0.5603532608695652,,,,,,,,,,237600.0,577647.0,2431.174242424243,actual,1989–90,ABARES Australian Crop Report state data
114.9325,58.79330000000001,1991,0.37,377.59749999999997,296.6375,0.5624722222222223,0.43419444444444444,76.375,54.620000000000005,0.5661684782608696,,,,,,,,,,290977.0,557779.0,1916.9178319935943,actual,1990–91,ABARES Australian Crop Report state data
110.41250000000001,55.185950000000005,1992,1.52,365.21000000000004,249.4375,0.5447777777777778,0.46239010989010987,76.84750000000001,30.949999999999996,0.5200815217391305,,0.4520916520951135,0.4582593826151998,1.2786329599176889,,,,,,419811.0,1044810.9999999999,2488.7651824273303,actual,1991–92,ABARES Australian Crop Report state data
102.1925,51.44694999999999,1993,-0.005000000000000018,259.29,162.3625,0.5258333333333334,0.47825,22.38,74.44,0.5261956521739131,,0.30214536557160837,0.29472925314681864,-0.1865279653219927,,,,,,308065.0,315360.0,1023.6800675182187,actual,1992–93,ABARES Australian Crop Report state data
131.61,63.17027500000001,1994,0.0575,471.36749999999995,235.6325,0.5408055555555555,0.4395555555555556,105.58499999999998,125.3,0.5512771739130435,-0.27713072934200833,0.7041090492243011,0.8049650866819706,-0.1223248196904699,0.7061967713200675,,-0.03699668184562793,,-1.2184172886636155,398746.0,851594.0,2135.680357922086,actual,1993–94,ABARES Australian Crop Report state data
82.13250000000001,39.78487500000001,1995,0.9450000000000001,378.6625,257.17,0.5501666666666667,0.44525,69.5725,52.72,0.512554347826087,-0.6500806015419072,-0.18170340025755766,-0.13847952536995625,0.7228391187457388,-0.2633345799299862,-1.1660102155665553,0.48917404207558496,-1.7079892492034405,-0.7823077643459211,519246.0,916472.0,1765.005411693109,actual,1994–95,ABARES Australian Crop Report state data
58.895,26.861025,1996,-0.9075,609.9225,324.7625,0.5931111111111111,0.4183241758241758,141.89,101.14500000000001,0.5276358695652174,0.18348634349569726,-0.6618908574904888,-0.5705752042530506,-1.105723629171062,2.1565173445934245,0.16610877867509052,2.9621873769327594,-0.8969294660029683,-2.2108366949354337,596824.0,1115639.0,1869.2931249413562,actual,1995–96,ABARES Australian Crop Report state data
52.14750000000001,24.99105,1997,-0.44999999999999996,501.72249999999997,315.63250000000005,0.5565833333333334,0.43222222222222223,99.62499999999999,135.4775,0.5640217391304349,-0.30899411108963265,-0.7031619678955305,-0.6764130142552804,-0.5868381381508616,0.764979191117064,1.0609449340716814,0.48387160615252117,0.4901548235223044,-1.1235227599531876,423892.0,1003334.0,2366.9566776443057,actual,1996–97,ABARES Australian Crop Report state data
158.9275,76.93042500000001,1998,2.24,456.2975,224.63,0.5437777777777778,0.47013888888888894,139.125,89.7025,0.5285054347826087,0.17313239757128432,1.3632020064529187,1.4529668682341434,2.084587969832684,0.29645185284323905,-0.22219242048558335,-0.1453098972732559,-0.866859569790926,0.7833652784740905,379195.0,690420.0,1820.7518559052728,actual,1997–98,ABARES Australian Crop Report state data
80.6325,39.99125,1999,-1.4749999999999999,572.15,258.57,0.5563333333333333,0.4276388888888888,115.6725,264.97249999999997,0.6440217391304348,-0.12218308705797111,-0.16023258403991672,-0.16688475431008865,-1.5512995810882668,1.4120255818654872,4.5586587718204274,0.4783288914364415,3.5781069186488534,-1.3290688703116642,366583.0,1059400.0,2889.93215724679,actual,1998–99,ABARES Australian Crop Report state data
39.695,17.77985,2000,-1.545,475.9825000000001,225.66750000000002,0.5549722222222222,0.44708791208791204,114.475,105.405,0.5423369565217392,-0.13381126156119436,-1.0317499131006127,-0.9669011555251452,-1.474005851434551,0.3784576711809693,-0.059580925043322554,0.39172787205941023,-0.39481100502940686,-0.2916653905302107,418570.0,1307754.0,3124.3376257256846,actual,1999–00,ABARES Australian Crop Report state data
110.9325,55.519975,2001,-0.6725,478.28499999999997,176.81,0.5498333333333333,0.45661111111111113,98.4175,101.00500000000001,0.5205163043478261,-0.3418148820353884,0.5106687633360099,0.48560803591088875,-0.6201471977949805,0.3886013212419825,-0.13933462012086514,0.11146325017114002,-1.0211787128682872,0.1852673601964217,494278.0,1155860.0,2338.481583238582,actual,2000–01,ABARES Australian Crop Report state data
175.095,85.03744999999999,2002,-0.19499999999999998,363.9725,164.48499999999999,0.5295555555555556,0.47247222222222224,70.2825,68.19,0.5378532608695653,-0.7128630339553215,1.6824905819328075,1.762747966809636,-0.18900531415226157,-0.7628934912525751,-0.7629158468829094,-0.9791283878712623,-0.45284976852015496,0.9828616703240154,562138.0,1247259.0,2218.7772397525164,actual,2001–02,ABARES Australian Crop Report state data
144.25,73.770875,2003,1.0,303.51750000000004,163.56750000000002,0.5239444444444445,0.47080555555555553,109.6675,68.69999999999999,0.5240489130434782,-0.14374218757717153,1.0805147907919839,0.9816706118893241,0.8430810716263376,-1.3422200314445139,-0.7203830774995738,-1.2316910870053543,-0.8533132438020867,0.8487893442315682,405129.0,929693.0,2294.807332972954,actual,2002–03,ABARES Australian Crop Report state data
126.64750000000001,62.0043,2004,0.345,514.8775,335.79499999999996,0.5707222222222221,0.4274175824175825,106.88,93.5575,0.5392663043478261,-0.17957763711985897,0.4870700067693933,0.5221108405746471,0.35451095231011565,0.8429569475040064,-0.20356087850810653,1.3298886845727342,-0.3538700887264206,-1.4063081014785983,519288.0,1296325.0,2496.3507725963245,actual,2003–04,ABARES Australian Crop Report state data
106.99000000000001,51.71885000000001,2005,0.6425000000000001,392.86,221.87,0.5491111111111112,0.47222222222222227,71.64,83.575,0.526766304347826,-0.6840927230873712,-0.12351681638653722,-0.06508314997320216,0.5849072979379621,-0.48055701799298783,-0.3999015053820612,0.23214882807428866,-0.7325238929178067,0.8859857068347186,543510.0,1163509.0,2140.7315412779894,actual,2004–05,ABARES Australian Crop Report state data
211.5025,105.4025,2006,-0.7575,429.11749999999995,177.785,0.5357500000000001,0.47244444444444433,66.81,123.945,0.5551630434782608,-0.7374410346910285,2.8720339900495486,2.850760304747873,-0.8108129158023919,-0.13843658668394673,0.4546989072156176,-0.6219474960667607,0.3020504474432045,0.9287820481693382,436430.0,1038439.0000000001,2379.3941754691477,actual,2005–06,ABARES Australian Crop Report state data
95.0575,48.943025000000006,2007,0.6900000000000001,274.665,172.0625,0.5277499999999999,0.4714722222222222,52.995000000000005,31.0775,0.5182336956521739,-0.9346737149532792,-0.3066789330596939,-0.40689601001339104,0.5734905033763774,-1.7994387708213946,-1.419953573409582,-1.083523909896354,-0.943367676996409,0.895774137741304,449180.0,896405.0,1995.6476245603099,actual,2006–07,ABARES Australian Crop Report state data
12.125000000000002,5.509450000000001,2008,-1.565,617.2425000000001,400.58000000000004,0.6008888888888889,0.4036538461538461,36.6525,129.4725,0.5416032608695652,-1.1154418001640407,-2.2751235073458593,-2.2810961402568375,-1.5510917543636789,1.7429070977671213,0.6706446731422189,3.1903970189510154,-0.09988163068533641,-2.6752697714340723,661228.0,2518818.0,3809.303296291144,actual,2007–08,ABARES Australian Crop Report state data
67.13,33.42985,2009,-0.73,513.5225,274.6375,0.5556111111111112,0.4503888888888889,81.93,101.37750000000001,0.5513315217391304,-0.3700195176227297,-0.7963819888820044,-0.8186461539545511,-0.6091612184162407,0.7258809453638192,0.12621114225488694,0.32441375890139634,0.23200315073601047,-0.07237664889492695,538215.0,1770620.0,3289.8005443921106,actual,2008–09,ABARES Australian Crop Report state data
84.63499999999999,41.437175,2010,1.41,586.8375,314.145,0.55775,0.39383333333333326,196.925,67.8,0.5264673913043478,1.7309523813701093,-0.46069062861485943,-0.45567987454005315,1.396773084196412,1.405314972518957,-0.5430352848680411,0.37446050772294015,-0.570887026535797,-2.6217478174838096,333408.0,926167.0,2777.8787551588443,actual,2009–10,ABARES Australian Crop Report state data
29.452499999999993,15.611025,2011,-1.3825,840.9975,342.6275,0.6360000000000001,0.39333333333333337,205.92000000000002,266.78499999999997,0.6178804347826088,2.8676979793824215,-1.482216850452279,-1.554555440684931,-1.3289254898935532,3.6843264547978474,3.4130707086848995,4.19290640353065,2.6722487316415786,-2.1777636667813955,434769.0,1182799.0,2720.522852365279,actual,2010–11,ABARES Australian Crop Report state data
18.5825,8.105225000000003,2012,-0.8075,635.535,340.97999999999996,0.5984722222222222,0.4057417582417583,139.6825,132.9875,0.5460869565217391,0.8686420606594928,-1.626595485734661,-1.6033397842503865,-0.685170903935184,1.2058497652151703,0.43717224738125354,1.5693043419425823,0.06953766476066461,-1.4393157647845272,435533.0,1416280.0,3251.831663731565,actual,2011–12,ABARES Australian Crop Report state data
125.0325,63.221375,2013,-0.1375,454.47499999999997,271.79,0.5458611111111111,0.4297777777777778,144.415,43.58,0.5434239130434783,0.8925877793226462,0.6357153599539522,0.5753670857183414,0.019340223026196333,-0.210654743309475,-1.1232404610564282,-0.41188205500916486,-0.05107640544210657,-0.4442393710573784,431000.0,1475000.0,3422.273781902552,actual,2012–13,ABARES Australian Crop Report state data
161.715,81.7809,2014,-0.21250000000000002,338.16999999999996,119.61999999999999,0.5229166666666667,0.47058333333333335,133.3325,33.3775,0.5191576086956522,0.5653727261191199,1.30156082565025,1.2338902705920276,-0.04480032913644051,-1.2018605070582524,-1.2394342171370252,-1.2707400552851373,-0.8298075731629726,1.1178042343513233,355615.0,860383.0,2419.4226902689707,actual,2013–14,ABARES Australian Crop Report state data
56.349999999999994,28.8534,2015,0.695,445.6475,278.18249999999995,0.553638888888889,0.45513888888888887,126.22999999999999,89.26250000000002,0.5302445652173914,0.36992457414726015,-0.6884308669168533,-0.7395605483925476,0.8202716308146728,-0.3084348873053632,-0.2440268342753502,-0.14809571146868908,-0.42981502434552643,0.48143368692444183,546739.0,1618388.0,2960.0741853059685,actual,2014–15,ABARES Australian Crop Report state data
80.38499999999999,41.07735,2016,2.5749999999999997,454.745,310.9375,0.5563888888888889,0.44285714285714295,48.7475,70.6,0.5288858695652174,-1.467715269111251,-0.2244063601061507,-0.2763791752461777,2.628795353719564,-0.2695842527407238,-0.5766571706740298,-0.059784258059639994,-0.5085975796065942,0.027939613098417315,363102.0,1177451.0,3242.75547917665,actual,2015–16,ABARES Australian Crop Report state data
244.8625,123.25549999999998,2017,-0.315,450.52,153.3975,0.5253611111111112,0.46275,192.49749999999997,134.33749999999998,0.5577989130434783,1.8708823108232902,2.728644384766388,2.6814416325412482,-0.24773956108548292,-0.24819593997748624,0.4658283671176673,-1.1078575561518296,0.3896931356287137,0.7004220587139993,249866.0,604274.0,2418.3922582504224,actual,2016–17,ABARES Australian Crop Report state data
203.11499999999998,101.58905,2018,-0.7775,449.2425,250.7275,0.53325,0.45519444444444446,56.1725,118.98249999999999,0.5279347826086956,-1.15431711888615,1.534633149819023,1.5283499953558035,-0.6385118693531994,-0.23805341247906933,0.22267140072712607,-0.746845968509764,-0.5337174603730744,0.37086191422237813,352373.0,974481.0,2765.481464243855,actual,2017–18,ABARES Australian Crop Report state data
204.47,103.334225,2019,0.91,335.61,61.432500000000005,0.5151388888888889,0.48330555555555554,124.2825,140.07,0.5286684782608696,0.31608587402322463,1.483865944875674,1.4539844376537585,0.9832330023978798,-1.1149629094738154,0.5351390805770321,-1.3439158852309996,-0.5095989151491618,1.4287306845303431,393572.0,926270.0,2353.4956755053713,actual,2018–19,ABARES Australian Crop Report state data
210.45749999999998,104.736625,2020,0.6275,350.80999999999995,246.47249999999997,0.5406111111111112,0.43412087912087916,89.3625,12.96,0.5080978260869566,-0.38963851651139925,1.3661298067381094,1.3881661983346458,0.6264641319609786,-0.8926007239667233,-1.6970590937027854,-0.38015518109607216,-1.4140386524637625,-0.446657612095669,159035.0,313206.0,1969.4155374603076,actual,2019–20,ABARES Australian Crop Report state data
95.07,45.320449999999994,2021,-0.9950000000000001,411.1,196.03500000000003,0.5345277777777778,0.44886111111111116,160.3075,84.27,0.5280163043478261,1.0469419418367831,-0.46983295497446353,-0.4075875399499487,-1.0452406999727473,-0.37746420578568873,-0.2058589048070159,-0.555163166336529,-0.4105020270887614,0.09266490348845816,422490.0,1071740.0,2536.7227626689387,actual,2020–21,ABARES Australian Crop Report state data
83.67250000000001,40.21030000000001,2022,-0.8475,497.945,160.52249999999998,0.5490277777777778,0.45972222222222225,184.7425,83.45,0.5395923913043479,1.4343959339151526,-0.5987418895133494,-0.5580184196341352,-0.8715186050941295,0.2967834514505081,-0.20540278465869158,-0.05329136146009677,0.07656723187695368,0.48691103103405114,427576.0,1717177.0,4016.074335322843,actual,2021–22,ABARES Australian Crop Report state data
85.6425,43.029375,2023,-0.5975,453.54,125.23500000000001,0.5325555555555556,0.47025000000000006,109.095,223.1325,0.5808423913043478,-0.13844938511657548,-0.4566668364905146,-0.4685528907947061,-0.5869308576972042,-0.08559375351540979,2.33279668180144,-0.6302115748716796,1.8814904963493069,0.8931995369411788,490000.0,1813000.0,3700.0,estimate,2022–23 s,ABARES Australian Crop Report state data
145.865,71.477775,2024,1.8975,391.9425,191.84,0.5411944444444444,0.46706043956043963,97.1325,12.28,0.5105706521739131,-0.36276992957235143,0.4027040324384236,0.44333967383799955,1.8995323553593189,-0.6337880126725767,-1.485265430378302,-0.363363698962739,-1.2346817735807925,0.7812811498830342,415000.0,1500000.0,3614.4578313253014,estimate,2023–24 s,ABARES Australian Crop Report state data
127.12,61.76485,2025,-0.3525,464.9275,186.2025,0.5468333333333333,0.4625000000000001,174.58,62.49250000000001,0.5244021739130436,1.0994139104480714,0.11030923679262389,0.15826774954247436,-0.3296374910991901,-0.01016936640697773,-0.5684118005976017,-0.12658339875995864,-0.5885209976439036,0.5463647796834668,405000.0,1830000.0,4518.518518518518,estimate,2024–25 s,ABARES Australian Crop Report state data
152.6925,77.17542499999999,2026,-0.4,317.985,156.53,0.5287777777777778,0.4658055555555556,104.8475,54.552499999999995,0.5314402173913044,-0.30192382943439233,0.53638190410874,0.5112116120920134,-0.329755489005133,-1.1999318789858833,-0.6705760252639588,-0.730840478443171,-0.3057392055232239,0.69040340384987,450000.0,1625000.0,3611.1111111111113,estimate,2025–26 s,ABARES Australian Crop Report state data
