ors_doy,ors_doy_agronomic,days_late,days_late_agronomic,ers_doy,precip_rep,hotdays_rep,year,oni_season,precip_veg,yield_kg_ha
547.0,368.0,254.0,75.0,460.6,590.73,0.0,1984,-0.7325,,1951.0
296.0,299.9,6.6,7.5,466.9,561.115,0.0,1985,-0.9875,437.63699999999994,2082.0
274.0,274.0,0.0,0.0,454.6,610.616,0.0,1986,-0.39749999999999996,378.61,2104.0
307.1,309.5,18.9,16.5,460.3,532.4760000000001,0.0,1987,1.1949999999999998,429.7180000000001,2178.0
306.2,302.1,13.2,9.1,464.70000000000005,665.579,0.0,1988,0.9275,643.924,2043.0
303.9,283.9,15.299999999999999,0.0,472.80000000000007,603.8660000000001,0.0,1989,-1.6925,515.475,2228.0
292.59999999999997,295.3,3.5,5.0,451.4,604.3300000000002,0.0,1990,0.035,556.279,2006.0
275.2,261.4,0.0,0.0,454.09999999999997,753.5790000000001,0.0,1991,0.37,460.508,2351.0
286.2,264.70000000000005,1.6,0.0,479.0,638.4279999999999,1.2,1992,1.52,434.519,2505.0
270.5,265.6,8.4,0.0,466.70000000000005,501.31600000000003,0.0,1993,-0.005000000000000011,594.433,2453.0
305.5,291.70000000000005,12.5,1.5,470.29999999999995,624.3310000000001,0.0,1994,0.0575,583.7909999999999,2629.0
316.8,294.2,23.799999999999997,2.4,484.4,737.79,0.0,1995,0.9450000000000001,552.296,2364.0
299.6,282.1,10.8,0.0,472.70000000000005,508.32699999999994,0.0,1996,-0.9075,550.493,2572.0
299.3,297.79999999999995,6.300000000000001,7.800000000000001,470.5,588.403,0.0,1997,-0.45,514.972,2764.0
302.9,291.2,12.3,0.3,464.79999999999995,561.459,1.7999999999999998,1998,2.24,416.16700000000003,2734.0
282.09999999999997,287.6,0.0,4.800000000000001,445.4,511.9180000000001,0.0,1999,-1.475,570.174,2836.0
293.9,286.4,1.2000000000000002,2.7,454.69999999999993,605.354,0.0,2000,-1.545,552.908,3018.0
297.3,254.0,4.3,0.0,465.9,462.555,2.4,2001,-0.6725,433.947,3054.0
292.79999999999995,272.5,5.3999999999999995,0.0,452.6,627.145,0.0,2002,-0.195,581.446,3060.0
306.5,281.9,15.0,5.699999999999999,472.5,563.213,0.0,2003,1.0,414.53900000000004,2937.0
283.4,276.3,7.8,0.0,450.79999999999995,725.282,0.0,2004,0.345,472.188,2758.0
291.6,285.2,6.3,0.0,458.90000000000003,454.41099999999994,1.7999999999999998,2005,0.6425,478.72999999999996,2908.0
293.8,273.8,5.6,0.0,469.0,563.6959999999999,0.3,2006,-0.7575,474.649,2683.0
277.79999999999995,273.2,0.0,0.0,448.3,603.134,0.0,2007,0.69,524.442,3009.0
292.8,295.2,1.2999999999999998,3.1,451.79999999999995,582.795,0.0,2008,-1.565,406.26099999999997,3145.0
301.6,280.1,8.6,4.2,465.69999999999993,466.099,1.5,2009,-0.73,491.56399999999996,3080.0
300.3,277.1,7.9,0.0,460.0,743.2149999999999,0.0,2010,1.4100000000000001,561.475,3017.0
289.4,291.5,2.6999999999999997,4.2,461.5,591.4870000000001,0.0,2011,-1.3825,413.07399999999996,3223.0
297.4,283.7,14.399999999999999,0.8999999999999999,452.79999999999995,538.853,0.0,2012,-0.8075,373.32499999999993,3129.0
291.1,280.0,9.3,4.5,469.8,517.389,0.4,2013,-0.13749999999999998,371.78000000000003,2959.0
293.4,293.5,9.0,6.9,460.4,418.40099999999995,0.0,2014,-0.21250000000000002,454.731,3076.0
295.1,286.20000000000005,2.1,4.8,444.6,224.269,1.2000000000000002,2015,0.695,428.02,3106.0
294.6,302.9,2.4,9.899999999999999,446.29999999999995,349.09200000000004,4.7,2016,2.575,271.79,2887.0
284.70000000000005,289.4,6.3,7.199999999999999,457.1,451.918,1.2,2017,-0.315,399.712,3290.0
309.59999999999997,273.4,16.6,0.0,466.2,524.168,0.0,2018,-0.7775,454.28700000000003,3349.0
287.5,291.9,0.0,0.3,465.0,420.61199999999997,2.1,2019,0.91,433.537,3316.0
288.9,299.1,5.1,8.1,454.1,333.786,2.6999999999999997,2020,0.6275,322.126,3511.0
292.6,295.7142857142857,3.2,5.714285714285714,465.19999999999993,346.95399999999995,13.4,2021,-0.995,222.36999999999995,3381.0
289.0,294.59999999999997,2.1,6.3,454.1,513.846,0.0,2022,-0.8475,561.044,3481.0
278.9,287.4,0.0,0.8999999999999999,465.40000000000003,425.51,0.0,2023,-0.5975,329.178,3708.0
303.8,319.5,21.0,32.1,474.2,352.3310000000001,16.2,2024,1.8975,199.53699999999998,3109.0
292.3,304.3,1.7999999999999998,11.7,466.29999999999995,329.47999999999996,6.6,2025,-0.3525,310.438,
