wd_feb_apr,irrigation_buffer_mm,irrig_fraction,wd_eff,sm_flowering_days_above,sm_flowering,t_penalty_kath,tmin_gs,tmax_gs,precip_feb_apr,precip_wet_prior,et0_feb_apr,year,oni_season,oni_djf,yield_kg_ha,label_source
351.88997541928336,31.276000000000003,0.6580000000000001,320.61397541928335,4.960000000000001,0.5058471910112361,0.5664247196261684,20.778661682242994,30.849832710280374,38.00100000000001,393.49780000000004,373.7119272553262,1985,-0.8866666666666667,-1.04,2024.3144432480092,provisional_synthetic_climate_response
388.0978935708169,28.588,0.6580000000000001,359.5098935708168,2.1600000000000006,0.5029730337078654,0.5812308878504673,20.8228261682243,31.101791588785048,3.0328000000000004,313.6180000000001,391.1306935708168,1986,-0.42333333333333334,-0.49,2185.540093508859,provisional_synthetic_climate_response
391.4225819869631,28.588,0.6580000000000001,362.83458198696314,2.1600000000000006,0.506408988764045,0.6774913551401872,21.42167943925234,32.42814766355141,1.6384,480.53280000000007,393.0477121788022,1987,1.16,1.23,2215.0569163230252,provisional_synthetic_climate_response
377.78032831666155,26.509000000000004,0.6580000000000001,351.27132831666154,0.18000000000000002,0.4959044444444445,0.7149440654205609,21.724771962616824,32.8741093457944,7.0496000000000025,177.79840000000002,384.8299283166616,1988,0.49666666666666676,0.81,2061.6122151354853,provisional_synthetic_climate_response
333.3935746445804,43.312000000000005,0.6580000000000001,290.08157464458037,16.500000000000004,0.5087325842696631,0.5878581775700936,20.93650093457944,31.12066261682243,53.480000000000004,239.22360000000003,359.01666166287896,1989,-1.4000000000000001,-1.69,2223.8779399816217,provisional_synthetic_climate_response
369.6731728128838,30.4375,0.6580000000000001,339.2356728128838,3.9600000000000004,0.5024494382022473,0.5750100467289722,21.168196261682244,30.6320046728972,13.520800000000001,419.69800000000004,381.11940500114935,1990,0.21,0.14,2116.235314729646,provisional_synthetic_climate_response
322.90815334222816,103.40800000000002,0.6580000000000001,219.5001533422281,76.62000000000002,0.5603325842696629,0.5092166822429909,20.41489532710281,30.069438317757015,155.39320000000004,899.8734000000001,371.6917311449661,1991,0.29666666666666663,0.41,2338.7408423601446,provisional_synthetic_climate_response
356.0180270243966,97.54150000000001,0.6580000000000001,258.4765270243966,72.26,0.5457222222222223,0.503123971962617,20.72486448598131,29.637614953271033,23.1522,992.0678000000003,376.70864033158114,1992,1.6066666666666667,1.71,2121.8157292241735,provisional_synthetic_climate_response
334.992248706713,113.1235,0.6580000000000001,221.868748706713,87.74000000000002,0.5738179775280899,0.49332738317757,20.50834112149533,29.658206542056075,43.06980000000001,1475.6010000000003,359.61318351625783,1993,0.2966666666666667,0.09,2593.742980503203,provisional_synthetic_climate_response
331.26206149109436,113.488,0.6580000000000001,217.77406149109433,88.28000000000002,0.5859887640449439,0.4629950000000001,20.66947663551402,28.890423364485986,41.591800000000006,1061.3380000000002,360.64448719138863,1994,0.10000000000000002,0.06,2372.81616568232,provisional_synthetic_climate_response
349.6952007954358,107.08000000000001,0.6580000000000001,242.6152007954358,81.42000000000002,0.5649550561797754,0.5065629906542056,20.489593457943926,29.941666355140192,43.44500000000001,1145.1788000000001,374.4401672698823,1995,0.7366666666666667,0.96,2133.116355615826,provisional_synthetic_climate_response
320.4575841419857,115.15,0.6580000000000001,205.30758414198564,90.00000000000001,0.5841511111111113,0.46478850467289734,20.38575420560748,29.21001588785047,63.6236,1156.3218000000002,353.8832560271595,1996,-0.7466666666666666,-0.9,2383.8069039940915,provisional_synthetic_climate_response
288.766107167921,114.16300000000001,0.6580000000000001,174.603107167921,89.00000000000001,0.6370674157303371,0.4522015420560747,20.437250467289722,28.90678037383178,80.57120000000002,1216.7888000000003,338.21108712675607,1997,-0.32,-0.5,2395.8450902647533,provisional_synthetic_climate_response
378.8853569321742,30.112000000000005,0.6580000000000001,348.7733569321742,3.8200000000000003,0.5110898876404496,0.5871819626168227,21.436971962616827,30.606667289719628,13.238000000000001,675.1766000000001,392.0581947893101,1998,1.8699999999999999,2.24,2218.270111637111,provisional_synthetic_climate_response
240.51566157522316,114.16300000000001,0.6580000000000001,126.35266157522312,89.00000000000001,0.6855842696629214,0.3863195794392524,20.45201869158879,27.574372897196266,185.70780000000005,1543.8322000000005,321.05415198910845,1999,-1.3066666666666666,-1.55,2434.689673637914,provisional_synthetic_climate_response
296.293225745798,115.15,0.6580000000000001,181.143225745798,90.00000000000001,0.6189311111111112,0.4894625700934579,20.667899065420567,29.4213523364486,42.5068,1228.9696000000001,331.3920776865584,2000,-1.38,-1.66,2460.3472805674846,provisional_synthetic_climate_response
313.31879033380534,113.59600000000002,0.6580000000000001,199.72279033380534,88.46000000000002,0.5595573033707866,0.5522278504672898,21.224957943925236,30.119599065420566,49.786800000000014,840.8370000000002,348.7858078456874,2001,-0.5466666666666667,-0.68,2433.1537861086026,provisional_synthetic_climate_response
365.4984082036007,44.16700000000001,0.6580000000000001,321.33140820360074,19.020000000000003,0.5166719101123597,0.6113850467289721,21.178520560747668,31.349180373831782,21.91,717.3892000000002,377.698745926241,2002,-0.01,-0.15,2371.748047823745,provisional_synthetic_climate_response
369.22837881285363,29.182,0.6580000000000001,340.04637881285356,2.8800000000000003,0.508779775280899,0.630190140186916,21.480183177570098,31.42361962616823,7.302800000000002,452.16440000000006,376.42295384665726,2003,0.6433333333333334,0.92,2351.7947333897996,provisional_synthetic_climate_response
360.1464399966484,29.479,0.6580000000000001,330.6674399966484,3.2400000000000007,0.5081400000000001,0.6097031308411217,21.187480373831782,31.30658224299066,6.6084000000000005,532.3528000000001,366.7548399966484,2004,0.3033333333333333,0.37,2256.1994900706127,provisional_synthetic_climate_response
360.3751387876212,28.802500000000002,0.6580000000000001,331.5726387876212,2.380000000000001,0.5007977528089889,0.6401897196261684,21.40579345794393,31.698000934579447,14.906200000000002,491.7740000000001,370.9590915256138,2005,0.5566666666666666,0.64,2403.9664044503265,provisional_synthetic_climate_response
334.03110686685386,56.99050000000001,0.6580000000000001,277.04060686685386,31.320000000000004,0.5215752808988766,0.5982383177570093,21.110984112149538,31.153782242990655,55.8046,476.56980000000004,365.53620895820757,2006,-0.73,-0.85,2562.256970886676,provisional_synthetic_climate_response
350.4902331896541,31.396,0.6580000000000001,319.0942331896541,5.220000000000001,0.5023101123595507,0.6141384112149535,21.415252336448603,31.16751588785047,19.498,426.8264,366.2825686293384,2007,0.25333333333333335,0.66,2441.6591586583795,provisional_synthetic_climate_response
310.47618749185546,81.2425,0.6580000000000001,229.23368749185542,57.3,0.5272288888888891,0.55910761682243,20.95745140186916,30.524700934579442,39.9992,600.9512000000002,341.19433989275797,2008,-1.4833333333333334,-1.64,2743.8819669981926,provisional_synthetic_climate_response
290.96121787153544,96.44800000000002,0.6580000000000001,194.51321787153543,71.72000000000001,0.5320786516853933,0.5650705140186918,21.328000934579443,30.2734093457944,74.49820000000001,502.15720000000005,340.35002745045614,2009,-0.75,-0.85,2504.574334362173,provisional_synthetic_climate_response
366.9462918002938,37.133500000000005,0.6580000000000001,329.81279180029384,11.040000000000001,0.5138022471910114,0.6940630373831779,21.721521495327103,32.459739252336455,17.070200000000003,547.4506000000001,379.14489257453164,2010,1.1866666666666665,1.5,2168.5730185871275,provisional_synthetic_climate_response
307.4116327608003,107.14300000000001,0.6580000000000001,200.26863276080022,81.36000000000001,0.5385393258426967,0.530693878504673,20.750224299065422,30.16365327102804,25.318800000000007,501.4748,327.91038158113724,2011,-1.05,-1.31,2692.0628694223715,provisional_synthetic_climate_response
308.7190144577856,77.96050000000001,0.6580000000000001,230.75851445778557,53.800000000000004,0.5325200000000001,0.570391542056075,21.22743457943926,30.480396261682248,136.24120000000002,562.8874000000001,349.4167594034719,2012,-0.5833333333333334,-0.72,2769.4844469982463,provisional_synthetic_climate_response
335.5420901545134,34.55500000000001,0.6580000000000001,300.9870901545134,9.000000000000002,0.506094382022472,0.6280649065420562,21.494960747663555,31.366337383177573,24.451200000000004,473.0626,358.5314667910702,2013,-0.2633333333333333,-0.29,2670.7187092724894,provisional_synthetic_climate_response
363.6806290327168,29.263,0.6580000000000001,334.41762903271683,2.8800000000000003,0.5077370786516856,0.6610517757009347,21.452535514018695,32.06850000000001,15.7782,503.8586,374.1703038912279,2014,-0.2466666666666667,-0.28,2475.2337110339745,provisional_synthetic_climate_response
366.683938035679,28.802500000000002,0.6580000000000001,337.8814380356789,2.380000000000001,0.502332584269663,0.6927442056074764,21.53241682242991,32.62246728971963,15.661000000000001,376.5246,380.520862913462,2015,0.6499999999999999,0.69,2706.712002384515,provisional_synthetic_climate_response
360.93325801718225,29.2315,0.6580000000000001,331.70175801718227,2.8200000000000007,0.507717777777778,0.5839670093457947,21.28084112149533,30.698499065420567,22.214400000000005,293.6018,378.1651023599453,2016,2.2066666666666666,2.63,2116.333387215186,provisional_synthetic_climate_response
274.495087607412,114.16300000000001,0.6580000000000001,160.332087607412,89.00000000000001,0.6612292134831461,0.4442769626168225,20.709309345794395,28.476229906542056,108.83480000000002,1399.5904,334.89776205977927,2017,-0.01,-0.19,2925.9824000983017,provisional_synthetic_climate_response
311.7520488051745,114.16300000000001,0.6580000000000001,197.58904880517449,89.00000000000001,0.6105505617977529,0.4273057943925232,20.33086448598131,28.51525140186916,89.73840000000001,1445.7974000000002,350.5204958574605,2018,-0.6833333333333332,-0.77,2803.9121054896164,provisional_synthetic_climate_response
331.17263691413456,114.16300000000001,0.6580000000000001,217.00963691413457,89.00000000000001,0.6023775280898878,0.4811951869158878,20.97229345794393,28.951610280373835,68.18480000000002,1638.8048000000003,370.7697768541566,2019,0.8633333333333333,0.89,2632.7120528318214,provisional_synthetic_climate_response
342.24651922279673,112.80100000000002,0.6580000000000001,229.44551922279675,87.30000000000003,0.5709755555555557,0.5374172897196262,21.016983177570097,30.03136261682243,37.70420000000001,1681.5676000000003,367.77474864512465,2020,0.6,0.64,2519.7593220557264,provisional_synthetic_climate_response
301.90955417085144,114.16300000000001,0.6580000000000001,187.74655417085143,89.00000000000001,0.6215910112359552,0.4612415887850468,20.552598130841126,28.972233644859816,105.08120000000002,1997.9864000000005,351.52910538205174,2021,-0.8033333333333333,-0.91,2977.243167879641,provisional_synthetic_climate_response
255.26313312867072,114.16300000000001,0.6580000000000001,141.1001331286707,89.00000000000001,0.6477191011235957,0.42587303738317767,20.569996261682245,28.247464485981308,183.4516,1835.6064000000001,321.20275898116404,2022,-0.8233333333333333,-0.82,3152.8432290087535,provisional_synthetic_climate_response
311.2417189448063,114.16300000000001,0.6580000000000001,197.07871894480624,89.00000000000001,0.6362719101123597,0.47810752336448614,20.894919626168228,28.9672308411215,32.3524,1686.0942,339.1217218217646,2023,-0.2833333333333334,-0.54,2806.024231978384,provisional_synthetic_climate_response
373.31588022100397,114.96100000000001,0.6580000000000001,258.35488022100395,89.82000000000002,0.5884244444444446,0.5614667289719628,21.451715887850472,30.07761869158879,9.400200000000002,1806.5084000000004,380.9101221832399,2024,1.5999999999999999,1.92,2770.7075046385694,provisional_synthetic_climate_response
291.98688624433197,114.16300000000001,0.6580000000000001,177.82388624433196,89.00000000000001,0.6192314606741572,0.4735987383177571,20.77655420560748,28.995420560747664,55.152200000000015,1836.9398,329.99406935437196,2025,-0.25,-0.45,3054.700976452867,provisional_synthetic_climate_response
316.3793396696106,114.16300000000001,0.6580000000000001,202.21633966961053,89.00000000000001,0.6419168539325845,0.5199230263157893,20.59662105263158,30.101839473684215,91.4812,1658.2022,350.3830495193098,2026,-0.12666666666666668,-0.37,2962.7519161795044,provisional_synthetic_climate_response
