heat_vpd_stress,heat_days_35,heat_excess,days_late,precip_rep,gwetroot_rep_mean,gwetroot_stress_days,heat_x_drought,year,oni_season,yield_kg_ha
,,,,,,,,1982,-0.0525,
,,,,,,,,1983,2.1275,
4.038865607263959,10.0,6.849999999999987,78.0,139.72999999999996,0.6328333333333334,0.0,0.0,1984,-0.7325,
0.0,0.0,0.0,2.0,450.58,0.7449152542372881,0.0,0.0,1985,-0.9875,
0.0,0.0,0.0,1.0,280.30000000000007,0.8481355932203389,0.0,0.0,1986,-0.39749999999999996,1500.0
4.346647846634344,24.0,35.77999999999999,0.0,73.5,0.6044067796610169,0.0,0.0,1987,1.1949999999999998,980.0
0.0,0.0,0.0,16.0,206.5,0.7153333333333334,0.0,0.0,1988,0.9275,1500.0
0.0,0.0,0.0,0.0,186.39,0.6954237288135592,0.0,0.0,1989,-1.6925,1500.0
0.0,0.0,0.0,12.0,208.85,0.8261016949152542,0.0,0.0,1990,0.035,570.0
0.0,0.0,0.0,1.0,296.78,0.6752542372881356,0.0,0.0,1991,0.37,2100.0
0.0,0.0,0.0,12.0,703.34,0.88,0.0,0.0,1992,1.52,1499.0
0.0,0.0,0.0,2.0,174.12,0.7257627118644067,0.0,0.0,1993,-0.005000000000000011,780.0
0.0,0.0,0.0,30.0,285.51,0.674915254237288,0.0,0.0,1994,0.0575,1500.0
3.8333318446675206,5.0,4.730000000000004,23.0,307.84000000000003,0.6598305084745764,0.0,0.0,1995,0.9450000000000001,2280.0
3.7856269528025424,1.0,0.18999999999999773,8.0,93.77,0.714,0.0,0.0,1996,-0.9075,1320.0
0.0,0.0,0.0,7.0,267.91999999999996,0.6571186440677965,0.0,0.0,1997,-0.45,2219.0
3.8191198122296655,3.0,4.269999999999996,0.0,329.57,0.6659322033898305,0.0,0.0,1998,2.24,2159.0
4.328811043301536,11.0,19.190000000000005,10.0,204.35,0.6415254237288136,0.0,0.0,1999,-1.475,1200.0
0.0,0.0,0.0,4.0,254.64000000000004,0.8019999999999999,0.0,0.0,2000,-1.545,2400.0
3.866297489452617,9.0,4.010000000000005,10.0,115.61,0.6666101694915254,0.0,0.0,2001,-0.6725,2039.0
4.0423880408256725,8.0,8.220000000000006,0.0,227.11,0.6596610169491527,0.0,0.0,2002,-0.195,1830.0
3.6490746865307946,1.0,0.1700000000000017,9.0,224.10999999999999,0.6969491525423729,0.0,0.0,2003,1.0,1830.0
0.0,0.0,0.0,64.0,612.81,0.7900000000000001,0.0,0.0,2004,0.345,2880.0
3.7416033276148903,5.0,1.8799999999999955,5.0,309.22,0.6535593220338983,0.0,0.0,2005,0.6425,2760.0
3.878897413505972,11.0,13.309999999999995,7.0,118.16999999999999,0.6333898305084745,0.0,0.0,2006,-0.7575,2279.0
4.28264532995319,10.0,17.510000000000005,0.0,331.64,0.6588135593220338,0.0,0.0,2007,0.69,2700.0
3.8601740654993417,2.0,0.6400000000000006,31.0,209.85000000000002,0.6308333333333334,0.0,0.0,2008,-1.565,3036.0
0.0,0.0,0.0,22.0,235.26,0.6750847457627118,0.0,0.0,2009,-0.73,2550.0
4.0698212362416735,14.0,16.15,0.0,111.64000000000001,0.6298305084745763,0.0,0.0,2010,1.4100000000000001,3060.0
0.0,0.0,0.0,0.0,207.94,0.7003389830508474,0.0,0.0,2011,-1.3825,3360.0
3.839531296669743,1.0,0.14999999999999858,0.0,186.01999999999998,0.6761666666666667,0.0,0.0,2012,-0.8075,1620.0
4.007310910355317,11.0,9.119999999999997,14.0,194.82999999999998,0.6347457627118646,0.0,0.0,2013,-0.13749999999999998,2184.0
3.9540024633755007,4.0,1.259999999999998,0.0,72.95000000000002,0.6427118644067795,0.0,0.0,2014,-0.21250000000000002,2460.0
4.29323473192804,15.0,21.110000000000007,21.0,161.25,0.6079661016949152,0.0,0.0,2015,0.695,3120.0
4.55001897444902,2.0,5.140000000000001,25.0,441.37000000000006,0.7361666666666665,0.0,0.0,2016,2.575,2100.0
4.566869882736392,24.0,47.910000000000004,8.0,154.94000000000003,0.6052542372881357,0.0,0.0,2017,-0.315,3074.0
4.487887845580342,11.0,15.920000000000009,9.0,253.01,0.6338983050847458,0.0,0.0,2018,-0.7775,3635.0
4.552535250179873,22.0,43.75,0.0,116.27000000000001,0.6040677966101694,0.0,0.0,2019,0.91,3100.0
4.004392579647437,5.0,6.11999999999999,27.0,317.8800000000001,0.6665,0.0,0.0,2020,0.6275,3455.0
4.569412025182009,20.0,40.8,0.0,144.91000000000003,0.5984745762711864,0.0,0.0,2021,-0.995,3758.0
0.0,0.0,0.0,0.0,335.19,0.8771186440677966,0.0,0.0,2022,-0.8475,3720.0
3.586322116382835,1.0,0.28999999999999915,9.0,150.94,0.7322033898305085,0.0,0.0,2023,-0.5975,3832.0
3.8412877844013886,10.0,9.669999999999995,58.0,310.41999999999996,0.6374999999999998,0.0,0.0,2024,1.8975,3397.0
4.220463597768225,28.0,38.74,0.0,146.72,0.6089830508474575,0.0,0.0,2025,-0.3525,
3.773319825383147,4.0,2.5800000000000054,30.0,234.45,0.6294915254237287,0.0,0.0,2026,-0.4,
