dhw_days,dhw_severity,preharvest_rain,preharvest_rain_excess,late_may_rain,winterkill_days,heat_excess_fill,precip_jointing,gdd_spring,year,oni_season,target,spi3_spring
0.15000000000000002,1.1909999999999998,40.84440000000001,14.854500000000003,59.02230000000001,0.4000000000000001,16.852100000000007,18.7222,1551.5140500000002,1984,0.79,2970.0,-1.9869395003757409
0.0,0.0,13.8361,0.5748000000000009,125.29450000000001,1.7700000000000002,2.7506,30.283200000000004,1511.6172000000006,1985,-0.645,2940.0,-1.2217817608420996
1.7600000000000005,14.7583,7.9201,0.0,41.9402,1.0800000000000003,52.22810000000001,19.8865,1708.1720000000005,1986,-0.5525,3040.0,-1.896388282440455
0.37000000000000005,1.0548000000000004,81.01290000000002,51.01290000000001,50.995000000000005,0.35000000000000003,23.024100000000008,67.53150000000001,1549.7558000000004,1987,0.24,3050.0,0.3255805196855816
0.56,3.1542,21.581800000000005,0.37919999999999965,93.93160000000002,0.0,15.022,45.64860000000001,1591.1411500000006,1988,0.3075,2970.0,-0.47879860582451506
0.45,2.778000000000001,62.903000000000006,35.30750000000001,42.551500000000004,0.0,18.8105,48.36980000000001,1653.5228500000003,1989,-0.014999999999999958,3040.0,-0.3661940577234181
0.0,0.0,36.320200000000014,6.333400000000003,79.81090000000002,1.4300000000000002,13.794000000000004,99.46920000000001,1587.8717000000001,1990,-0.635,3190.0,1.2326929502963757
0.7000000000000001,2.1505000000000005,81.62540000000001,51.6254,104.86280000000001,0.0,9.3321,108.23700000000002,1478.1125500000005,1991,0.265,3100.0,1.4476124818800205
0.15000000000000002,1.2255000000000005,5.6564000000000005,0.0,61.05670000000001,2.22,26.460400000000003,64.03190000000002,1632.0910000000003,1992,0.755,3330.0,0.21010447821602488
0.45,3.234000000000001,12.7269,0.39959999999999984,44.5619,1.2600000000000002,10.9201,57.850500000000004,1576.8033500000004,1993,1.1775,3520.0,-0.0045974732973731525
2.1600000000000006,9.983600000000001,22.261000000000006,5.654400000000002,32.02170000000001,0.20000000000000004,47.291900000000005,73.98770000000002,1707.52625,1994,0.27999999999999997,3430.0,0.5286247805466172
2.3600000000000003,9.882100000000003,33.659400000000005,5.5336,27.987300000000005,0.0,36.54630000000001,49.1148,1658.8836000000001,1995,0.14250000000000002,3540.0,-0.33612252073004234
0.56,1.2996000000000003,32.76420000000001,5.8546000000000005,26.431700000000003,0.0,19.512000000000004,60.6658,1559.04095,1996,0.245,3730.0,0.09499889228054607
1.2200000000000002,4.645000000000001,15.746,0.0,50.699400000000004,0.20000000000000004,35.94740000000001,66.02730000000001,1700.5593500000004,1997,-0.155,4100.0,0.27644547103222733
0.0,0.0,46.594800000000006,19.9398,147.2512,1.7300000000000002,1.827000000000001,120.81220000000002,1645.7867500000004,1998,0.14500000000000002,3690.0,1.737328479199202
0.6200000000000001,4.356100000000001,17.689700000000006,0.0,56.6052,0.0,23.3829,66.7916,1733.1032000000005,1999,0.5425,3950.0,0.30150323878026986
3.18,16.656800000000008,47.76980000000001,26.712300000000006,32.81320000000001,1.1600000000000001,52.953700000000005,13.595300000000002,1793.8265000000001,2000,-1.0925,3740.0,-2.44422271761647
2.2300000000000004,10.881600000000002,5.718700000000001,0.0,4.657300000000001,0.6500000000000001,48.092000000000006,25.030300000000004,1713.0358500000004,2001,-0.9149999999999999,3810.0,-1.5372199565291564
0.15000000000000002,0.5114999999999996,30.595400000000005,3.846199999999999,115.55930000000002,0.0,15.794700000000002,58.38970000000001,1739.2033000000004,2002,-0.14250000000000002,3780.0,0.014725331917670182
0.15000000000000002,0.8415,21.9871,2.2748,45.097300000000004,1.8400000000000003,9.527900000000002,110.46050000000001,1584.2413500000005,2003,-0.105,3930.0,1.500337230164868
0.7200000000000001,2.9249000000000005,41.99100000000001,13.366500000000004,71.26150000000003,0.4800000000000001,11.926699999999999,32.638000000000005,1628.2644500000004,2004,0.47250000000000003,4250.0,-1.0929535984013616
0.15000000000000002,0.26250000000000007,28.775100000000002,3.5521000000000016,53.0071,1.9300000000000002,6.5302000000000024,44.806900000000006,1679.0138500000005,2005,0.35,4280.0,-0.5145564124902315
0.67,2.3945000000000003,19.140800000000002,2.6463000000000014,68.906,0.0,15.460400000000003,44.7978,1676.34705,2006,0.1775,4590.0,-0.5149455133264945
3.3200000000000007,13.277500000000002,21.427600000000005,3.3240000000000007,62.12640000000001,0.0,52.65720000000001,76.08170000000001,1716.0387500000004,2007,-0.58,4610.0,0.5919622211093131
0.5200000000000001,3.5311999999999997,29.314000000000007,6.344400000000005,69.18800000000002,0.0,21.187700000000003,94.12300000000002,1682.20135,2008,-0.2425,4760.0,1.0956268540329206
0.0,0.0,29.696,7.436,96.26870000000001,1.2300000000000002,7.590900000000004,68.4118,1630.9379,2009,-0.87,4740.0,0.3539999825658853
0.45,1.5494999999999999,32.40410000000001,7.1016,47.95010000000001,1.9600000000000002,17.095000000000002,73.73310000000001,1459.7867500000004,2010,-0.365,4750.0,0.5208439126737723
1.03,3.9663999999999997,8.098600000000003,0.0,54.812900000000006,0.9500000000000002,19.4909,18.649700000000003,1613.16225,2011,0.41,4840.0,-1.9927134768658727
0.15000000000000002,0.1424999999999999,6.1377000000000015,0.0,13.916800000000004,0.35000000000000003,10.8678,81.11580000000001,1652.2095000000002,2012,-0.72,4990.0,0.7396911761552128
1.9400000000000002,11.765500000000001,100.83360000000002,70.83360000000002,116.35500000000005,2.480000000000001,31.826800000000002,31.883800000000004,1657.8858500000003,2013,-0.4375,5060.0,-1.1334790558858021
1.84,12.272700000000002,28.51900000000001,6.942800000000002,56.5904,0.15000000000000002,40.32780000000001,80.43340000000002,1794.6267000000005,2014,-0.029999999999999992,5250.0,0.7200235566916539
0.30000000000000004,0.3420000000000002,14.784300000000004,0.6132000000000009,71.92290000000003,0.0,6.1945,98.21180000000001,1644.6301,2015,0.3075,5400.0,1.2008896270094465
0.15000000000000002,0.5460000000000002,58.0596,30.295600000000004,63.18490000000001,1.8400000000000003,6.328199999999998,47.912400000000005,1715.4345500000006,2016,0.71,5400.0,-0.3848134848129817
0.47000000000000003,2.9222000000000006,62.19330000000001,32.544300000000014,60.90930000000001,0.0,43.31210000000001,52.355500000000006,1703.9160000000004,2017,1.405,5480.0,-0.20880572474545858
0.15000000000000002,1.0784999999999998,30.296000000000003,7.3644,117.00720000000003,0.8400000000000001,10.354300000000004,103.82230000000001,1774.1393000000003,2018,-0.1825,5420.0,1.3408472591731126
1.6000000000000003,10.817400000000001,48.594300000000004,18.5943,11.817300000000003,0.0,35.37500000000001,59.268600000000006,1773.9033000000006,2019,-0.017499999999999988,5630.0,0.045966697291891324
0.0,0.0,18.61830000000001,0.7860000000000006,58.77310000000001,0.2800000000000001,40.7143,60.4363,1769.4981000000005,2020,0.515,5740.0,0.0869972579299728
1.6900000000000002,10.226500000000003,17.435500000000005,0.0,58.21570000000001,2.0900000000000003,24.864500000000003,70.60770000000001,1684.3628000000003,2021,0.08249999999999999,5810.0,0.4238530415081888
0.25000000000000006,1.5654999999999997,15.451900000000002,1.0908000000000007,10.866500000000002,0.35000000000000003,19.389000000000006,66.10600000000002,1716.6197500000003,2022,-0.8875,5860.0,0.2790345320149225
0.0,0.0,80.5836,50.583600000000004,127.89770000000003,0.7000000000000001,16.660200000000007,88.81260000000002,1738.98295,2023,-0.1925,5780.0,0.9544191963823991
0.37000000000000005,0.9494000000000008,17.676600000000004,0.6636000000000002,30.329100000000004,4.910000000000001,42.172900000000006,55.779799999999994,1839.8411000000003,2024,0.11999999999999998,5940.0,-0.0799485733152085
1.6500000000000004,10.5042,11.238000000000001,1.1123999999999996,44.554300000000005,0.2800000000000001,41.301800000000014,67.48160000000001,1819.3633,2025,0.885,5940.0,0.32396222511774375
