country,region,year,cocoa_year_rain_mm,cocoa_year_root_wetness,cocoa_year_solar,max_dry_spell_days,harmattan_rain_mm,harmattan_rh_mean,harmattan_vpd_mean,harmattan_wind_mean,harmattan_root_wetness,wet_season_rain_mm,wet_days_ge_10mm,humid_wet_days_proxy,wet_season_root_wetness
Côte d'Ivoire,Nawa,1985,1519.7399999999998,0.5767945205479457,17.101616438356164,20,260.5299999999999,78.55867768595041,1.9207681564250092,1.272066115702479,0.5366942148760331,591.2299999999997,14,92,0.5519672131147543
Côte d'Ivoire,Nawa,1986,1381.2200000000003,0.5310136986301378,16.777150684931502,33,195.65999999999997,71.87586776859504,2.307490767340866,1.2808264462809922,0.48595041322314014,633.4600000000003,18,101,0.544016393442623
Côte d'Ivoire,Nawa,1987,1646.2300000000002,0.5199999999999999,16.86342465753425,20,230.72000000000008,73.60066115702476,2.393556622077669,1.3325619834710742,0.4645454545454544,652.1600000000001,13,111,0.515
Côte d'Ivoire,Nawa,1988,1472.43,0.5336065573770493,17.02743169398906,44,203.83000000000013,73.34344262295083,2.3846162933940307,1.2909016393442632,0.4888524590163937,596.6600000000001,15,105,0.5269672131147544
Côte d'Ivoire,Nawa,1989,1562.4899999999996,0.5482465753424655,16.77191780821918,35,184.93999999999994,73.21917355371903,2.3265560395735507,1.2438016528925622,0.49727272727272764,676.2599999999998,18,85,0.5222950819672133
Côte d'Ivoire,Nawa,1990,1457.340000000001,0.5506301369863019,16.595232876712338,20,130.65,76.49545454545455,2.1668311558584388,1.2813223140495869,0.5185123966942148,654.0299999999997,20,101,0.5373770491803281
Côte d'Ivoire,Nawa,1991,1411.9599999999998,0.5413424657534253,16.54515068493152,24,210.33999999999997,76.63495867768599,2.108166164920624,1.3161157024793388,0.4956198347107439,721.1799999999998,18,109,0.5613934426229508
Côte d'Ivoire,Nawa,1992,1015.9499999999997,0.48316939890710264,16.184125683060113,53,148.79000000000002,70.29672131147547,2.5907554350230164,1.2513114754098362,0.4679508196721312,477.49999999999994,10,80,0.4975409836065573
Côte d'Ivoire,Nawa,1993,1342.4200000000005,0.49136986301369884,16.445972602739744,25,274.04,70.03702479338845,2.7178401290725778,1.3942148760330584,0.4496694214876037,644.5999999999997,17,101,0.5263934426229512
Côte d'Ivoire,Nawa,1994,1157.8299999999995,0.47808219178082084,16.90082191780821,28,137.31000000000003,70.78347107438017,2.6661927353407924,1.3228099173553718,0.4511570247933884,477.63999999999993,7,72,0.4813934426229512
Côte d'Ivoire,Nawa,1995,1303.6100000000001,0.48545205479452075,16.663616438356147,48,93.24,62.123553719008285,3.271095630249951,1.3957851239669417,0.4332231404958682,587.6400000000001,11,88,0.4895901639344259
Côte d'Ivoire,Nawa,1996,1193.810000000001,0.48827868852458955,16.79581967213113,41,157.9000000000001,73.01975409836064,2.405853771729045,1.3188524590163933,0.4584426229508196,598.7600000000002,14,88,0.49434426229508177
Côte d'Ivoire,Nawa,1997,1355.1200000000003,0.49021917808219173,16.201506849315063,31,318.7699999999999,71.1407438016529,2.7847357752686324,1.3755371900826445,0.4495041322314053,662.5200000000001,20,99,0.539754098360656
Côte d'Ivoire,Nawa,1998,1420.2199999999993,0.501972602739726,16.822465753424673,25,118.32000000000004,63.736859504132255,3.3433633886257748,1.3506611570247937,0.43462809917355383,788.2299999999997,23,109,0.5559836065573771
Côte d'Ivoire,Nawa,1999,1934.66,0.6032602739726025,16.757890410958908,13,456.32000000000005,79.44495867768593,1.857540754371403,1.2792561983471071,0.5359504132231406,927.8100000000001,25,104,0.647868852459016
Côte d'Ivoire,Nawa,2000,1471.8499999999997,0.5802185792349738,16.436639344262293,39,176.61,76.71983606557379,1.9602150882392007,1.250491803278688,0.5368032786885243,678.6900000000002,21,109,0.5760655737704917
Côte d'Ivoire,Nawa,2001,1568.5099999999984,0.6238082191780817,16.235178082191773,27,247.08999999999997,81.21115702479335,1.6719613202475152,1.2988429752066117,0.5922314049586779,698.9500000000003,22,108,0.6441803278688528
Côte d'Ivoire,Nawa,2002,1198.6300000000003,0.5132054794520552,16.03334246575343,35,234.73000000000002,75.53785123966942,2.275273012816481,1.2964462809917352,0.4879338842975208,590.5500000000001,13,98,0.518032786885246
Côte d'Ivoire,Nawa,2003,1227.1999999999996,0.48361643835616425,16.53610958904111,30,188.67,66.62661157024795,3.0065004473454042,1.4318181818181819,0.43479338842975257,725.1799999999996,22,80,0.5318032786885246
Côte d'Ivoire,Nawa,2004,1404.1699999999987,0.5094808743169403,16.17349726775957,36,196.79,73.94868852459021,2.3509128905751955,1.350655737704918,0.4728688524590163,571.6800000000001,13,98,0.5175409836065573
Côte d'Ivoire,Nawa,2005,1489.9999999999995,0.5358904109589043,16.237890410958897,30,241.95,76.41644628099175,2.136235644600516,1.3690082644628097,0.48578512396694185,724.4999999999999,26,98,0.5877868852459013
Côte d'Ivoire,Nawa,2006,1440.3699999999988,0.5170410958904108,16.449479452054792,20,294.91,77.72925619834713,2.143200648616364,1.3919834710743801,0.47727272727272746,651.3800000000005,11,109,0.5440983606557377
Côte d'Ivoire,Nawa,2007,1210.32,0.49252054794520606,16.44934246575343,39,131.43999999999997,67.62768595041324,2.8270542836778416,1.3985123966942141,0.4396694214876032,720.5000000000005,23,108,0.5222131147540986
Côte d'Ivoire,Nawa,2008,1344.7100000000005,0.4913661202185791,16.67311475409836,20,226.31000000000003,69.10278688524586,2.8269477036660713,1.3789344262295082,0.4518032786885247,641.4800000000002,16,99,0.49983606557377047
Côte d'Ivoire,Nawa,2009,1403.66,0.5261643835616437,16.428630136986307,20,344.7300000000001,75.68727272727273,2.184451518670383,1.3009090909090903,0.484297520661157,676.2399999999997,16,107,0.5706557377049183
Côte d'Ivoire,Nawa,2010,1842.3500000000006,0.5547945205479444,16.05257534246575,12,353.24,75.39636363636366,2.369905361296497,1.232892561983471,0.48099173553719043,832.06,28,106,0.5955737704918034
Côte d'Ivoire,Nawa,2011,1462.8299999999992,0.6639999999999997,16.416712328767126,22,322.37,83.70876033057853,1.4627792648225486,1.2807438016528925,0.6649586776859506,532.3000000000002,12,80,0.6699999999999999
Côte d'Ivoire,Nawa,2012,1530.8599999999985,0.5882513661202193,16.34199453551914,53,240.48999999999995,79.14754098360652,1.881595652577468,1.298852459016393,0.5564754098360656,711.1099999999999,16,108,0.599262295081967
Côte d'Ivoire,Nawa,2013,1671.159999999999,0.5790410958904113,16.420356164383566,23,327.69999999999993,77.0197520661157,2.048851709213088,1.319256198347108,0.5337190082644631,724.99,25,105,0.611147540983606
Côte d'Ivoire,Nawa,2014,2318.0099999999998,0.6648767123287675,16.105287671232887,10,376.60999999999996,81.20024793388431,1.7491600420227813,1.3389256198347106,0.5679338842975205,1223.3700000000003,55,111,0.7379508196721312
Côte d'Ivoire,Nawa,2015,1953.0299999999997,0.7202739726027394,16.180246575342448,28,363.03000000000003,82.11446280991737,1.5422937887790327,1.293223140495868,0.6819834710743802,903.6400000000001,27,109,0.7408196721311477
Côte d'Ivoire,Nawa,2016,1945.32,0.6702732240437157,16.195683060109314,31,261.7000000000001,77.51721311475409,1.8513767150421492,1.420409836065574,0.6250000000000001,846.2099999999994,25,99,0.6543442622950829
Côte d'Ivoire,Nawa,2017,1769.6599999999987,0.6726575342465747,16.223863013698626,17,298.00000000000006,83.8344628099174,1.5483191092958006,1.2204132231404958,0.646198347107438,786.1400000000002,22,108,0.6564754098360662
Côte d'Ivoire,Nawa,2018,1918.62,0.6697808219178076,16.512794520547928,25,302.05000000000007,83.71107438016526,1.6033383567665649,1.3149586776859497,0.6340495867768596,688.4599999999998,14,108,0.6509836065573772
Côte d'Ivoire,Nawa,2019,1734.2399999999984,0.6490684931506839,16.531013698630147,27,271.52,81.73495867768595,1.6883749907031196,1.2809090909090906,0.6097520661157023,801.4600000000002,25,100,0.6313114754098361
Côte d'Ivoire,Nawa,2020,1937.8000000000013,0.6742349726775949,16.611448087431704,25,296.5,79.95745901639347,1.7669480813213214,1.226065573770492,0.6237704918032785,845.96,22,111,0.678688524590164
Côte d'Ivoire,Nawa,2021,2228.8199999999993,0.7041643835616433,16.36638356164384,21,445.18,84.87628099173556,1.5002525476332687,1.218264462809917,0.6642975206611571,745.2399999999998,31,103,0.6976229508196724
Côte d'Ivoire,Nawa,2022,2588.9399999999987,0.7347123287671229,16.37213698630139,28,343.19000000000005,83.31099173553716,1.561436881515625,1.2427272727272738,0.6865289256198349,790.2699999999999,19,107,0.7072131147540986
Côte d'Ivoire,Nawa,2023,1824.4200000000005,0.7381095890410959,16.370575342465763,34,283.35,83.12884297520664,1.5547243450186459,1.253388429752066,0.6846280991735536,891.0699999999997,25,109,0.7159836065573773
Côte d'Ivoire,Nawa,2024,1561.6700000000008,0.6343442622950823,16.196502732240436,40,326.96999999999997,81.80770491803278,1.7342580410027482,1.2718852459016396,0.6353278688524592,490.19999999999965,12,98,0.6136885245901641
Côte d'Ivoire,Nawa,2025,1470.2199999999993,0.5282191780821919,16.073123287671223,23,199.47000000000008,75.61446280991733,2.2944082546554148,1.333636363636364,0.5010743801652889,649.3300000000002,10,71,0.5190163934426232
