country,year,weight_basis,cocoa_year_rain_mm,cocoa_year_root_wetness,cocoa_year_solar,max_dry_spell_days,harmattan_rain_mm,harmattan_rh_mean,harmattan_vpd_mean,harmattan_wind_mean,harmattan_root_wetness,wet_season_rain_mm,wet_days_ge_10mm,humid_wet_days_proxy,wet_season_root_wetness
Côte d'Ivoire,1985,recent official regional cocoa volume,1910.196538172604,0.6573675691378638,17.233054167931908,20.447698375323757,217.68215376820612,76.97063581364976,1.8579770828941715,1.8593478924679288,0.5830998234788877,821.251444976566,24.645941252648928,97.05096875105116,0.6044495887440039
Côte d'Ivoire,1986,recent official regional cocoa volume,1539.4274794953305,0.599537574410762,16.96495262246049,46.05360016033727,187.2861387660197,74.37936094958154,2.001561781534967,1.9159314371688345,0.5480963066898994,678.597584205097,16.4244796046509,98.93541519503964,0.5756758897473113
Côte d'Ivoire,1987,recent official regional cocoa volume,1872.9080307878392,0.590984341485206,17.053266322714887,26.727021595075517,196.27828985025843,75.07383691089858,2.128137945047994,1.9207734206806815,0.5224179062619566,729.9080978239542,19.011168247614563,103.6128871079866,0.5540931092678363
Côte d'Ivoire,1988,recent official regional cocoa volume,1791.179154382085,0.6164460952209093,17.092188234798734,53.48107557715811,194.2073994248041,74.36766860842167,2.136188925861169,1.8800400918419344,0.5447511520622447,741.9846510912464,20.375653122091784,103.75916613407783,0.5855417555386941
Côte d'Ivoire,1989,recent official regional cocoa volume,1851.7092444386506,0.6306783313220139,17.033992779600688,49.96201800710866,176.2834661932232,73.81739829904704,2.095453439554718,1.8840302649683869,0.5589476641821479,814.0199417025464,26.36123538183816,86.74410648412885,0.5689374974036869
Côte d'Ivoire,1990,recent official regional cocoa volume,1603.6883478814182,0.6175482573286454,17.092814814044708,23.64419702422999,118.01301827900926,75.53657598224068,2.093937911942186,1.8614305435014569,0.5762848810934625,759.4265193848315,24.61995862625719,101.19581329117472,0.5745825741989526
Côte d'Ivoire,1991,recent official regional cocoa volume,1649.1058734526891,0.6188275631730223,16.97705517155657,24.31835777635754,199.4849467060783,77.56189958057298,1.924200653747706,1.8759319804140748,0.5656938693651109,832.9998000128942,22.92621191989864,108.271094722325,0.6101502994169368
Côte d'Ivoire,1992,recent official regional cocoa volume,1166.361740163925,0.5401669109958133,16.505712400285496,57.62376453406887,136.08293605710472,70.94788882902051,2.33792278835344,1.8528002352351585,0.5155664339542976,579.305568797863,13.211842813414512,87.74889768127642,0.5364784206402208
Côte d'Ivoire,1993,recent official regional cocoa volume,1386.1378959027102,0.5051566412867166,16.801612221170366,28.159038032448674,220.78164222364248,66.49822565604563,2.749286004065912,1.9791518027124178,0.4505294857879167,667.3878644098913,19.311992639061746,93.84169848184152,0.5252791760915131
Côte d'Ivoire,1994,recent official regional cocoa volume,1361.5362428801275,0.5101946241243771,17.33478449693433,37.08707757296467,165.74521561438326,69.8519722788904,2.5033937486175746,1.8991805268913577,0.47066720766479425,535.4802172261655,9.308696194512653,83.2714871561999,0.5027439626185137
Côte d'Ivoire,1995,recent official regional cocoa volume,1466.6932049584018,0.5309246934561542,17.222450272292278,53.88496782042226,90.19988585079663,62.49354443860736,2.9298576362093622,2.0053708267877495,0.4655358821241686,620.4347624443584,13.370854917196452,86.2883421911265,0.5045665071565418
Côte d'Ivoire,1996,recent official regional cocoa volume,1182.5555571720092,0.5243497031793761,17.172018090474047,38.01111078408288,141.915067512642,75.06492051163406,2.132831571689155,1.9106283252911962,0.4986090976856143,579.3014511503919,12.54268208931795,81.84818625472322,0.5016132390232936
Côte d'Ivoire,1997,recent official regional cocoa volume,1437.6518809215468,0.5012241688849546,16.691309576665216,31.338808486662856,277.70823919124985,66.20231901321509,2.920116978360741,1.9325822816151816,0.44456672757731547,674.0514654181663,20.714535190106183,96.31021967887696,0.5433881780352094
Côte d'Ivoire,1998,recent official regional cocoa volume,1722.388978074159,0.558050462004491,17.23821324006233,24.098327811228092,118.19171907060446,63.27457170168826,3.081286153965021,2.0119419242228256,0.4597879165949672,896.3109854715373,27.05622876652427,106.61151358942446,0.5961617867583254
Côte d'Ivoire,1999,recent official regional cocoa volume,1772.0258895424786,0.6424739073711675,17.14213176478051,17.932018539697488,339.68854467299053,78.32199131836192,1.7881210579745959,1.8512143080927461,0.5931189870628403,824.8750636794039,23.822178400439526,101.83851205893235,0.6375722395401667
Côte d'Ivoire,2000,recent official regional cocoa volume,1493.9410323323461,0.5896795012111842,16.828530079259995,34.40061051498537,172.61264374292216,73.79926875065367,2.0362118318100944,1.8120463335165,0.5423786062789054,674.479948408961,17.341457415318377,106.60706016571922,0.575164668976053
Côte d'Ivoire,2001,recent official regional cocoa volume,1471.2738290684176,0.5767108802368612,16.774941178923577,34.84150506800319,183.89533480916504,73.87953802030964,2.0999870719182914,1.8840249195626384,0.5427938743620401,650.9286246944622,14.643783567111798,100.76137637772321,0.5655611728015019
Côte d'Ivoire,2002,recent official regional cocoa volume,1102.5756075296852,0.49244091391552114,16.590939139323392,34.58602641079978,184.1532481191205,67.1424835843219,2.74877102671622,1.9228713682376164,0.45849574645926877,531.9345048185272,10.215751735118348,68.96820304528687,0.49011727913922615
Côte d'Ivoire,2003,recent official regional cocoa volume,1074.6623355211516,0.47205086386522643,17.10840246050281,39.08550223126689,133.44643281812375,59.46143573879081,3.3112768805205635,2.055243630779678,0.4170713181733395,662.8200448916319,19.97650652561472,69.23604827497282,0.5202916904355686
Côte d'Ivoire,2004,recent official regional cocoa volume,1232.7218796391292,0.4912237021628164,16.59676467323584,34.80669127787682,146.2306286510366,65.6280440667169,2.8178268937993667,1.94292399993006,0.4513891805337356,505.021418052799,10.328651457050915,69.36474065727067,0.498661513800806
Côte d'Ivoire,2005,recent official regional cocoa volume,1249.5627168337317,0.5051685350090181,16.475441856025608,31.19834589121733,189.96191723569578,69.32766077800412,2.5805002103431707,1.9454126819802051,0.4608854860925973,626.6018652241919,16.88388722571675,91.16285024723334,0.5447073573723435
Côte d'Ivoire,2006,recent official regional cocoa volume,1222.6036930830721,0.49010873217593764,16.824152827900775,21.77070439077444,214.87757896330186,70.24694808681306,2.6002032555079024,1.9528839667202176,0.45217520791813876,541.4764170086447,7.995627866168836,83.21337190397703,0.5119274692477052
Côte d'Ivoire,2007,recent official regional cocoa volume,1080.9634955977326,0.4829393625921589,16.931961170972,42.191433448821016,131.2755157912588,60.39858362656992,3.1083690404302113,2.0249379839226282,0.4314065371004761,629.9804899046386,16.898567055736823,87.13090823214145,0.5069603895788496
Côte d'Ivoire,2008,recent official regional cocoa volume,1494.655339700573,0.5063637134784525,17.131187899234835,20.628159092692883,217.06383876714094,61.479618739864044,3.0838351947196663,1.98561429595249,0.4413694371234542,704.0635935660466,16.957522536916816,77.23363480664223,0.5150119630870449
Côte d'Ivoire,2009,recent official regional cocoa volume,1483.218626796787,0.5883926332021175,16.735244215382615,19.25156132620225,282.7761201043874,75.46114016785884,2.046174890246947,1.8625588479962292,0.530531995198685,748.4790319146847,22.756210966844943,104.87472599706236,0.6008812239369224
Côte d'Ivoire,2010,recent official regional cocoa volume,1856.0870513359573,0.5904990326236191,16.54857193013418,14.100041205556863,305.84656899968616,74.20444019267208,2.2224517845552656,1.7537287883004111,0.508438645824675,862.2081297512528,28.709943713769945,106.26413252491955,0.6125746839804449
Côte d'Ivoire,2011,recent official regional cocoa volume,1515.348741849989,0.6534600018108787,16.681699166181687,22.50251998609663,307.8619242924978,80.52255610032205,1.5839063336339871,1.7477278523433024,0.6449812250275142,547.1424759774407,13.01982631997937,83.85622344063597,0.6335832510439936
Côte d'Ivoire,2012,recent official regional cocoa volume,1460.4799485210845,0.5627506152879131,16.78420718915959,43.78535268592957,188.08568034719184,72.76127151280915,2.2422567312133075,1.8767423817625228,0.5196187534774512,696.3299958514134,14.267018315449562,99.35471467254196,0.5679836003652853
Côte d'Ivoire,2013,recent official regional cocoa volume,1604.9001394541804,0.567258476936485,16.93022860248537,24.027098259836073,245.72531166958188,73.61863396519125,2.1471940869684216,1.8912102952594636,0.5267826365523938,691.3345751202529,19.801659714980882,94.56718748248063,0.5730992000575508
Côte d'Ivoire,2014,recent official regional cocoa volume,2259.9904601357266,0.6687618262943291,16.58888985225902,14.900344220570263,333.16680309350016,77.83756779051943,1.9050395717209359,1.9217342623012266,0.5693776893535146,1178.068906174667,45.449838541491474,114.91837936022065,0.7293202436416983
Côte d'Ivoire,2015,recent official regional cocoa volume,1923.0581961076164,0.7091918490946604,16.694770107013877,30.62362858376221,327.0198261798245,78.59622914320518,1.6882687889942594,1.8341531464046152,0.6643261997820165,882.985843284335,27.952378149281845,110.40862457533049,0.7103498035624908
Côte d'Ivoire,2016,recent official regional cocoa volume,1782.2810323814008,0.6217602661666674,16.732321974352452,38.71278395393948,188.74599564678712,70.29773091086062,2.2695932730423745,2.02880768674568,0.567502719408217,777.844245945317,22.719713214930426,87.71560807628914,0.5845220842967266
Côte d'Ivoire,2017,recent official regional cocoa volume,1608.5632878530505,0.5961852931834313,16.828972734926968,28.812795026180947,212.74447668942784,75.6352941225869,2.05475381591504,1.7614285032622978,0.5514689567314548,763.1416196096404,19.747789055579847,87.39928114523417,0.5761867296302464
Côte d'Ivoire,2018,recent official regional cocoa volume,2024.9599421300181,0.5977908424019349,16.8465494811694,34.52567148239093,230.17347931172708,73.0107372736752,2.2699722713960067,1.8857062484067508,0.516018954903649,709.7641864915851,17.24202938769103,96.95089530985457,0.5850879162165625
Côte d'Ivoire,2019,recent official regional cocoa volume,1697.3741645643418,0.62905389764403,17.12936823744661,29.717387343446916,204.52718790995326,75.36111268526747,2.0213720038272607,1.8365029638834807,0.5695349659161683,740.9987013872538,23.32535711482615,96.64517040039468,0.5889031192886856
Côte d'Ivoire,2020,recent official regional cocoa volume,1941.831635180856,0.6490308167278052,17.051831313547257,36.023656754908224,251.395003861269,74.69693514353567,2.0397132952900683,1.7859452699839373,0.5946316230339018,757.9637631044883,20.63092224763699,105.30557073900904,0.6216827288840706
Côte d'Ivoire,2021,recent official regional cocoa volume,1945.698627049066,0.6489465703583253,16.913974263441553,23.588463004697996,327.12062551857326,80.41759648087587,1.7322665697294415,1.7279088196107968,0.5992548362957689,677.6597224371264,20.592336186888225,101.57106276699518,0.6194495219980783
Côte d'Ivoire,2022,recent official regional cocoa volume,2446.4058092617197,0.6514845873131582,16.870901300518955,32.76179474026484,236.33139791253214,77.2180050290378,1.8927150316659576,1.772884761086072,0.593560579535412,767.0717179073184,18.993861212957047,103.15731763037213,0.6082788362616989
Côte d'Ivoire,2023,recent official regional cocoa volume,1807.8382522677064,0.6958757013315562,16.98833069847777,45.50322216242277,271.66895077898124,80.3055579992711,1.650896837189866,1.742178773355954,0.6332030122751648,864.6073091439894,24.754510186462152,107.90384949600278,0.6662514367031731
Côte d'Ivoire,2024,recent official regional cocoa volume,1552.0281350350947,0.5823289690994934,16.8177605656196,44.37113312478276,234.20691401913962,74.92265610120025,2.1260618758850494,1.780073028486196,0.5602919778106672,516.2091717192527,9.374829711729287,85.52265815085158,0.5368209131113721
Côte d'Ivoire,2025,recent official regional cocoa volume,1405.7983452114663,0.5413503999830437,16.92507873120138,56.48126829022167,187.79751241072128,69.07297080371893,2.588161893571599,1.9454747679613091,0.4976855751801835,660.762057173411,13.271359615190555,63.87526068821689,0.529381634441596
