province,year,yield_ta_ha,yield_kg_ha,area_thous_ha,production_thous_t,source,yield_qc_pass,qc_note,area_qc_pass
An Giang,2017,70.3,7030.0,236.2,1660.4,mtnongnghiep.com provincial Đông Xuân (GSO-style),True,,True
An Giang,2018,73.5,7350.0,42.5,1727.4,mtnongnghiep.com provincial Đông Xuân (GSO-style),True,,False
An Giang,2019,71.0,7100.0,289.1,1659.3,mtnongnghiep.com provincial Đông Xuân (GSO-style),True,,True
An Giang,2020,71.7,7170.0,16.3,1645.1,mtnongnghiep.com provincial Đông Xuân (GSO-style),True,,False
An Giang,2021,76.9,7690.000000000001,230.4,1771.8,mtnongnghiep.com provincial Đông Xuân (GSO-style),True,,True
An Giang,2022,73.4,7340.000000000001,229.8,1685.9,mtnongnghiep.com provincial Đông Xuân (GSO-style),True,,True
An Giang,2023,75.5,7550.0,227.7,1719.4,mtnongnghiep.com provincial Đông Xuân (GSO-style),True,,True
An Giang,2024,74.4,7440.000000000001,227.8,1695.5,mtnongnghiep.com provincial Đông Xuân (GSO-style),True,,True
Bac Lieu,2017,72.0,7200.0,6.7,333.3,mtnongnghiep.com provincial Đông Xuân (GSO-style),True,,False
Bac Lieu,2018,73.7,7370.0,4.9,356.6,mtnongnghiep.com provincial Đông Xuân (GSO-style),True,,False
Bac Lieu,2019,74.6,7459.999999999999,7.1,360.1,mtnongnghiep.com provincial Đông Xuân (GSO-style),True,,False
Bac Lieu,2020,76.7,7670.0,26.0,364.2,mtnongnghiep.com provincial Đông Xuân (GSO-style),True,,False
Bac Lieu,2021,77.3,7730.0,48.8,377.0,mtnongnghiep.com provincial Đông Xuân (GSO-style),True,,True
Bac Lieu,2022,75.7,7570.0,48.2,364.9,mtnongnghiep.com provincial Đông Xuân (GSO-style),True,,True
Bac Lieu,2023,77.5,7750.0,43.3,335.7,mtnongnghiep.com provincial Đông Xuân (GSO-style),True,,True
Bac Lieu,2024,77.6,7759.999999999999,45.0,349.4,mtnongnghiep.com provincial Đông Xuân (GSO-style),True,,True
Ben Tre,2017,44.2,4420.0,7.1,69.4,mtnongnghiep.com provincial Đông Xuân (GSO-style),True,,False
Ben Tre,2018,56.5,5650.0,9.3,77.4,mtnongnghiep.com provincial Đông Xuân (GSO-style),True,,False
Ben Tre,2019,48.2,4820.0,6.7,61.7,mtnongnghiep.com provincial Đông Xuân (GSO-style),True,,False
Ben Tre,2020,0.4,40.0,26.1,0.2,mtnongnghiep.com provincial Đông Xuân (GSO-style),False,Ben Tre 2020 yield 0.4 — MTN cell corrupt,False
Ben Tre,2021,50.8,5080.0,11.0,55.9,mtnongnghiep.com provincial Đông Xuân (GSO-style),True,,True
Ben Tre,2022,50.0,5000.0,0.8,4.1,mtnongnghiep.com provincial Đông Xuân (GSO-style),True,,True
Ben Tre,2023,51.5,5150.0,1.1,5.7,mtnongnghiep.com provincial Đông Xuân (GSO-style),True,,True
Ben Tre,2024,50.9,5090.0,0.8,3.9,mtnongnghiep.com provincial Đông Xuân (GSO-style),True,,True
Ca Mau,2017,30.0,3000.0,49.1,3.9,mtnongnghiep.com provincial Đông Xuân (GSO-style),False,Ca Mau 2017 yield 30 + prod inconsistent — exclude,False
Ca Mau,2019,53.9,5390.0,9.4,196.6,mtnongnghiep.com provincial Đông Xuân (GSO-style),True,,False
Ca Mau,2020,57.8,5780.0,12.1,208.7,mtnongnghiep.com provincial Đông Xuân (GSO-style),True,,False
Ca Mau,2021,65.2,6520.0,35.7,232.8,mtnongnghiep.com provincial Đông Xuân (GSO-style),True,,True
Ca Mau,2022,60.8,6080.0,35.3,214.5,mtnongnghiep.com provincial Đông Xuân (GSO-style),True,,True
Ca Mau,2023,62.1,6210.0,35.2,218.7,mtnongnghiep.com provincial Đông Xuân (GSO-style),True,,True
Ca Mau,2024,61.7,6170.0,35.2,217.4,mtnongnghiep.com provincial Đông Xuân (GSO-style),True,,True
Can Tho,2017,65.2,6520.0,9.0,556.7,mtnongnghiep.com provincial Đông Xuân (GSO-style),True,,False
Can Tho,2018,71.6,7159.999999999999,16.0,590.9,mtnongnghiep.com provincial Đông Xuân (GSO-style),True,,False
Can Tho,2019,69.6,6959.999999999999,9.4,565.6,mtnongnghiep.com provincial Đông Xuân (GSO-style),True,,False
Can Tho,2020,72.2,7220.0,12.1,572.6,mtnongnghiep.com provincial Đông Xuân (GSO-style),True,,False
Can Tho,2021,74.5,7450.0,77.2,575.2,mtnongnghiep.com provincial Đông Xuân (GSO-style),True,,True
Can Tho,2022,74.2,7420.0,76.0,564.0,mtnongnghiep.com provincial Đông Xuân (GSO-style),True,,True
Can Tho,2023,74.6,7459.999999999999,75.0,559.8,mtnongnghiep.com provincial Đông Xuân (GSO-style),True,,True
Can Tho,2024,75.0,7500.0,72.8,545.9,mtnongnghiep.com provincial Đông Xuân (GSO-style),True,,True
Dong Thap,2017,60.0,6000.0,47.5,1254.4,mtnongnghiep.com provincial Đông Xuân (GSO-style),True,,False
Dong Thap,2018,69.9,6990.000000000001,25.6,1438.2,mtnongnghiep.com provincial Đông Xuân (GSO-style),True,,False
Dong Thap,2019,70.0,7000.0,10.1,1437.4,mtnongnghiep.com provincial Đông Xuân (GSO-style),True,,False
Dong Thap,2020,72.4,7240.000000000001,79.1,1452.0,mtnongnghiep.com provincial Đông Xuân (GSO-style),True,,False
Dong Thap,2021,73.2,7320.0,196.1,1435.0,mtnongnghiep.com provincial Đông Xuân (GSO-style),True,,True
Dong Thap,2022,73.2,7320.0,189.3,1384.8,mtnongnghiep.com provincial Đông Xuân (GSO-style),True,,True
Dong Thap,2023,73.1,7309.999999999999,190.2,1390.1,mtnongnghiep.com provincial Đông Xuân (GSO-style),True,,True
Dong Thap,2024,72.1,7209.999999999999,188.9,1361.4,mtnongnghiep.com provincial Đông Xuân (GSO-style),True,,True
Hau Giang,2017,68.2,6820.0,5.3,531.5,mtnongnghiep.com provincial Đông Xuân (GSO-style),True,,False
Hau Giang,2018,73.2,7320.0,31.1,570.0,mtnongnghiep.com provincial Đông Xuân (GSO-style),True,,False
Hau Giang,2019,73.4,7340.000000000001,73.9,575.4,mtnongnghiep.com provincial Đông Xuân (GSO-style),True,,True
Hau Giang,2020,76.6,7659.999999999999,122.2,595.9,mtnongnghiep.com provincial Đông Xuân (GSO-style),True,,False
Hau Giang,2021,78.2,7820.0,77.0,602.2,mtnongnghiep.com provincial Đông Xuân (GSO-style),True,,True
Hau Giang,2022,77.8,7780.0,76.6,596.2,mtnongnghiep.com provincial Đông Xuân (GSO-style),True,,True
Hau Giang,2023,77.5,7750.0,75.5,585.4,mtnongnghiep.com provincial Đông Xuân (GSO-style),True,,True
Hau Giang,2024,77.6,7759.999999999999,74.4,577.4,mtnongnghiep.com provincial Đông Xuân (GSO-style),True,,True
Kien Giang,2017,60.2,6020.0,48.2,1799.7,mtnongnghiep.com provincial Đông Xuân (GSO-style),True,,False
Kien Giang,2018,70.7,7070.0,90.6,2051.0,mtnongnghiep.com provincial Đông Xuân (GSO-style),True,,False
Kien Giang,2019,68.8,6880.0,92.3,1989.0,mtnongnghiep.com provincial Đông Xuân (GSO-style),True,,False
Kien Giang,2020,73.2,7320.0,28.6,2122.3,mtnongnghiep.com provincial Đông Xuân (GSO-style),True,,False
Kien Giang,2021,76.2,7620.0,284.4,2166.1,mtnongnghiep.com provincial Đông Xuân (GSO-style),True,,True
Kien Giang,2022,73.6,7359.999999999999,283.9,2089.5,mtnongnghiep.com provincial Đông Xuân (GSO-style),True,,True
Kien Giang,2023,76.9,7690.000000000001,281.0,2159.6,mtnongnghiep.com provincial Đông Xuân (GSO-style),True,,True
Kien Giang,2024,77.5,7750.0,280.4,2173.0,mtnongnghiep.com provincial Đông Xuân (GSO-style),True,,True
Long An,2017,55.9,5590.0,3.5,1310.0,mtnongnghiep.com provincial Đông Xuân (GSO-style),True,,False
Long An,2018,61.2,6120.0,59.4,1441.3,mtnongnghiep.com provincial Đông Xuân (GSO-style),True,,False
Long An,2019,63.4,6340.0,40.2,1471.3,mtnongnghiep.com provincial Đông Xuân (GSO-style),True,,False
Long An,2020,64.9,6490.000000000001,64.9,1474.1,mtnongnghiep.com provincial Đông Xuân (GSO-style),True,,False
Long An,2021,66.5,6650.0,225.9,1502.5,mtnongnghiep.com provincial Đông Xuân (GSO-style),True,,True
Long An,2022,64.5,6450.0,225.9,1456.6,mtnongnghiep.com provincial Đông Xuân (GSO-style),True,,True
Long An,2023,67.8,6780.0,225.2,1526.6,mtnongnghiep.com provincial Đông Xuân (GSO-style),True,,True
Long An,2024,66.1,6609.999999999999,235.7,1557.1,mtnongnghiep.com provincial Đông Xuân (GSO-style),True,,True
Soc Trang,2017,64.5,6450.0,82.5,1186.0,mtnongnghiep.com provincial Đông Xuân (GSO-style),True,,False
Soc Trang,2018,64.6,6459.999999999999,16.3,1250.2,mtnongnghiep.com provincial Đông Xuân (GSO-style),True,,False
Soc Trang,2019,65.2,6520.0,26.5,1293.4,mtnongnghiep.com provincial Đông Xuân (GSO-style),True,,False
Soc Trang,2020,64.8,6480.0,19.2,1186.1,mtnongnghiep.com provincial Đông Xuân (GSO-style),True,,False
Soc Trang,2021,67.9,6790.000000000001,174.3,1183.5,mtnongnghiep.com provincial Đông Xuân (GSO-style),True,,True
Soc Trang,2022,67.1,6709.999999999999,182.2,1222.3,mtnongnghiep.com provincial Đông Xuân (GSO-style),True,,True
Soc Trang,2023,68.0,6800.0,174.5,1187.2,mtnongnghiep.com provincial Đông Xuân (GSO-style),True,,True
Soc Trang,2024,70.1,7009.999999999999,182.0,1274.8,mtnongnghiep.com provincial Đông Xuân (GSO-style),True,,True
Tien Giang,2017,65.7,6570.0,2.8,470.5,mtnongnghiep.com provincial Đông Xuân (GSO-style),True,,False
Tien Giang,2018,74.6,7459.999999999999,29.7,513.2,mtnongnghiep.com provincial Đông Xuân (GSO-style),True,,False
Tien Giang,2019,71.9,7190.000000000001,42.2,466.6,mtnongnghiep.com provincial Đông Xuân (GSO-style),True,,False
Tien Giang,2020,64.9,6490.000000000001,31.0,374.0,mtnongnghiep.com provincial Đông Xuân (GSO-style),True,,False
Tien Giang,2021,71.0,7100.0,51.7,367.2,mtnongnghiep.com provincial Đông Xuân (GSO-style),True,,True
Tien Giang,2022,71.2,7120.0,49.2,350.1,mtnongnghiep.com provincial Đông Xuân (GSO-style),True,,True
Tien Giang,2023,69.8,6980.0,48.2,336.3,mtnongnghiep.com provincial Đông Xuân (GSO-style),True,,True
Tien Giang,2024,70.2,7020.0,44.9,315.0,mtnongnghiep.com provincial Đông Xuân (GSO-style),True,,True
Tra Vinh,2017,59.0,5900.0,2.7,353.3,mtnongnghiep.com provincial Đông Xuân (GSO-style),True,,False
Tra Vinh,2018,67.1,6709.999999999999,20.1,445.7,mtnongnghiep.com provincial Đông Xuân (GSO-style),True,,False
Tra Vinh,2019,66.2,6620.0,38.8,453.9,mtnongnghiep.com provincial Đông Xuân (GSO-style),True,,False
Tra Vinh,2020,35.4,3540.0,29.9,214.3,mtnongnghiep.com provincial Đông Xuân (GSO-style),False,"yield_ta_ha=35.4 outside [40,85] plausible WS band",False
Tra Vinh,2021,64.1,6409.999999999999,59.7,382.6,mtnongnghiep.com provincial Đông Xuân (GSO-style),True,,True
Tra Vinh,2022,65.0,6500.0,63.3,411.5,mtnongnghiep.com provincial Đông Xuân (GSO-style),True,,True
Tra Vinh,2023,61.0,6100.0,62.1,378.7,mtnongnghiep.com provincial Đông Xuân (GSO-style),True,,True
Tra Vinh,2024,67.0,6700.0,61.7,413.6,mtnongnghiep.com provincial Đông Xuân (GSO-style),True,,True
Vinh Long,2017,60.0,6000.0,39.6,354.1,mtnongnghiep.com provincial Đông Xuân (GSO-style),True,,False
Vinh Long,2018,66.3,6630.0,19.7,371.8,mtnongnghiep.com provincial Đông Xuân (GSO-style),True,,False
Vinh Long,2019,62.6,6260.0,38.2,345.7,mtnongnghiep.com provincial Đông Xuân (GSO-style),True,,False
Vinh Long,2020,68.8,6880.0,19.7,360.3,mtnongnghiep.com provincial Đông Xuân (GSO-style),True,,False
Vinh Long,2021,70.6,7059.999999999999,47.5,335.3,mtnongnghiep.com provincial Đông Xuân (GSO-style),True,,True
Vinh Long,2022,70.0,7000.0,46.4,324.8,mtnongnghiep.com provincial Đông Xuân (GSO-style),True,,True
Vinh Long,2023,68.8,6880.0,39.8,274.0,mtnongnghiep.com provincial Đông Xuân (GSO-style),True,,True
Vinh Long,2024,70.8,7080.0,38.1,270.2,mtnongnghiep.com provincial Đông Xuân (GSO-style),True,,True
