rain_year,rain_wet,rain_dry,tmean_year,heat_days_34,sigatoka_rh_days,humid_spell_max,wet_days,wind_storm_days,wind_max_daily,year
1759.3425,1533.8110000000001,225.53150000000002,22.120819672131148,5.300000000000001,108.9,14.5,202.15000000000003,0.0,3.6775,2000
1383.176,1114.2020000000002,268.974,22.413661643835617,0.45,65.25,6.550000000000001,190.25,0.0,3.1995,2001
1379.6155000000003,1215.1104999999998,164.50500000000002,23.02389589041096,5.95,49.050000000000004,9.200000000000001,189.65000000000003,0.0,3.3970000000000002,2002
1220.1335000000001,1058.17,161.9635,22.984263013698634,19.75,45.550000000000004,7.8500000000000005,186.9,0.0,4.0969999999999995,2003
1361.8300000000004,1196.081,165.749,22.95647267759563,6.500000000000001,30.75,4.1,187.45000000000002,0.0,3.7275,2004
1636.4885,1510.575,125.9135,23.05618493150685,25.550000000000004,73.25,13.700000000000001,187.65,0.0,3.368,2005
1577.2745,1217.0955000000001,360.17900000000003,22.493880821917813,4.95,102.3,15.350000000000001,202.75,0.0,3.4715,2006
1530.4935,1283.8175,246.67600000000002,22.662426027397263,3.7500000000000004,81.95,12.350000000000001,192.9,0.0,3.0485,2007
1752.409,1482.5905000000002,269.81850000000003,22.297605191256828,10.450000000000001,99.85000000000001,12.950000000000001,202.10000000000002,0.0,4.1930000000000005,2008
1247.5725000000002,954.0050000000001,293.5675,22.67305205479452,1.0,45.95,4.750000000000001,180.4,0.0,3.9265,2009
1548.362,1311.8575,236.50450000000004,22.592831506849315,11.4,76.4,11.2,192.65000000000003,0.0,3.4955,2010
1610.8105,1398.3175,212.49300000000002,22.596367123287674,9.15,93.4,16.150000000000002,193.85000000000002,0.0,3.216,2011
1399.6280000000002,1091.183,308.445,22.510101092896175,0.55,81.25000000000001,6.4,193.20000000000002,0.0,3.4044999999999996,2012
1599.0635000000002,1280.3285,318.735,22.929983561643837,12.0,92.50000000000001,13.350000000000001,209.60000000000002,0.0,3.185,2013
1858.7215,1561.9360000000004,296.7855,22.45575890410959,1.55,103.8,12.35,207.65,0.0,3.4535,2014
1604.862,1195.1000000000001,409.76199999999994,22.922075342465753,0.55,75.10000000000001,10.15,209.8,0.0,3.1685000000000003,2015
1484.123,1172.7595000000001,311.36350000000004,23.23876366120219,12.200000000000001,70.85000000000001,7.050000000000001,213.15,0.0,3.1575,2016
1559.393,1302.7685,256.62449999999995,22.878827397260274,7.050000000000001,77.00000000000001,7.4,217.85000000000002,0.0,3.4764999999999997,2017
1535.463,1244.505,290.95799999999997,22.884624657534246,6.4,38.800000000000004,5.1000000000000005,213.05,0.0,3.058,2018
1474.613,1332.9769999999999,141.63600000000002,23.481616438356163,15.200000000000001,38.1,6.45,207.5,0.0,2.8795,2019
2349.6405000000004,2051.5685,298.072,23.340877049180328,15.450000000000001,77.95,9.950000000000001,227.75,0.0,2.924,2020
1967.3985000000002,1580.0990000000002,387.29949999999997,22.68379178082192,0.0,101.0,9.6,242.8,0.0,2.7059999999999995,2021
2630.2165,2007.3809999999999,622.8355,22.60846849315069,0.0,115.15,10.8,252.10000000000002,0.0,2.8985000000000003,2022
1713.3255,1242.7314999999999,470.59400000000005,23.66298904109589,15.350000000000001,51.35,6.2,211.55,0.0,2.899,2023
1966.0240000000001,1500.2040000000002,465.82000000000005,23.900568306010932,27.900000000000002,87.50000000000001,18.55,216.5,0.0,3.1405000000000003,2024
1720.0459999999998,1350.5005,369.54550000000006,23.420252054794524,7.700000000000001,55.150000000000006,7.4,237.65000000000003,0.0,3.2495000000000003,2025
864.7500000000002,481.9095,382.8405,23.038875,5.5,15.100000000000001,3.65,121.70000000000002,0.0,3.2345,2026
