heat_vpd_stress,heat_days_35,heat_excess,effective_water,days_late,precip_rep,year,oni_season,yield_kg_ha
1.5511691948912263,1.6,0.5560000000000003,98.154,81.86,280.44,1984,-0.7325,1454.935064935065
0.0,0.0,0.0,288.44116,36.58,695.8878,1985,-0.9875,1201.5324675324675
0.0,0.0,0.0,273.62937,5.3999999999999995,404.8648,1986,-0.39749999999999996,1461.5974025974026
1.7314239386506185,5.6000000000000005,7.927999999999997,130.65241,3.5999999999999996,201.88140000000004,1987,1.1949999999999998,921.3333333333333
0.0,0.0,0.0,182.54158999999999,19.8,343.091,1988,0.9275,1381.8181818181818
0.0,0.0,0.0,193.28897,9.879999999999999,295.7844,1989,-1.6925,1630.47
0.0,0.0,0.0,257.50437999999997,4.800000000000001,273.1642,1990,0.035,705.71
0.0,0.0,0.0,183.35023,6.340000000000001,389.2848,1991,0.37,1911.15
3.20415518579685,2.36,2.4330000000000016,248.35146000000003,18.220000000000002,571.2428000000001,1992,1.52,1280.29
0.0,0.0,0.0,195.11785999999998,4.32,315.9922,1993,-0.005000000000000011,1691.96
0.0,0.0,0.0,202.91837999999998,20.080000000000002,395.73080000000004,1994,0.0575,1956.5300000000002
0.0,0.0,0.0,197.83245999999997,24.26,375.054,1995,0.9450000000000001,1967.56
0.0,0.0,0.0,171.4398,2.2,264.95500000000004,1996,-0.9075,1937.4
0.0,0.0,0.0,169.42275,3.6,354.9058,1997,-0.45,2054.55
0.6778595390350103,0.22,0.046200000000000185,177.00402999999997,4.0,347.1034,1998,2.24,2065.1
1.5833068810775586,2.8000000000000003,2.4639999999999986,176.08205999999998,4.34,342.35620000000006,1999,-1.475,2282.86
0.0,0.0,0.0,261.06339,5.52,440.5188,2000,-1.545,2470.87
1.4095706104374548,0.4,0.1,178.62355,6.340000000000001,223.9622,2001,-0.6725,2155.74
1.7129674831831512,2.0,1.9599999999999995,224.65470999999997,8.58,451.94859999999994,2002,-0.195,1905.69
0.6302147252910958,0.72,0.39419999999999955,211.24131,8.0,358.1192000000001,2003,1.0,2228.32
0.0,0.0,0.0,292.11294,18.2,689.011,2004,0.345,2698.26
2.191272209001179,1.34,0.6044000000000003,191.19835,22.18,391.85179999999997,2005,0.6425,2704.9
3.31545062843759,5.04,9.1598,171.09406999999996,20.52,275.7568,2006,-0.7575,2329.6400000000003
3.8260678117939877,7.500000000000001,9.395799999999998,148.99660999999998,0.0,321.289,2007,0.69,2598.36
1.8418343088764708,1.2000000000000002,1.6039999999999992,192.76831,31.6,412.8146000000001,2008,-1.565,2986.32
0.0,0.0,0.0,174.34718000000004,26.78,301.1986,2009,-0.73,2729.59
1.5380680626417442,1.6,1.2320000000000022,180.84507000000002,0.0,317.11179999999996,2010,1.4100000000000001,2835.34
0.0,0.0,0.0,222.23291999999998,12.42,457.9702,2011,-1.3825,3136.73
0.0,0.0,0.0,180.26441999999997,0.0,354.85040000000004,2012,-0.8075,2926.83
2.198525269695457,2.9800000000000004,1.6007999999999958,152.11916999999997,12.600000000000001,330.4838,2013,-0.13749999999999998,2436.3100000000004
2.308894963384804,1.3800000000000001,0.9695999999999986,161.22708,1.44,232.80760000000004,2014,-0.21250000000000002,2632.8
2.995567697342269,2.9000000000000004,1.7074,163.64495,16.540000000000003,280.1124,2015,0.695,2927.4500000000003
3.760986626470757,4.46,4.934599999999999,186.49833999999998,34.8,477.12059999999997,2016,2.575,1894.02
2.3896517364033167,5.74,7.603799999999999,168.87738,8.620000000000001,387.2772,2017,-0.315,3021.8500000000004
3.121487301563024,4.98,4.5754000000000055,202.92846000000003,9.34,397.3206,2018,-0.7775,3425.61
3.411242934479238,5.380000000000001,9.471000000000002,135.33968,0.0,222.7838,2019,0.91,3108.3900000000003
2.0366840165727007,1.0,0.4819999999999994,146.73665999999997,38.980000000000004,341.274,2020,0.6275,3401.76
3.9254824254207374,10.2,14.191200000000004,131.85291,0.66,274.41880000000003,2021,-0.995,3515.69
0.0,0.0,0.0,257.66755,3.96,368.79159999999996,2022,-0.8475,3557.3700000000003
0.0,0.0,0.0,187.03965,3.4000000000000004,282.1896,2023,-0.5975,3618.4800000000005
2.97714090199967,3.04,4.311,168.78253,28.96,400.0354,2024,1.8975,3484.75
2.262312336821472,8.16,8.540600000000005,138.78627,6.38,276.0742,2025,-0.3525,
