point,harvest_year,date,stage,et_mm,pet_mm,deficit_mm,et_fraction,active_frac_05,active_frac_07,n_good_pixels
Hillston,2001,2000-09-05,pre,10.97202380952381,29.55654761904762,18.58452380952381,0.37476961420030125,0.13095238095238096,0.011904761904761904,168
Hillston,2001,2000-09-13,pre,13.885798816568048,40.80236686390533,26.916568047337275,0.34865021966907705,0.15976331360946747,0.05325443786982249,169
Hillston,2001,2000-09-21,pre,13.500591715976334,43.93195266272189,30.434911242603555,0.3192128098799637,0.1301775147928994,0.0650887573964497,169
Hillston,2001,2000-09-29,pre,11.04674556213018,49.383431952662725,38.33668639053254,0.22977474645745405,0.07692307692307693,0.023668639053254437,169
Hillston,2001,2000-10-07,pre,9.349704142011834,45.67810650887574,36.328402366863905,0.21154237812970897,0.08284023668639054,0.011834319526627219,169
Hillston,2001,2000-10-15,pre,9.315384615384616,48.917159763313606,39.601775147929,0.19378749024847522,0.023668639053254437,0.0,169
Hillston,2001,2000-10-23,pre,9.178698224852072,47.31715976331362,38.138461538461534,0.1953915601021551,0.005917159763313609,0.0,169
Hillston,2001,2000-10-31,pre,6.950887573964496,61.7130177514793,54.76213017751479,0.1136659869208501,0.0,0.0,169
Hillston,2001,2000-11-08,establish,7.397041420118344,46.298224852071016,38.90118343195267,0.16086394005210872,0.0,0.0,169
Hillston,2001,2000-11-16,establish,7.942603550295859,59.919526627218936,51.97692307692307,0.13368856433722326,0.0,0.0,169
Hillston,2001,2000-11-24,establish,5.066272189349113,71.7112426035503,66.64497041420118,0.07123894990057274,0.0,0.0,169
Hillston,2001,2000-12-02,flower,5.059763313609468,75.05147928994083,69.99171597633138,0.06782335106250871,0.0,0.0,169
Hillston,2001,2000-12-10,flower,2.5301775147928995,75.3792899408284,72.8491124260355,0.0338997401684111,0.0,0.0,169
Hillston,2001,2000-12-18,flower,2.7384615384615385,75.46272189349114,72.7242603550296,0.036613861311414544,0.0,0.0,169
Hillston,2001,2000-12-26,flower,3.5218934911242608,55.89171597633136,52.3698224852071,0.06380804372617699,0.0,0.0,169
Hillston,2001,2001-01-01,flower,2.705325443786982,75.02603550295858,72.3207100591716,0.036416423406100545,0.0,0.0,169
Hillston,2001,2001-01-09,flower,1.482248520710059,79.22781065088758,77.74556213017752,0.01905955018055824,0.0,0.0,169
Hillston,2001,2001-01-17,flower,1.6289940828402372,79.04437869822485,77.41538461538462,0.020932796639666587,0.0,0.0,169
Hillston,2001,2001-01-25,flower,3.410059171597633,69.7396449704142,66.32958579881657,0.0498248920616839,0.0,0.0,169
Hillston,2001,2001-02-02,flower,4.182840236686391,67.95088757396451,63.768047337278105,0.06248755757522989,0.0,0.0,169
Hillston,2001,2001-02-10,flower,3.710059171597633,66.08579881656804,62.375739644970416,0.05706829005803333,0.0,0.0,169
Hillston,2001,2001-02-18,flower,3.0710059171597632,72.85384615384615,69.78284023668638,0.04318237453341102,0.0,0.0,169
Hillston,2001,2001-02-26,flower,3.272189349112426,66.56982248520711,63.29763313609467,0.05035317722577531,0.0,0.0,169
Hillston,2001,2001-03-06,boll,3.93491124260355,62.37869822485207,58.44378698224852,0.06474446835293622,0.0,0.0,169
Hillston,2001,2001-03-14,boll,4.707100591715976,48.44970414201183,43.74260355029586,0.0989294289401689,0.0,0.0,169
Hillston,2001,2001-03-22,boll,5.154437869822486,43.143195266272194,37.98875739644971,0.12114292618146531,0.0,0.0,169
Hillston,2001,2001-03-30,boll,3.347337278106509,51.04082840236687,47.69349112426036,0.06699645415152569,0.0,0.0,169
Hillston,2001,2001-04-07,boll,3.06508875739645,42.190532544378705,39.12544378698225,0.07398951144243138,0.0,0.0,169
Hillston,2001,2001-04-15,boll,3.140828402366864,42.33550295857989,39.19467455621302,0.07545585411769946,0.0,0.0,169
Hillston,2002,2001-09-06,pre,10.008982035928145,33.82395209580839,23.81497005988024,0.3031852971598496,0.0658682634730539,0.023952095808383235,167
Hillston,2002,2001-09-14,pre,10.880952380952381,41.56071428571429,30.705952380952382,0.2715571476259338,0.1130952380952381,0.011904761904761904,168
Hillston,2002,2001-09-22,pre,9.870833333333334,41.68154761904762,31.847023809523815,0.24845424146094286,0.10119047619047619,0.03571428571428571,168
Hillston,2002,2001-09-30,pre,9.429585798816568,43.239644970414204,33.81005917159763,0.2230982767367204,0.05917159763313609,0.005917159763313609,169
Hillston,2002,2001-10-08,pre,8.223076923076924,43.617159763313616,35.39408284023669,0.19555075681391787,0.04142011834319527,0.011834319526627219,169
Hillston,2002,2001-10-16,pre,7.797041420118344,50.108284023668645,42.3112426035503,0.16019666956905418,0.01775147928994083,0.0,169
Hillston,2002,2001-10-24,pre,7.662721893491124,59.89704142011835,52.23431952662721,0.13075299934453827,0.011834319526627219,0.0,169
Hillston,2002,2001-11-01,establish,6.220710059171599,58.718934911242606,52.49822485207101,0.10727451759757896,0.0,0.0,169
Hillston,2002,2001-11-09,establish,5.1792899408284025,61.50295857988166,56.32366863905326,0.08499713066926051,0.0,0.0,169
Hillston,2002,2001-11-17,establish,3.5520710059171603,69.1224852071006,65.57041420118344,0.051808304622508204,0.0,0.0,169
Hillston,2002,2001-11-25,establish,3.6201183431952666,70.83668639053255,67.21656804733729,0.05165642851020964,0.0,0.0,169
Hillston,2002,2001-12-03,flower,3.966272189349112,69.06568047337277,65.09940828402368,0.058071030643599156,0.0,0.0,169
Hillston,2002,2001-12-11,flower,3.2301775147928993,73.23846153846155,70.00828402366865,0.044487745947594394,0.0,0.0,169
Hillston,2002,2001-12-19,flower,2.7964497041420118,74.88106508875741,72.08461538461538,0.03766993014594073,0.0,0.0,169
Hillston,2002,2001-12-27,flower,1.9230769230769231,47.145562130177524,45.2224852071006,0.04146041188000609,0.0,0.0,169
Hillston,2002,2002-01-01,flower,3.1260355029585796,75.93905325443788,72.8130177514793,0.041792428859919135,0.0,0.0,169
Hillston,2002,2002-01-09,flower,2.6804733727810657,76.48106508875739,73.80059171597632,0.03570295251806552,0.0,0.0,169
Hillston,2002,2002-01-17,flower,2.557396449704142,72.12603550295857,69.56863905325443,0.03618203468822642,0.0,0.0,169
Hillston,2002,2002-01-25,flower,2.497041420118343,74.22130177514792,71.7242603550296,0.03475450592425662,0.005917159763313609,0.0,169
Hillston,2002,2002-02-02,flower,5.091715976331361,63.622485207100596,58.53076923076924,0.08173411333243948,0.011834319526627219,0.0,169
Hillston,2002,2002-02-10,flower,3.9017751479289946,67.30295857988165,63.40118343195267,0.05903281452630132,0.0,0.0,169
Hillston,2002,2002-02-18,flower,4.323076923076924,60.30710059171597,55.98402366863905,0.07268411096436098,0.0,0.0,169
Hillston,2002,2002-02-26,flower,3.6881656804733725,63.14142011834319,59.45325443786984,0.06008787344598894,0.0,0.0,169
Hillston,2002,2002-03-06,boll,3.1863905325443795,58.98698224852072,55.800591715976324,0.055299161015361156,0.0,0.0,169
Hillston,2002,2002-03-14,boll,2.125443786982249,58.117751479289936,55.9923076923077,0.03808080454356363,0.005917159763313609,0.0,169
Hillston,2002,2002-03-22,boll,4.533333333333333,44.46190476190476,39.92857142857143,0.10291294713432904,0.0,0.0,168
Hillston,2002,2002-03-30,boll,4.169822485207101,46.2112426035503,42.0414201183432,0.09187794931940498,0.0,0.0,169
Hillston,2002,2002-04-07,boll,3.193491124260355,47.39408284023669,44.20059171597633,0.0693756397996609,0.0,0.0,169
Hillston,2002,2002-04-15,boll,5.4573964497041425,33.18343195266272,27.726035502958577,0.1659056624286544,0.0,0.0,169
Hillston,2003,2002-09-06,pre,2.853254437869823,43.37396449704143,40.5207100591716,0.06617565728004646,0.0,0.0,169
Hillston,2003,2002-09-14,pre,3.7526627218934916,44.27278106508876,40.52011834319527,0.08515874311307321,0.0,0.0,169
Hillston,2003,2002-09-22,pre,2.697633136094675,50.16686390532545,47.469230769230776,0.054360217037763475,0.0,0.0,169
Hillston,2003,2002-09-30,pre,2.7366863905325443,57.99171597633136,55.255029585798816,0.04788088355830683,0.0,0.0,169
Hillston,2003,2002-10-08,pre,2.990532544378699,54.098224852071,51.10769230769231,0.05566241936009875,0.0,0.0,169
Hillston,2003,2002-10-16,pre,2.4568047337278105,62.817159763313626,60.360355029585804,0.039679784047148295,0.0,0.0,169
Hillston,2003,2002-10-24,pre,2.2071005917159767,65.02485207100592,62.817751479289946,0.03431247696152212,0.0,0.0,169
Hillston,2003,2002-11-01,establish,1.834319526627219,70.03609467455622,68.201775147929,0.0265740341150985,0.0,0.0,169
Hillston,2003,2002-11-09,establish,1.96508875739645,69.28461538461539,67.31952662721893,0.028787214817780394,0.0,0.0,169
Hillston,2003,2002-11-17,establish,2.69112426035503,62.108875739644965,59.417751479289954,0.043685571269680194,0.0,0.0,169
Hillston,2003,2002-11-25,establish,2.6355029585798824,66.57928994082842,63.94378698224852,0.04017443655820207,0.0,0.0,169
Hillston,2003,2002-12-03,flower,3.159171597633136,63.7923076923077,60.633136094674555,0.04968703155952611,0.0,0.0,169
Hillston,2003,2002-12-11,flower,1.2940828402366864,76.80887573964498,75.51479289940828,0.017153146495683363,0.0,0.0,169
Hillston,2003,2002-12-19,flower,1.6514792899408286,76.04497041420119,74.39349112426035,0.022088886489935896,0.0,0.0,169
Hillston,2003,2002-12-27,flower,1.6946745562130177,42.54852071005918,40.85384615384616,0.04087523915973334,0.0,0.0,169
Hillston,2003,2003-01-01,flower,3.153254437869823,71.63668639053255,68.48343195266273,0.04491679941315751,0.0,0.0,169
Hillston,2003,2003-01-09,flower,2.191715976331361,72.68875739644972,70.49704142011835,0.03086850578162717,0.0,0.0,169
Hillston,2003,2003-01-17,flower,1.092899408284024,77.10295857988166,76.01005917159763,0.014684897157917255,0.0,0.0,169
Hillston,2003,2003-01-25,flower,1.3556213017751477,72.50118343195267,71.14556213017752,0.019115898644630945,0.0,0.0,169
Hillston,2003,2003-02-02,flower,1.6597633136094678,75.46804733727812,73.80828402366865,0.022420675958422846,0.0,0.0,169
Hillston,2003,2003-02-10,flower,1.3804733727810652,69.62366863905326,68.2431952662722,0.020431100214801795,0.0,0.0,169
Hillston,2003,2003-02-18,flower,4.692899408284024,57.81597633136096,53.123076923076916,0.08220040323805702,0.0,0.0,169
Hillston,2003,2003-02-26,flower,3.1384615384615384,57.19289940828403,54.054437869822486,0.055935604019137934,0.0,0.0,169
Hillston,2003,2003-03-06,boll,4.80414201183432,56.742011834319534,51.93786982248522,0.0856902262745369,0.0,0.0,169
Hillston,2003,2003-03-14,boll,4.057396449704142,53.70591715976332,49.648520710059174,0.07667288742561515,0.0,0.0,169
Hillston,2003,2003-03-22,boll,3.845562130177515,51.57573964497042,47.7301775147929,0.07599643435247784,0.0,0.0,169
Hillston,2003,2003-03-30,boll,3.4763313609467454,44.485207100591715,41.00887573964497,0.0802394697018529,0.0,0.0,169
Hillston,2003,2003-04-07,boll,3.973372781065089,41.15621301775148,37.182840236686395,0.09901701490763304,0.005917159763313609,0.0,169
Hillston,2003,2003-04-15,boll,4.062721893491125,37.90650887573965,33.843786982248524,0.10818132277006721,0.0,0.0,169
Hillston,2004,2003-09-06,pre,11.360240963855423,28.711445783132532,17.363253012048194,0.40062944856042276,0.18674698795180722,0.06626506024096386,166
Hillston,2004,2003-09-14,pre,12.097633136094675,34.89289940828402,22.795266272189348,0.35247650677507825,0.13609467455621302,0.029585798816568046,169
Hillston,2004,2003-09-22,pre,8.602958579881657,41.87869822485207,33.275739644970415,0.2081246492504684,0.0,0.0,169
Hillston,2004,2003-09-30,pre,9.743452380952382,33.148809523809526,23.40535714285714,0.29489082144396805,0.005952380952380952,0.0,168
Hillston,2004,2003-10-08,pre,9.853254437869824,41.74023668639053,31.886982248520713,0.23684798735413767,0.005917159763313609,0.0,169
Hillston,2004,2003-10-16,pre,8.593491124260357,52.543195266272186,43.94970414201183,0.16439213001642258,0.0,0.0,169
Hillston,2004,2003-10-24,pre,5.239644970414201,53.60946745562131,48.3698224852071,0.09814002951811036,0.0,0.0,169
Hillston,2004,2003-11-01,establish,5.0497041420118345,62.07218934911243,57.02248520710059,0.08215240718564286,0.0,0.0,169
Hillston,2004,2003-11-09,establish,3.755621301775148,68.84082840236687,65.08520710059173,0.054807544586227545,0.0,0.0,169
Hillston,2004,2003-11-17,establish,4.468639053254438,58.26745562130178,53.798816568047336,0.07693604659843578,0.0,0.0,169
Hillston,2004,2003-11-25,establish,3.4059171597633138,63.77869822485207,60.37278106508876,0.05365951911573942,0.0,0.0,169
Hillston,2004,2003-12-03,flower,3.7313609467455624,66.19763313609468,62.466272189349105,0.05671151895316043,0.0,0.0,169
Hillston,2004,2003-12-11,flower,2.8319526627218936,73.56390532544378,70.7319526627219,0.03872508112586395,0.0,0.0,169
Hillston,2004,2003-12-19,flower,3.1988165680473375,69.65266272189349,66.45384615384616,0.04621504121052655,0.0,0.0,169
Hillston,2004,2003-12-27,flower,1.014792899408284,47.863905325443795,46.849112426035504,0.021425336010986656,0.0,0.0,169
Hillston,2004,2004-01-01,flower,1.7029585798816569,74.01005917159763,72.30710059171598,0.02309888558557098,0.0,0.0,169
Hillston,2004,2004-01-09,flower,2.632544378698225,75.40769230769232,72.77514792899409,0.03523678653650098,0.0,0.0,169
Hillston,2004,2004-01-17,flower,2.3627218934911247,75.51538461538463,73.15266272189349,0.03182489242967124,0.0,0.0,169
Hillston,2004,2004-01-25,flower,2.8053254437869826,73.10295857988164,70.29763313609467,0.038864896693068855,0.0,0.0,169
Hillston,2004,2004-02-02,flower,1.145562130177515,77.99526627218935,76.84970414201184,0.014999417962931255,0.0,0.0,169
Hillston,2004,2004-02-10,flower,0.41301775147929,77.75739644970415,77.34437869822486,0.005452368590290944,0.0,0.0,169
Hillston,2004,2004-02-18,flower,2.4479289940828406,66.47218934911243,64.0242603550296,0.03731501938650841,0.0,0.0,169
Hillston,2004,2004-02-26,flower,2.5136094674556215,70.30118343195267,67.78757396449706,0.036651733426671614,0.0,0.0,169
Hillston,2004,2004-03-05,boll,2.3680473372781066,59.23668639053255,56.86863905325444,0.040697101615039144,0.0,0.0,169
Hillston,2004,2004-03-13,boll,2.0473372781065087,60.0284023668639,57.981065088757404,0.03488862857186135,0.0,0.0,169
Hillston,2004,2004-03-21,boll,1.738461538461539,60.5414201183432,58.80295857988166,0.02932748143897318,0.0,0.0,169
Hillston,2004,2004-03-29,boll,2.3857988165680477,51.09763313609467,48.71183431952662,0.04751032314540541,0.0,0.0,169
Hillston,2004,2004-04-06,boll,2.343786982248521,50.63550295857989,48.29171597633136,0.04746028242056222,0.0,0.0,169
Hillston,2004,2004-04-14,boll,2.1183431952662723,47.01005917159764,44.89171597633136,0.0459480781159141,0.0,0.0,169
Hillston,2005,2004-09-05,pre,7.3798816568047325,31.652662721893492,24.272781065088754,0.23524985701095555,0.0,0.0,169
Hillston,2005,2004-09-13,pre,6.572189349112426,41.11065088757397,34.53846153846154,0.16264525065642066,0.0,0.0,169
Hillston,2005,2004-09-21,pre,4.918934911242604,46.10118343195266,41.18224852071006,0.10804041761846092,0.0,0.0,169
Hillston,2005,2004-09-29,pre,5.818934911242604,46.275739644970415,40.456804733727814,0.1264134981586951,0.0,0.0,169
Hillston,2005,2004-10-07,pre,3.4988165680473378,57.41479289940828,53.91597633136095,0.06146632274884422,0.0,0.0,169
Hillston,2005,2004-10-15,pre,3.3727810650887573,55.04556213017752,51.67278106508876,0.061634417461453456,0.0,0.0,169
Hillston,2005,2004-10-23,pre,3.030769230769231,63.80177514792899,60.77100591715976,0.04784174794803916,0.0,0.0,169
Hillston,2005,2004-10-31,pre,3.6538461538461537,54.955621301775146,51.30177514792899,0.06668170949687661,0.0,0.0,169
Hillston,2005,2004-11-08,establish,3.7934911242603553,58.14556213017752,54.35207100591716,0.06547479613466656,0.0,0.0,169
Hillston,2005,2004-11-16,establish,3.623668639053255,61.99763313609468,58.37396449704143,0.058598128116064525,0.0,0.0,169
Hillston,2005,2004-11-24,establish,1.9893491124260358,72.06568047337277,70.07633136094675,0.027791849140408803,0.0,0.0,169
Hillston,2005,2004-12-02,flower,3.0875739644970412,60.80236686390534,57.71479289940828,0.05089584688990487,0.0,0.0,169
Hillston,2005,2004-12-10,flower,3.3597633136094673,65.63905325443787,62.279289940828406,0.051266495491129556,0.0,0.0,169
Hillston,2005,2004-12-18,flower,1.7041420118343196,72.00236686390531,70.29822485207102,0.023708829422445565,0.0,0.0,169
Hillston,2005,2004-12-26,flower,1.7905325443786984,52.9112426035503,51.12071005917159,0.03393369740134226,0.0,0.0,169
Hillston,2005,2005-01-01,flower,2.120118343195266,70.62603550295857,68.50591715976331,0.030217498796371384,0.0,0.0,169
Hillston,2005,2005-01-09,flower,1.345562130177515,75.1905325443787,73.84497041420119,0.017987147173180736,0.0,0.0,169
Hillston,2005,2005-01-17,flower,1.967455621301775,78.0319526627219,76.06449704142011,0.02535264615182589,0.0,0.0,169
Hillston,2005,2005-01-25,flower,1.9005917159763313,70.95680473372782,69.05621301775149,0.02708923477284453,0.0,0.0,169
Hillston,2005,2005-02-02,flower,4.566272189349113,56.54201183431954,51.975739644970425,0.08087804459825289,0.0,0.0,169
Hillston,2005,2005-02-10,flower,2.9195266272189353,63.42307692307692,60.50355029585798,0.046270300371342145,0.0,0.0,169
Hillston,2005,2005-02-18,flower,2.1514792899408284,63.4715976331361,61.320118343195276,0.03454701479936237,0.0,0.0,169
Hillston,2005,2005-02-26,flower,2.088757396449704,63.85502958579882,61.76627218934911,0.03311379777040622,0.0,0.0,169
Hillston,2005,2005-03-06,boll,2.0041420118343196,58.89467455621302,56.8905325443787,0.034449201063832334,0.0,0.0,169
Hillston,2005,2005-03-14,boll,3.4887573964497047,50.01065088757397,46.52189349112426,0.07015214314722153,0.0,0.0,169
Hillston,2005,2005-03-22,boll,2.049704142011834,49.91360946745562,47.863905325443795,0.04135425480925607,0.0,0.0,169
Hillston,2005,2005-03-30,boll,2.127810650887574,50.45147928994082,48.32366863905326,0.04263567782473038,0.0,0.0,169
Hillston,2005,2005-04-07,boll,1.950887573964497,50.30355029585798,48.352662721893495,0.039255716017695584,0.0,0.0,169
Hillston,2005,2005-04-15,boll,2.0763313609467455,44.285798816568054,42.20946745562131,0.04741118547357398,0.0,0.0,169
Hillston,2006,2005-09-06,pre,15.252564102564106,27.760256410256414,12.618589743589743,0.5582556226431018,0.5192307692307693,0.1987179487179487,156
Hillston,2006,2005-09-14,pre,17.147552447552446,29.29020979020979,12.168531468531468,0.5899977786231758,0.6223776223776224,0.26573426573426573,143
Hillston,2006,2005-09-22,pre,16.902380952380955,33.953174603174595,17.123015873015873,0.5013233511698124,0.38095238095238093,0.15079365079365079,126
Hillston,2006,2005-09-30,pre,17.744871794871795,44.256410256410255,26.511538461538464,0.4092913673349949,0.28205128205128205,0.05128205128205128,156
Hillston,2006,2005-10-08,pre,14.236094674556213,44.91360946745562,30.67751479289941,0.32146639857624976,0.05325443786982249,0.011834319526627219,169
Hillston,2006,2005-10-16,pre,11.186144578313254,45.61144578313253,34.42530120481928,0.24827642423033539,0.0,0.0,166
Hillston,2006,2005-10-24,pre,10.302366863905327,53.71183431952663,43.409467455621304,0.19422439510481812,0.0,0.0,169
Hillston,2006,2005-11-01,establish,6.3147928994082845,58.69526627218935,52.38047337278106,0.10833853218322813,0.0,0.0,169
Hillston,2006,2005-11-09,establish,5.003550295857989,67.14970414201184,62.14615384615385,0.07488024462213301,0.0,0.0,169
Hillston,2006,2005-11-17,establish,3.8272189349112424,66.72544378698224,62.898224852071,0.05761410276108451,0.0,0.0,169
Hillston,2006,2005-11-25,establish,4.584615384615385,63.575147928994085,58.99053254437871,0.07236077667635947,0.0,0.0,169
Hillston,2006,2005-12-03,flower,3.3349112426035505,72.85029585798817,69.51538461538462,0.046119376331378276,0.0,0.0,169
Hillston,2006,2005-12-11,flower,2.7887573964497046,73.91124260355029,71.1224852071006,0.037970195846596576,0.0,0.0,169
Hillston,2006,2005-12-19,flower,1.9284023668639054,76.2958579881657,74.36745562130179,0.02549128969365685,0.0,0.0,169
Hillston,2006,2005-12-27,flower,0.6005917159763313,51.16153846153847,50.560946745562134,0.01191939889601094,0.0,0.0,169
Hillston,2006,2006-01-01,flower,2.1011834319526628,77.57573964497043,75.47455621301775,0.027418252310322137,0.0,0.0,169
Hillston,2006,2006-01-09,flower,1.6704142011834324,69.56272189349113,67.89230769230768,0.024143241842358606,0.0,0.0,169
Hillston,2006,2006-01-17,flower,1.437278106508876,73.82840236686391,72.39112426035503,0.019610038542800926,0.0,0.0,169
Hillston,2006,2006-01-25,flower,0.5331360946745561,81.88994082840237,81.35680473372781,0.0066336939787797694,0.0,0.0,169
Hillston,2006,2006-02-02,flower,1.6792899408284023,73.19171597633137,71.51242603550295,0.023322060455295376,0.0,0.0,169
Hillston,2006,2006-02-10,flower,2.256213017751479,73.61538461538461,71.35917159763314,0.031273144906416264,0.0,0.0,169
Hillston,2006,2006-02-18,flower,2.077514792899408,68.39349112426035,66.31597633136096,0.030916344342961827,0.0,0.0,169
Hillston,2006,2006-02-26,flower,2.871005917159763,67.57278106508875,64.701775147929,0.043443905751637604,0.0,0.0,169
Hillston,2006,2006-03-06,boll,1.6005917159763314,62.87337278106509,61.27278106508875,0.02594286119422577,0.0,0.0,169
Hillston,2006,2006-03-14,boll,2.4757396449704143,54.87633136094675,52.40059171597633,0.04585731899875603,0.0,0.0,169
Hillston,2006,2006-03-22,boll,2.356804733727811,53.681065088757386,51.32426035502958,0.04461664519277974,0.0,0.0,169
Hillston,2006,2006-03-30,boll,3.122485207100592,44.18579881656805,41.06331360946746,0.07127923799453179,0.0,0.0,169
Hillston,2006,2006-04-07,boll,3.173372781065089,43.382248520710064,40.208875739644974,0.07402647647805115,0.0,0.0,169
Hillston,2006,2006-04-15,boll,3.2207100591715982,39.27455621301775,36.05384615384616,0.08271630898466938,0.0,0.0,169
Hillston,2007,2006-09-06,pre,9.11715976331361,28.711834319526627,19.59467455621302,0.3200635803836127,0.029585798816568046,0.005917159763313609,169
Hillston,2007,2006-09-14,pre,9.367455621301776,46.94497041420119,37.57751479289941,0.20312243532616583,0.011834319526627219,0.0,169
Hillston,2007,2006-09-22,pre,6.366863905325443,46.42248520710059,40.055621301775155,0.1391383305333482,0.0,0.0,169
Hillston,2007,2006-09-30,pre,5.911242603550296,55.001775147929,49.090532544378696,0.10872350683486258,0.0,0.0,169
Hillston,2007,2006-10-08,pre,4.285798816568047,56.761538461538464,52.475739644970425,0.07600755434283399,0.0,0.0,169
Hillston,2007,2006-10-16,pre,2.8307692307692305,57.860355029585804,55.02958579881657,0.04944588080159337,0.0,0.0,169
Hillston,2007,2006-10-24,pre,3.1177514792899412,65.82130177514793,62.70355029585797,0.047765216581125036,0.0,0.0,169
Hillston,2007,2006-11-01,establish,3.091715976331361,62.61538461538461,59.523668639053255,0.04972614670883281,0.0,0.0,169
Hillston,2007,2006-11-09,establish,3.722485207100592,58.74497041420119,55.02248520710059,0.06358722598513773,0.0,0.0,169
Hillston,2007,2006-11-17,establish,1.7449704142011833,74.32899408284024,72.58402366863906,0.023723478322683247,0.0,0.0,169
Hillston,2007,2006-11-25,establish,1.8431952662721893,66.81005917159764,64.96686390532545,0.027798980102145602,0.0,0.0,169
Hillston,2007,2006-12-03,flower,1.3159763313609467,76.85147928994084,75.53550295857988,0.017271694353195914,0.0,0.0,169
Hillston,2007,2006-12-11,flower,2.3224852071005917,71.54674556213018,69.2242603550296,0.03273810477874962,0.0,0.0,169
Hillston,2007,2006-12-19,flower,2.1378698224852073,65.58579881656804,63.447928994082844,0.03277388084213479,0.0,0.0,169
Hillston,2007,2006-12-27,flower,1.8118343195266275,42.51124260355031,40.699408284023676,0.042640838765734594,0.0,0.0,169
Hillston,2007,2007-01-01,flower,3.5005917159763316,66.24497041420118,62.74437869822485,0.052947846548128924,0.0,0.0,169
Hillston,2007,2007-01-09,flower,1.5905325443786984,75.26331360946746,73.67278106508876,0.021294676113358068,0.0,0.0,169
Hillston,2007,2007-01-17,flower,2.3644970414201185,63.51834319526628,61.15384615384615,0.03730384065324824,0.0,0.0,169
Hillston,2007,2007-01-25,flower,2.3857988165680477,71.21301775147928,68.82721893491124,0.03372851736177337,0.0,0.0,169
Hillston,2007,2007-02-02,flower,1.2337278106508878,71.8130177514793,70.5792899408284,0.017324808974893472,0.0,0.0,169
Hillston,2007,2007-02-10,flower,1.8325443786982252,73.54023668639054,71.7076923076923,0.0252165529992047,0.0,0.0,169
Hillston,2007,2007-02-18,flower,1.8905325443786982,67.2715976331361,65.38106508875741,0.028593294368266353,0.0,0.0,169
Hillston,2007,2007-02-26,flower,1.6627218934911243,63.53964497041421,61.876923076923084,0.026618444096945373,0.0,0.0,169
Hillston,2007,2007-03-06,boll,2.033727810650888,60.30769230769231,58.27396449704142,0.03413897777424015,0.0,0.0,169
Hillston,2007,2007-03-14,boll,2.471597633136095,50.34260355029587,47.87100591715977,0.04952531983781863,0.0,0.0,169
Hillston,2007,2007-03-22,boll,2.5414201183431953,49.50355029585799,46.962130177514794,0.05173197767663681,0.0,0.0,169
Hillston,2007,2007-03-30,boll,2.576331360946746,47.53609467455622,44.959763313609464,0.05447494370511642,0.0,0.0,169
Hillston,2007,2007-04-07,boll,1.71301775147929,51.387573964497044,49.67455621301775,0.033874255395918866,0.0,0.0,169
Hillston,2007,2007-04-15,boll,2.1946745562130174,43.84615384615385,41.65147928994083,0.05072442361846875,0.0,0.0,169
Hillston,2008,2007-09-06,pre,5.017751479289941,40.39526627218935,35.37751479289941,0.1249751411021396,0.0,0.0,169
Hillston,2008,2007-09-14,pre,3.268047337278106,41.135502958579885,37.86745562130178,0.08024428215665834,0.0,0.0,169
Hillston,2008,2007-09-22,pre,2.983431952662722,46.473372781065095,43.48994082840237,0.06506608458991336,0.0,0.0,169
Hillston,2008,2007-09-30,pre,2.5745562130177517,54.99822485207101,52.42366863905325,0.04747789364066741,0.0,0.0,169
Hillston,2008,2007-10-08,pre,2.5272189349112426,56.067455621301775,53.54023668639053,0.04567766172030575,0.0,0.0,169
Hillston,2008,2007-10-16,pre,2.3360946745562132,59.33313609467455,56.99704142011834,0.039950999802454604,0.0,0.0,169
Hillston,2008,2007-10-24,pre,4.804142011834321,51.259171597633134,46.45502958579882,0.09415456314522423,0.0,0.0,169
Hillston,2008,2007-11-01,establish,5.2976331360946745,53.51893491124261,48.22130177514793,0.09944994612965798,0.0,0.0,169
Hillston,2008,2007-11-09,establish,2.029585798816568,71.68816568047338,69.6585798816568,0.02864465286762266,0.0,0.0,169
Hillston,2008,2007-11-17,establish,2.7863905325443787,65.92544378698226,63.13905325443787,0.042474125485009215,0.0,0.0,169
Hillston,2008,2007-11-25,establish,3.7952662721893495,57.624260355029584,53.82899408284025,0.06628290108716975,0.0,0.0,169
Hillston,2008,2007-12-03,flower,2.86508875739645,66.06686390532543,63.201775147929,0.04359976116877054,0.0,0.0,169
Hillston,2008,2007-12-11,flower,3.2065088757396456,68.41242603550296,65.20591715976332,0.04736959055161856,0.0,0.0,169
Hillston,2008,2007-12-19,flower,4.245562130177515,63.592307692307706,59.34674556213018,0.06690630079175756,0.0,0.0,169
Hillston,2008,2007-12-27,flower,1.4816568047337277,47.10710059171598,45.62544378698225,0.031694653139249185,0.0,0.0,169
Hillston,2008,2008-01-01,flower,2.440828402366864,75.3467455621302,72.90591715976332,0.032585042846755535,0.0,0.0,169
Hillston,2008,2008-01-09,flower,2.0822485207100594,79.08698224852071,77.00473372781067,0.026547852119711814,0.0,0.0,169
Hillston,2008,2008-01-17,flower,6.1289940828402365,62.8940828402367,56.765088757396455,0.09782290925793796,0.0,0.0,169
Hillston,2008,2008-01-25,flower,4.217159763313609,67.08402366863906,62.866863905325445,0.06328353663800458,0.0,0.0,169
Hillston,2008,2008-02-02,flower,6.545562130177515,54.162721893491124,47.6171597633136,0.12125600203215764,0.0,0.0,169
Hillston,2008,2008-02-10,flower,5.214792899408284,64.19112426035502,58.976331360946745,0.081832911385287,0.0,0.0,169
Hillston,2008,2008-02-18,flower,4.9142011834319534,62.71952662721895,57.805325443786984,0.0789087241145803,0.0,0.0,169
Hillston,2008,2008-02-26,flower,3.544378698224852,61.78757396449704,58.2431952662722,0.05797491194364155,0.0,0.0,169
Hillston,2008,2008-03-05,boll,2.324260355029586,61.09112426035503,58.766863905325444,0.03846974664644933,0.0,0.0,169
Hillston,2008,2008-03-13,boll,1.5911242603550295,59.55621301775148,57.96508875739645,0.027238596919760834,0.0,0.0,169
Hillston,2008,2008-03-21,boll,4.747337278106509,43.118934911242604,38.3715976331361,0.11086112072677776,0.0,0.0,169
Hillston,2008,2008-03-29,boll,3.6147928994082847,43.333727810650885,39.718934911242606,0.08407473147893348,0.0,0.0,169
Hillston,2008,2008-04-06,boll,2.870414201183432,46.02307692307692,43.152662721893485,0.06307343166579087,0.0,0.0,169
Hillston,2008,2008-04-14,boll,3.277514792899409,39.875739644970416,36.598224852071006,0.08283627209190308,0.0,0.0,169
Hillston,2009,2008-09-05,pre,4.87396449704142,35.3810650887574,30.507100591715975,0.13944003372563618,0.0,0.0,169
Hillston,2009,2008-09-13,pre,3.385207100591716,47.0207100591716,43.63550295857989,0.07314550208150855,0.0,0.0,169
Hillston,2009,2008-09-21,pre,3.7952662721893495,46.14556213017752,42.35029585798817,0.08287945826478456,0.0,0.0,169
Hillston,2009,2008-09-29,pre,4.746153846153846,46.701775147929,41.95562130177515,0.10205538148400123,0.0,0.0,169
Hillston,2009,2008-10-07,pre,3.337278106508876,54.578698224852076,51.2414201183432,0.06143301493289993,0.0,0.0,169
Hillston,2009,2008-10-15,pre,2.992307692307692,58.43136094674556,55.43905325443787,0.05154500473807164,0.0,0.0,169
Hillston,2009,2008-10-23,pre,2.1420118343195265,65.34260355029586,63.20059171597633,0.0332128218065315,0.0,0.0,169
Hillston,2009,2008-10-31,pre,2.6597633136094676,59.32248520710059,56.662721893491124,0.04517222365129277,0.0,0.0,169
Hillston,2009,2008-11-08,establish,2.844378698224852,65.19940828402368,62.35502958579882,0.0439905843796588,0.0,0.0,169
Hillston,2009,2008-11-16,establish,3.963313609467456,53.31360946745562,49.35029585798817,0.07453682605814972,0.0,0.0,169
Hillston,2009,2008-11-24,establish,2.786390532544379,64.84674556213017,62.0603550295858,0.04309940238370873,0.0,0.0,169
Hillston,2009,2008-12-02,flower,2.364497041420119,66.71834319526629,64.35384615384615,0.03569196724966095,0.0,0.0,169
Hillston,2009,2008-12-10,flower,6.6591715976331365,57.39289940828402,50.73372781065089,0.1161203372210098,0.0,0.0,169
Hillston,2009,2008-12-18,flower,2.562721893491125,70.70650887573966,68.14378698224851,0.03625072295615605,0.0,0.0,169
Hillston,2009,2008-12-26,flower,1.4887573964497043,55.975739644970425,54.486982248520704,0.026721374349424083,0.0,0.0,169
Hillston,2009,2009-01-01,flower,1.5420118343195268,74.28816568047338,72.74615384615385,0.02086139624412791,0.0,0.0,169
Hillston,2009,2009-01-09,flower,1.206508875739645,74.25502958579882,73.04852071005918,0.01632558900171316,0.0,0.0,169
Hillston,2009,2009-01-17,flower,1.4976331360946746,74.81952662721893,73.32189349112427,0.020115049310612133,0.0,0.0,169
Hillston,2009,2009-01-25,flower,0.3331360946745562,79.02189349112426,78.68875739644972,0.004262905392956092,0.0,0.0,169
Hillston,2009,2009-02-02,flower,0.2455621301775148,75.35443786982249,75.10887573964497,0.003286460890932145,0.0,0.0,169
Hillston,2009,2009-02-10,flower,2.2065088757396447,57.32366863905326,55.117159763313616,0.03871501926029603,0.0,0.0,169
Hillston,2009,2009-02-18,flower,1.7994082840236687,70.54023668639053,68.74082840236687,0.025800358740007186,0.0,0.0,169
Hillston,2009,2009-02-26,flower,1.9775147928994086,60.691715976331366,58.71420118343196,0.03306970102588764,0.0,0.0,169
Hillston,2009,2009-03-06,boll,2.7094674556213016,54.00828402366865,51.298816568047336,0.05072534044018427,0.0,0.0,169
Hillston,2009,2009-03-14,boll,2.6165680473372785,55.356213017751486,52.739644970414204,0.0476314157818223,0.0,0.0,169
Hillston,2009,2009-03-22,boll,1.7550295857988167,52.9508875739645,51.195857988165685,0.03365357344037056,0.0,0.0,169
Hillston,2009,2009-03-30,boll,2.447337278106509,46.03550295857989,43.588165680473374,0.053510603102246555,0.0,0.0,169
Hillston,2009,2009-04-07,boll,2.9035502958579884,43.31538461538462,40.411834319526626,0.06755834764101529,0.0,0.0,169
Hillston,2009,2009-04-15,boll,2.3680473372781066,41.87396449704143,39.505917159763314,0.05686945182921883,0.0,0.0,169
Hillston,2010,2009-09-06,pre,5.154437869822486,37.798816568047336,32.64437869822485,0.13718020752338198,0.0,0.0,169
Hillston,2010,2009-09-14,pre,3.837278106508876,38.47810650887574,34.64082840236687,0.10045846422101244,0.0,0.0,169
Hillston,2010,2009-09-22,pre,5.081065088757397,40.370414201183436,35.28934911242604,0.1260502571302196,0.0,0.0,169
Hillston,2010,2009-09-30,pre,5.128402366863906,38.95266272189349,33.824260355029594,0.1318127507703176,0.0,0.0,169
Hillston,2010,2009-10-08,pre,3.653254437869823,47.18698224852072,43.533727810650895,0.07764373967890704,0.0,0.0,169
Hillston,2010,2009-10-16,pre,3.0715976331360944,58.52603550295858,55.45443786982249,0.05261455621612037,0.0,0.0,169
Hillston,2010,2009-10-24,pre,3.7284023668639055,57.85325443786983,54.12485207100592,0.06461148921977278,0.0,0.0,169
Hillston,2010,2009-11-01,establish,2.928402366863905,63.81479289940829,60.886390532544375,0.04601168742487301,0.0,0.0,169
Hillston,2010,2009-11-09,establish,0.9597633136094675,73.70473372781066,72.74497041420119,0.013139321196922519,0.0,0.0,169
Hillston,2010,2009-11-17,establish,1.6887573964497042,60.0603550295858,58.3715976331361,0.028292687517999494,0.0,0.0,169
Hillston,2010,2009-11-25,establish,2.2686390532544376,70.08698224852071,67.81834319526627,0.03247533673100078,0.0,0.0,169
Hillston,2010,2009-12-03,flower,2.121301775147929,67.85443786982249,65.73313609467455,0.031316724001182863,0.0,0.0,169
Hillston,2010,2009-12-11,flower,1.9029585798816568,71.33964497041421,69.43668639053256,0.02671145759370214,0.0,0.0,169
Hillston,2010,2009-12-19,flower,2.037278106508876,67.7189349112426,65.68165680473373,0.030181081842799946,0.0,0.0,169
Hillston,2010,2009-12-27,flower,2.814201183431953,44.562130177514796,41.74792899408284,0.06336736101485504,0.0,0.0,169
Hillston,2010,2010-01-01,flower,2.769230769230769,74.38816568047338,71.61893491124259,0.03738446935072782,0.0,0.0,169
Hillston,2010,2010-01-09,flower,0.9704142011834319,75.76804733727812,74.79763313609467,0.012907546774832086,0.0,0.0,169
Hillston,2010,2010-01-17,flower,1.494674556213018,76.08284023668641,74.58816568047338,0.019804742317865744,0.0,0.0,169
Hillston,2010,2010-01-25,flower,1.3905325443786982,68.34023668639053,66.94970414201184,0.02061160457229769,0.0,0.0,169
Hillston,2010,2010-02-02,flower,4.991124260355029,50.69881656804734,45.70769230769231,0.09929622787830486,0.0,0.0,169
Hillston,2010,2010-02-10,flower,7.601775147928996,53.018343195266276,45.41656804733728,0.1442632801212071,0.0,0.0,169
Hillston,2010,2010-02-18,flower,6.254437869822486,63.93431952662723,57.67988165680473,0.09892254936131893,0.0,0.0,169
Hillston,2010,2010-02-26,flower,5.652662721893492,52.485207100591715,46.83254437869823,0.1087189130530365,0.0,0.0,169
Hillston,2010,2010-03-06,boll,6.680473372781065,48.51893491124261,41.838461538461544,0.13856714628875189,0.0,0.0,169
Hillston,2010,2010-03-14,boll,6.135502958579882,52.38816568047338,46.25266272189349,0.11962065342950996,0.0,0.0,169
Hillston,2010,2010-03-22,boll,5.472189349112426,49.43905325443787,43.96686390532545,0.11322442472355067,0.0,0.0,169
Hillston,2010,2010-03-30,boll,5.726627218934912,39.276923076923076,33.55029585798817,0.14725799679018398,0.0,0.0,169
Hillston,2010,2010-04-07,boll,6.325443786982248,31.95502958579882,25.62958579881657,0.19939159307839505,0.0,0.0,169
Hillston,2010,2010-04-15,boll,4.702958579881656,40.618934911242604,35.915976331360945,0.11811525342999821,0.0,0.0,169
Hillston,2011,2010-09-06,pre,14.49467455621302,27.730177514792896,13.242011834319525,0.5264124002721444,0.5266272189349113,0.16568047337278108,169
Hillston,2011,2010-09-14,pre,13.385234899328859,29.702684563758392,16.317449664429535,0.4511760854626011,0.26174496644295303,0.040268456375838924,149
Hillston,2011,2010-09-22,pre,15.829487179487183,33.85705128205128,18.03461538461539,0.4726199265918253,0.41025641025641024,0.08974358974358974,156
Hillston,2011,2010-09-30,pre,16.409493670886075,38.02594936708861,21.616455696202532,0.43543892675887963,0.33544303797468356,0.06329113924050633,158
Hillston,2011,2010-10-08,pre,17.207831325301203,34.422891566265065,17.215060240963854,0.5015946115915697,0.463855421686747,0.06626506024096386,166
Hillston,2011,2010-10-16,pre,15.678443113772456,44.28622754491018,28.60778443113773,0.3561927082665383,0.0718562874251497,0.005988023952095809,167
Hillston,2011,2010-10-24,pre,15.205325443786984,46.96982248520711,31.764497041420118,0.32613989635855184,0.05917159763313609,0.011834319526627219,169
Hillston,2011,2010-11-01,establish,13.376923076923076,48.37337278106509,34.99644970414201,0.27814364063353647,0.023668639053254437,0.0,169
Hillston,2011,2010-11-09,establish,13.890532544378699,43.49289940828403,29.602366863905328,0.32096027597885585,0.04142011834319527,0.0,169
Hillston,2011,2010-11-17,establish,11.394082840236686,63.582840236686394,52.18875739644971,0.1801126455687701,0.0,0.0,169
Hillston,2011,2010-11-25,establish,15.389349112426036,41.58461538461539,26.19526627218935,0.3704802510040504,0.0,0.0,169
Hillston,2011,2010-12-03,flower,12.731360946745564,55.14615384615385,42.41479289940828,0.23124877578078204,0.0,0.0,169
Hillston,2011,2010-12-11,flower,10.26508875739645,65.3224852071006,55.05739644970414,0.15801267786506618,0.005917159763313609,0.005917159763313609,169
Hillston,2011,2010-12-19,flower,9.907692307692308,68.101775147929,58.194082840236696,0.14563826272611372,0.0,0.0,169
Hillston,2011,2010-12-27,flower,4.016568047337278,47.14733727810651,43.13076923076923,0.08543976768676065,0.0,0.0,169
Hillston,2011,2011-01-01,flower,5.83491124260355,67.88284023668639,62.04792899408285,0.08629624830978931,0.0,0.0,169
Hillston,2011,2011-01-09,flower,11.613017751479289,54.2431952662722,42.630177514792905,0.21456444142454884,0.0,0.0,169
Hillston,2011,2011-01-17,flower,7.508284023668639,70.35621301775149,62.847928994082835,0.10711082190355109,0.0,0.0,169
Hillston,2011,2011-01-25,flower,5.008875739644971,75.603550295858,70.59467455621302,0.06677520771037782,0.0,0.0,169
Hillston,2011,2011-02-02,flower,11.668639053254438,49.152071005917165,37.48343195266272,0.2379367607425687,0.0,0.0,169
Hillston,2011,2011-02-10,flower,9.881065088757397,50.63431952662722,40.75325443786983,0.19597225249436287,0.0,0.0,169
Hillston,2011,2011-02-18,flower,8.79467455621302,57.3905325443787,48.59585798816568,0.154295216484465,0.0,0.0,169
Hillston,2011,2011-02-26,flower,7.091715976331362,54.699408284023676,47.60769230769231,0.13056542136971433,0.0,0.0,169
Hillston,2011,2011-03-06,boll,9.421301775147928,50.19881656804734,40.77751479289941,0.18834101824204086,0.0,0.0,169
Hillston,2011,2011-03-14,boll,8.944970414201183,43.06804733727811,34.12307692307692,0.2089188671353533,0.0,0.0,169
Hillston,2011,2011-03-22,boll,9.6301775147929,41.81005917159764,32.17988165680474,0.23129692562217274,0.0,0.0,169
Hillston,2011,2011-03-30,boll,8.332544378698227,38.10295857988166,29.770414201183435,0.22035124029018915,0.0,0.0,169
Hillston,2011,2011-04-07,boll,7.060355029585801,32.724260355029585,25.663905325443793,0.2174643036354544,0.0,0.0,169
Hillston,2011,2011-04-15,boll,6.82603550295858,31.180473372781066,24.354437869822487,0.2205278328199488,0.0,0.0,169
Hillston,2012,2011-09-06,pre,7.459763313609468,29.752662721893497,22.292899408284022,0.2540064984328896,0.011834319526627219,0.0,169
Hillston,2012,2011-09-14,pre,6.507100591715977,46.10532544378699,39.598224852071006,0.14540885567804018,0.0,0.0,169
Hillston,2012,2011-09-22,pre,6.492899408284023,39.26568047337278,32.77278106508876,0.167841347145105,0.0,0.0,169
Hillston,2012,2011-09-30,pre,8.89585798816568,38.182840236686395,29.28698224852071,0.2343782403112879,0.005917159763313609,0.0,169
Hillston,2012,2011-10-08,pre,7.859763313609468,48.81479289940829,40.95502958579882,0.16166051750255728,0.0,0.0,169
Hillston,2012,2011-10-16,pre,4.206508875739645,58.87041420118344,54.66390532544379,0.07185094087047003,0.0,0.0,169
Hillston,2012,2011-10-24,pre,5.87396449704142,52.76627218934911,46.892307692307696,0.11149347583107816,0.0,0.0,169
Hillston,2012,2011-11-01,establish,4.147928994082841,60.723076923076924,56.575147928994085,0.06841434318400955,0.0,0.0,169
Hillston,2012,2011-11-09,establish,4.37396449704142,63.40769230769231,59.033727810650895,0.06915125091365835,0.0,0.0,169
Hillston,2012,2011-11-17,establish,6.092307692307693,49.84970414201184,43.75739644970414,0.12264231210196236,0.0,0.0,169
Hillston,2012,2011-11-25,establish,5.876923076923077,61.79408284023669,55.917159763313606,0.09542191657019919,0.0,0.0,169
Hillston,2012,2011-12-03,flower,3.4337278106508875,66.10532544378698,62.671597633136095,0.052089686685122434,0.0,0.0,169
Hillston,2012,2011-12-11,flower,4.813017751479291,65.92485207100592,61.111834319526636,0.07320720338033904,0.0,0.0,169
Hillston,2012,2011-12-19,flower,4.560355029585799,65.83254437869823,61.27218934911242,0.06960312888468183,0.0,0.0,169
Hillston,2012,2011-12-27,flower,4.0757396449704135,47.36390532544379,43.28816568047338,0.08688561904921065,0.0,0.0,169
Hillston,2012,2012-01-01,flower,4.940236686390532,71.85147928994083,66.91124260355029,0.06975828521980694,0.0,0.0,169
Hillston,2012,2012-01-09,flower,6.88698224852071,69.53609467455621,62.64911242603551,0.10035544682958172,0.005917159763313609,0.0,169
Hillston,2012,2012-01-17,flower,6.4213017751479295,69.68106508875739,63.259763313609476,0.09469108615018047,0.011834319526627219,0.0,169
Hillston,2012,2012-01-25,flower,8.427810650887576,52.47692307692309,44.04911242603551,0.16354518326810108,0.01775147928994083,0.0,169
Hillston,2012,2012-02-02,flower,8.82559523809524,61.287499999999994,52.46190476190476,0.14609566100893367,0.005952380952380952,0.005952380952380952,168
Hillston,2012,2012-02-10,flower,7.266863905325443,67.71597633136095,60.44911242603551,0.11037255288670068,0.011834319526627219,0.0,169
Hillston,2012,2012-02-18,flower,7.300591715976332,59.88402366863906,52.58343195266272,0.12688627206731665,0.029585798816568046,0.0,169
Hillston,2012,2012-02-26,flower,15.104316546762593,30.868345323741014,15.764028776978419,0.4894568783917327,0.15827338129496402,0.014388489208633094,139
Hillston,2012,2012-03-05,boll,10.789349112426036,51.07810650887574,40.28875739644971,0.21365899596976656,0.029585798816568046,0.0,169
Hillston,2012,2012-03-13,boll,12.479289940828401,44.00236686390534,31.523076923076925,0.28538263294819916,0.04142011834319527,0.005917159763313609,169
Hillston,2012,2012-03-21,boll,11.505325443786983,39.533727810650895,28.028402366863908,0.2943126942292956,0.05917159763313609,0.005917159763313609,169
Hillston,2012,2012-03-29,boll,10.7301775147929,43.52189349112427,32.79171597633136,0.2520165013106732,0.04142011834319527,0.011834319526627219,169
Hillston,2012,2012-04-06,boll,9.05207100591716,34.09644970414201,25.04437869822485,0.27054632602823286,0.029585798816568046,0.005917159763313609,169
Hillston,2012,2012-04-14,boll,9.03491124260355,31.53136094674557,22.496449704142012,0.2926796510098073,0.029585798816568046,0.0,169
Hillston,2013,2012-09-05,pre,7.541420118343197,38.10769230769231,30.56627218934911,0.20011333561279065,0.0,0.0,169
Hillston,2013,2012-09-13,pre,7.833136094674558,36.57041420118343,28.737278106508878,0.21629004308921054,0.005917159763313609,0.0,169
Hillston,2013,2012-09-21,pre,6.3076923076923075,43.9923076923077,37.68461538461539,0.14497571882591007,0.0,0.0,169
Hillston,2013,2012-09-29,pre,6.341420118343196,48.928994082840234,42.58757396449705,0.1305584942125583,0.0,0.0,169
Hillston,2013,2012-10-07,pre,6.800591715976332,44.81005917159764,38.009467455621305,0.15214004620489563,0.0,0.0,169
Hillston,2013,2012-10-15,pre,5.785207100591716,54.69704142011834,48.911834319526626,0.10629583940955384,0.0,0.0,169
Hillston,2013,2012-10-23,pre,4.36923076923077,63.44497041420119,59.07573964497041,0.0690882129601994,0.0,0.0,169
Hillston,2013,2012-10-31,pre,5.310059171597634,56.41242603550296,51.102366863905324,0.09435071451367627,0.0,0.0,169
Hillston,2013,2012-11-08,establish,4.4905325443786985,64.70177514792898,60.2112426035503,0.06947034051729367,0.0,0.0,169
Hillston,2013,2012-11-16,establish,4.636686390532544,62.70650887573965,58.0698224852071,0.07401364733778237,0.0,0.0,169
Hillston,2013,2012-11-24,establish,3.990532544378699,62.603550295857985,58.61301775147929,0.0638263512250046,0.0,0.0,169
Hillston,2013,2012-12-02,flower,5.249112426035502,68.36923076923078,63.12011834319527,0.07690938144665356,0.0,0.0,169
Hillston,2013,2012-12-10,flower,4.566272189349113,69.41538461538462,64.8491124260355,0.06618549135531224,0.0,0.0,169
Hillston,2013,2012-12-18,flower,4.548520710059172,77.09585798816569,72.54733727810651,0.05973813724101697,0.0,0.0,169
Hillston,2013,2012-12-26,flower,3.5272189349112426,57.69704142011834,54.169822485207106,0.06240197638357835,0.0,0.0,169
Hillston,2013,2013-01-01,flower,1.6331360946745561,79.9449704142012,78.31183431952662,0.02087328106192762,0.0,0.0,169
Hillston,2013,2013-01-09,flower,3.665680473372781,73.33372781065088,69.66804733727811,0.051390898163551496,0.0,0.0,169
Hillston,2013,2013-01-17,flower,3.0094674556213015,72.79467455621301,69.78520710059172,0.04322631627031136,0.0,0.0,169
Hillston,2013,2013-01-25,flower,4.306508875739646,70.76863905325442,66.46213017751478,0.06226659979489045,0.0,0.0,169
Hillston,2013,2013-02-02,flower,2.824260355029586,73.47100591715977,70.64674556213018,0.04007437726406926,0.0,0.0,169
Hillston,2013,2013-02-10,flower,4.087573964497041,70.99289940828403,66.90532544378698,0.06032323387874966,0.0,0.0,169
Hillston,2013,2013-02-18,flower,4.107692307692308,67.90591715976332,63.798224852071,0.06276749977448269,0.0,0.0,169
Hillston,2013,2013-02-26,flower,5.993491124260355,50.10710059171598,44.113609467455625,0.12171006272033695,0.011834319526627219,0.0,169
Hillston,2013,2013-03-06,boll,5.014792899408284,60.19644970414202,55.181656804733734,0.08594227184208167,0.0,0.0,169
Hillston,2013,2013-03-14,boll,5.284615384615385,49.43846153846154,44.15384615384616,0.10984789725270389,0.0,0.0,169
Hillston,2013,2013-03-22,boll,5.058579881656805,49.47396449704142,44.41538461538462,0.10466580994254869,0.0,0.0,169
Hillston,2013,2013-03-30,boll,6.084615384615384,41.48402366863906,35.39940828402367,0.14877689230569555,0.0,0.0,169
Hillston,2013,2013-04-07,boll,4.463313609467456,45.868047337278114,41.40473372781065,0.1003597372881096,0.0,0.0,169
Hillston,2013,2013-04-15,boll,5.176923076923077,32.5319526627219,27.355029585798817,0.16036438484055543,0.0,0.0,169
Hillston,2014,2013-09-06,pre,10.418343195266273,30.738461538461546,20.32011834319527,0.34435554824384723,0.10059171597633136,0.023668639053254437,169
Hillston,2014,2013-09-14,pre,10.367455621301776,30.68639053254438,20.318934911242607,0.34135745865733214,0.0650887573964497,0.011834319526627219,169
Hillston,2014,2013-09-22,pre,10.993491124260355,48.41479289940828,37.42130177514793,0.23148227053613868,0.029585798816568046,0.0,169
Hillston,2014,2013-09-30,pre,8.55680473372781,45.542603550295865,36.98579881656805,0.18995726461186616,0.0,0.0,169
Hillston,2014,2013-10-08,pre,6.579881656804734,55.088165680473374,48.50828402366865,0.12019605692670209,0.0,0.0,169
Hillston,2014,2013-10-16,pre,4.672781065088758,55.92130177514793,51.248520710059175,0.08404528712650403,0.0,0.0,169
Hillston,2014,2013-10-24,pre,4.433136094674556,58.66686390532545,54.23372781065089,0.07576695034824531,0.0,0.0,169
Hillston,2014,2013-11-01,establish,3.4414201183431956,65.11183431952662,61.67041420118344,0.053078801168869885,0.0,0.0,169
Hillston,2014,2013-11-09,establish,4.820118343195267,58.04556213017752,53.225443786982254,0.08310886247655883,0.0,0.0,169
Hillston,2014,2013-11-17,establish,3.306508875739645,66.23431952662722,62.92781065088758,0.05002291984022876,0.0,0.0,169
Hillston,2014,2013-11-25,establish,2.8751479289940827,71.3621301775148,68.4869822485207,0.040310944656564866,0.0,0.0,169
Hillston,2014,2013-12-03,flower,2.975739644970414,66.53313609467457,63.55739644970414,0.04488494513697013,0.0,0.0,169
Hillston,2014,2013-12-11,flower,2.5142011834319526,75.83491124260357,73.3207100591716,0.03325135424629019,0.0,0.0,169
Hillston,2014,2013-12-19,flower,1.5846153846153848,67.80236686390533,66.21775147928994,0.023637660156302132,0.0,0.0,169
Hillston,2014,2013-12-27,flower,1.5639053254437871,47.68047337278107,46.11656804733728,0.03318209203458052,0.0,0.0,169
Hillston,2014,2014-01-01,flower,3.0236686390532546,69.24792899408286,66.2242603550296,0.04431413716115524,0.0,0.0,169
Hillston,2014,2014-01-09,flower,1.6923076923076923,74.21834319526629,72.52603550295859,0.023265635289518458,0.0,0.0,169
Hillston,2014,2014-01-17,flower,3.045562130177515,72.08047337278107,69.03491124260356,0.04360350119122695,0.0,0.0,169
Hillston,2014,2014-01-25,flower,1.749112426035503,77.0242603550296,75.27514792899409,0.02359186225897163,0.0,0.0,169
Hillston,2014,2014-02-02,flower,1.7917159763313606,76.89704142011834,75.105325443787,0.024324065872609477,0.0,0.0,169
Hillston,2014,2014-02-10,flower,2.419526627218935,64.78461538461538,62.36508875739646,0.0391524930457448,0.0,0.0,169
Hillston,2014,2014-02-18,flower,5.200591715976332,65.90769230769232,60.70710059171598,0.08416718592282052,0.01775147928994083,0.011834319526627219,169
Hillston,2014,2014-02-26,flower,7.757396449704142,50.54319526627219,42.785798816568054,0.157812455657944,0.01775147928994083,0.01775147928994083,169
Hillston,2014,2014-03-06,boll,7.042603550295859,56.86449704142012,49.82189349112426,0.1281611218075576,0.011834319526627219,0.0,169
Hillston,2014,2014-03-14,boll,5.401775147928994,53.947337278106524,48.54556213017752,0.1059451144274324,0.01775147928994083,0.011834319526627219,169
Hillston,2014,2014-03-22,boll,6.341420118343196,41.0603550295858,34.718934911242606,0.16004701797520143,0.023668639053254437,0.005917159763313609,169
Hillston,2014,2014-03-30,boll,6.597633136094674,41.718934911242606,35.12130177514793,0.16128331160077777,0.005917159763313609,0.005917159763313609,169
Hillston,2014,2014-04-07,boll,9.294082840236687,30.964497041420117,21.670414201183434,0.30440251582273703,0.03550295857988166,0.0,169
Hillston,2014,2014-04-15,boll,8.245562130177515,35.14497041420118,26.899408284023668,0.24249914471193296,0.029585798816568046,0.011834319526627219,169
Hillston,2015,2014-09-06,pre,8.65621301775148,35.50887573964497,26.852662721893495,0.24847792233332594,0.04142011834319527,0.01775147928994083,169
Hillston,2015,2014-09-14,pre,7.498224852071006,32.89349112426036,25.39526627218935,0.23085236632408462,0.011834319526627219,0.0,169
Hillston,2015,2014-09-22,pre,8.445562130177516,42.437869822485204,33.9923076923077,0.20197075010572874,0.023668639053254437,0.0,169
Hillston,2015,2014-09-30,pre,7.06508875739645,50.766863905325444,43.701775147929,0.14191211237203968,0.005917159763313609,0.005917159763313609,169
Hillston,2015,2014-10-08,pre,5.671597633136095,51.17692307692309,45.50532544378699,0.1126908181914306,0.0,0.0,169
Hillston,2015,2014-10-16,pre,5.2295857988165695,61.00236686390532,55.77278106508877,0.08766706863342093,0.005917159763313609,0.0,169
Hillston,2015,2014-10-24,pre,4.052071005917161,60.73136094674557,56.6792899408284,0.06763994521726198,0.0,0.0,169
Hillston,2015,2014-11-01,establish,3.1786982248520714,64.73609467455623,61.55739644970414,0.0494493563907117,0.0,0.0,169
Hillston,2015,2014-11-09,establish,2.314201183431953,65.1414201183432,62.82721893491124,0.03575311570356254,0.0,0.0,169
Hillston,2015,2014-11-17,establish,3.103550295857988,66.8662721893491,63.76272189349113,0.046560161423850506,0.0,0.0,169
Hillston,2015,2014-11-25,establish,2.6609467455621303,69.0680473372781,66.40710059171599,0.038741133419920325,0.0,0.0,169
Hillston,2015,2014-12-03,flower,3.545562130177515,63.69822485207101,60.152662721893485,0.05583472140293296,0.0,0.0,169
Hillston,2015,2014-12-11,flower,2.722485207100592,74.501775147929,71.7792899408284,0.03678801504632685,0.0,0.0,169
Hillston,2015,2014-12-19,flower,2.5301775147929,75.51420118343196,72.98402366863905,0.03392636332635237,0.0,0.0,169
Hillston,2015,2014-12-27,flower,1.6029585798816566,48.30710059171599,46.70414201183433,0.03346193836113268,0.0,0.0,169
Hillston,2015,2015-01-01,flower,1.647337278106509,75.45917159763314,73.81183431952662,0.021984827897298186,0.0,0.0,169
Hillston,2015,2015-01-09,flower,8.67337278106509,54.05088757396449,45.37751479289941,0.16104730427236252,0.0,0.0,169
Hillston,2015,2015-01-17,flower,4.641420118343195,70.28579881656805,65.64437869822486,0.0670498289585854,0.0,0.0,169
Hillston,2015,2015-01-25,flower,6.079289940828403,68.0130177514793,61.933727810650886,0.09034480765569308,0.0,0.0,169
Hillston,2015,2015-02-02,flower,3.3982248520710057,74.01183431952664,70.61360946745563,0.04649785878230322,0.0,0.0,169
Hillston,2015,2015-02-10,flower,4.240236686390533,58.7887573964497,54.54852071005918,0.07319538758044497,0.0,0.0,169
Hillston,2015,2015-02-18,flower,4.620118343195266,58.82366863905326,54.203550295857994,0.0796100209048915,0.0,0.0,169
Hillston,2015,2015-02-26,flower,3.685798816568047,66.56272189349114,62.87692307692307,0.05687290426226941,0.0,0.0,169
Hillston,2015,2015-03-06,boll,2.971005917159763,57.896449704142015,54.92544378698226,0.051955639033621444,0.0,0.0,169
Hillston,2015,2015-03-14,boll,2.823668639053254,58.26508875739645,55.441420118343196,0.0498379013664026,0.0,0.0,169
Hillston,2015,2015-03-22,boll,3.2029585798816567,47.24378698224852,44.04082840236686,0.06889703844272321,0.0,0.0,169
Hillston,2015,2015-03-30,boll,3.4573964497041425,43.70295857988166,40.24556213017752,0.08030913649233976,0.0,0.0,169
Hillston,2015,2015-04-07,boll,3.9556213017751487,39.25207100591716,35.29644970414201,0.10154988797982034,0.0,0.0,169
Hillston,2015,2015-04-15,boll,6.025443786982249,25.939644970414204,19.914201183431956,0.2328384627366071,0.0,0.0,169
Hillston,2016,2015-09-06,pre,14.328402366863905,30.474556213017756,16.146153846153847,0.4752594508735921,0.40236686390532544,0.08875739644970414,169
Hillston,2016,2015-09-14,pre,17.837125748502995,34.02095808383233,16.250299401197605,0.5314098553245208,0.4431137724550898,0.2215568862275449,167
Hillston,2016,2015-09-22,pre,15.175739644970413,38.937869822485204,23.762130177514795,0.3964294563129988,0.26627218934911245,0.0650887573964497,169
Hillston,2016,2015-09-30,pre,13.994674556213015,50.33431952662722,36.33964497041421,0.28320671460684377,0.05917159763313609,0.0,169
Hillston,2016,2015-10-08,pre,8.484615384615385,49.00059171597634,40.51597633136095,0.17368093391218908,0.0,0.0,169
Hillston,2016,2015-10-16,pre,7.553254437869822,45.604733727810654,38.05147928994083,0.16590908096898765,0.0,0.0,169
Hillston,2016,2015-10-24,pre,6.234319526627219,56.564497041420125,50.330177514792894,0.1104873847926456,0.0,0.0,169
Hillston,2016,2015-11-01,establish,8.636094674556213,48.59230769230769,39.95621301775148,0.17784822317024582,0.0,0.0,169
Hillston,2016,2015-11-09,establish,8.297633136094676,49.26863905325445,40.971005917159765,0.1686188803958265,0.0,0.0,169
Hillston,2016,2015-11-17,establish,4.7224852071005925,72.31005917159763,67.58757396449704,0.0655559608728914,0.0,0.0,169
Hillston,2016,2015-11-25,establish,4.501775147928995,67.32721893491124,62.82544378698225,0.06723628462755708,0.0,0.0,169
Hillston,2016,2015-12-03,flower,4.128994082840237,66.86686390532545,62.73786982248521,0.06189270797395327,0.0,0.0,169
Hillston,2016,2015-12-11,flower,3.333136094674556,71.47455621301775,68.1414201183432,0.04698337026484055,0.0,0.0,169
Hillston,2016,2015-12-19,flower,4.760946745562131,67.05266272189348,62.29171597633135,0.07149966402186493,0.0,0.0,169
Hillston,2016,2015-12-27,flower,2.6508875739644973,45.514792899408285,42.863905325443795,0.059538594229818075,0.0,0.0,169
Hillston,2016,2016-01-01,flower,5.0266272189349115,61.242011834319534,56.21538461538462,0.08401609041980172,0.011834319526627219,0.0,169
Hillston,2016,2016-01-09,flower,1.9437869822485208,73.53431952662721,71.5905325443787,0.0268758601209138,0.0,0.0,169
Hillston,2016,2016-01-17,flower,6.853254437869824,61.451479289940835,54.598224852071006,0.11285401814694032,0.005917159763313609,0.0,169
Hillston,2016,2016-01-25,flower,5.557988165680473,58.11952662721894,52.56153846153847,0.09692117730199433,0.011834319526627219,0.0,169
Hillston,2016,2016-02-02,flower,6.846153846153846,65.09940828402367,58.25325443786982,0.10597229568635841,0.0,0.0,169
Hillston,2016,2016-02-10,flower,4.354437869822486,65.12426035502959,60.769822485207115,0.06827919543697723,0.0,0.0,169
Hillston,2016,2016-02-26,flower,3.731952662721894,63.514201183431965,59.78224852071006,0.06041398744379801,0.0,0.0,169
Hillston,2016,2016-03-05,boll,2.0579881656804733,61.975739644970425,59.91775147928994,0.03485965048875413,0.0,0.0,169
Hillston,2016,2016-03-13,boll,3.4266272189349114,51.84023668639054,48.41360946745562,0.06799302608911773,0.0,0.0,169
Hillston,2016,2016-03-21,boll,3.379289940828403,51.27810650887574,47.898816568047344,0.06894543176842004,0.0,0.0,169
Hillston,2016,2016-03-29,boll,3.0698224852071,50.90828402366864,47.838461538461544,0.06226153723746433,0.0,0.0,169
Hillston,2016,2016-04-06,boll,3.281656804733728,44.253846153846155,40.97218934911243,0.07585869907622568,0.005917159763313609,0.0,169
Hillston,2016,2016-04-14,boll,4.2053254437869825,34.43727810650887,30.2319526627219,0.12347849771181443,0.0,0.0,169
Hillston,2017,2016-09-05,pre,16.96118421052632,28.600000000000005,11.638815789473686,0.5955148514010128,0.6710526315789473,0.2894736842105263,152
Hillston,2017,2016-09-13,pre,13.84123711340206,26.368041237113406,12.52680412371134,0.5257874054820466,0.6391752577319587,0.020618556701030927,97
Hillston,2017,2016-09-21,pre,16.670121951219514,34.54512195121951,17.875,0.4839502296912559,0.4024390243902439,0.03048780487804878,164
Hillston,2017,2016-09-29,pre,16.51636363636364,37.906060606060606,21.38969696969697,0.43805153347996906,0.3212121212121212,0.024242424242424242,165
Hillston,2017,2016-10-07,pre,16.416363636363638,40.75030303030303,24.333939393939396,0.4047984434310827,0.20606060606060606,0.0,165
Hillston,2017,2016-10-15,pre,14.59526627218935,42.93905325443787,28.343786982248524,0.3423053054036183,0.05917159763313609,0.0,169
Hillston,2017,2016-10-23,pre,13.104733727810656,49.27337278106509,36.16863905325444,0.26833976764643597,0.0,0.0,169
Hillston,2017,2016-10-31,pre,10.040236686390534,60.46982248520711,50.42958579881657,0.16820714335206624,0.0,0.0,169
Hillston,2017,2016-11-08,establish,9.342603550295859,54.35798816568048,45.01538461538462,0.17246104537055215,0.0,0.0,169
Hillston,2017,2016-11-16,establish,6.533727810650888,54.950295857988166,48.41656804733728,0.1193010260622963,0.0,0.0,169
Hillston,2017,2016-11-24,establish,5.959171597633135,67.05562130177516,61.09644970414201,0.08933488670817347,0.0,0.0,169
Hillston,2017,2016-12-02,flower,6.280473372781065,51.99704142011834,45.71656804733728,0.12096802497438809,0.0,0.0,169
Hillston,2017,2016-12-10,flower,7.378698224852071,61.53668639053255,54.15798816568048,0.12000373047483827,0.0,0.0,169
Hillston,2017,2016-12-18,flower,5.047337278106509,74.26094674556212,69.21360946745563,0.06807325385776293,0.0,0.0,169
Hillston,2017,2016-12-26,flower,6.330177514792901,44.789940828402365,38.45976331360947,0.1419932177763229,0.0,0.0,169
Hillston,2017,2017-01-01,flower,6.734319526627218,68.60118343195266,61.866863905325445,0.09855250911759408,0.0,0.0,169
Hillston,2017,2017-01-09,flower,7.24319526627219,63.92130177514793,56.67810650887573,0.11369830135395759,0.0,0.0,169
Hillston,2017,2017-01-17,flower,6.294674556213018,66.83313609467456,60.53846153846154,0.0949897870803128,0.005917159763313609,0.0,169
Hillston,2017,2017-01-25,flower,4.538461538461538,66.94674556213018,62.40828402366864,0.06875919705510404,0.0,0.0,169
Hillston,2017,2017-02-02,flower,5.796449704142012,66.96153846153847,61.16508875739646,0.08744996899673968,0.0,0.0,169
Hillston,2017,2017-02-10,flower,4.152662721893491,68.05798816568047,63.905325443786985,0.062028313057518554,0.0,0.0,169
Hillston,2017,2017-02-18,flower,5.460355029585799,62.611834319526636,57.15147928994083,0.08886705141418438,0.0,0.0,169
Hillston,2017,2017-02-26,flower,6.230769230769231,65.02189349112426,58.79112426035503,0.0983225909487707,0.0,0.0,169
Hillston,2017,2017-03-06,boll,4.5786982248520705,58.36449704142012,53.78579881656804,0.08008465532241293,0.0,0.0,169
Hillston,2017,2017-03-14,boll,5.938461538461538,52.99822485207101,47.05976331360947,0.11396962675779619,0.0,0.0,169
Hillston,2017,2017-03-22,boll,4.813609467455621,53.009467455621305,48.195857988165685,0.0928705787796963,0.0,0.0,169
Hillston,2017,2017-03-30,boll,5.177514792899408,44.049704142011834,38.87218934911243,0.11977506375527076,0.0,0.0,169
Hillston,2017,2017-04-07,boll,4.344970414201184,43.303550295857995,38.95857988165681,0.10242885718437841,0.0,0.0,169
Hillston,2017,2017-04-15,boll,3.8698224852071004,37.650887573964496,33.781065088757394,0.10560359705853382,0.0,0.0,169
Hillston,2018,2017-09-06,pre,6.392307692307694,37.150887573964496,30.75857988165681,0.17350613153021965,0.0,0.0,169
Hillston,2018,2017-09-14,pre,5.481656804733729,42.02840236686391,36.546745562130184,0.13147696782566332,0.0,0.0,169
Hillston,2018,2017-09-22,pre,5.311242603550296,46.32011834319527,41.00887573964497,0.11556065860402755,0.0,0.0,169
Hillston,2018,2017-09-30,pre,5.178698224852071,52.97218934911242,47.79349112426035,0.09841394849233755,0.0,0.0,169
Hillston,2018,2017-10-08,pre,5.757988165680474,49.985207100591715,44.22721893491125,0.11586248693894145,0.0,0.0,169
Hillston,2018,2017-10-16,pre,5.090532544378699,58.895266272189346,53.80473372781065,0.08707149210317236,0.0,0.0,169
Hillston,2018,2017-10-24,pre,5.40828402366864,58.706508875739644,53.298224852071,0.09283380650464736,0.0,0.0,169
Hillston,2018,2017-11-01,establish,5.346745562130178,60.627218934911255,55.280473372781074,0.08872781528911186,0.0,0.0,169
Hillston,2018,2017-11-09,establish,4.366272189349113,63.941420118343196,59.575147928994085,0.06882851741716783,0.0,0.0,169
Hillston,2018,2017-11-17,establish,4.287573964497042,67.7680473372781,63.48047337278107,0.06376958612879141,0.0,0.0,169
Hillston,2018,2017-11-25,establish,7.027218934911243,55.36745562130178,48.34023668639054,0.1272490944493379,0.0,0.0,169
Hillston,2018,2017-12-03,flower,7.021301775147928,66.28757396449704,59.26627218934911,0.10651316756197463,0.0,0.0,169
Hillston,2018,2017-12-11,flower,4.679289940828402,73.96390532544379,69.28461538461539,0.06364241440079012,0.0,0.0,169
Hillston,2018,2017-12-19,flower,4.942011834319527,72.02307692307693,67.0810650887574,0.06941555888105029,0.0,0.0,169
Hillston,2018,2017-12-27,flower,3.8467455621301783,43.71538461538462,39.86863905325444,0.08922645968547616,0.0,0.0,169
Hillston,2018,2018-01-01,flower,4.029585798816568,71.3491124260355,67.31952662721893,0.05732910153538168,0.0,0.0,169
Hillston,2018,2018-01-09,flower,6.16508875739645,71.42130177514794,65.25621301775149,0.08822638373537381,0.005917159763313609,0.005917159763313609,169
Hillston,2018,2018-01-17,flower,2.904733727810651,66.73550295857987,63.83076923076923,0.044900040241189196,0.0,0.0,169
Hillston,2018,2018-01-25,flower,5.640236686390533,63.837869822485196,58.19763313609468,0.09219534383442134,0.023668639053254437,0.0,169
Hillston,2018,2018-02-02,flower,3.4988165680473378,73.70769230769233,70.20887573964497,0.05065577073825244,0.005917159763313609,0.0,169
Hillston,2018,2018-02-10,flower,4.824852071005917,71.0266272189349,66.201775147929,0.07167639369913349,0.011834319526627219,0.0,169
Hillston,2018,2018-02-18,flower,5.195266272189349,64.73846153846154,59.543195266272186,0.08371422172927866,0.005917159763313609,0.0,169
Hillston,2018,2018-02-26,flower,5.330177514792899,63.23431952662722,57.91420118343196,0.0894899571663813,0.011834319526627219,0.011834319526627219,169
Hillston,2018,2018-03-06,boll,5.228994082840237,61.699408284023676,56.47041420118343,0.08995486345031456,0.005917159763313609,0.005917159763313609,169
Hillston,2018,2018-03-14,boll,3.8479289940828414,57.407692307692315,53.55976331360947,0.07099432300386911,0.0,0.0,169
Hillston,2018,2018-03-22,boll,4.381656804733728,48.60532544378699,44.22366863905326,0.09477147443443837,0.0,0.0,169
Hillston,2018,2018-03-30,boll,3.6757396449704145,51.71538461538462,48.03964497041421,0.07417391622998329,0.0,0.0,169
Hillston,2018,2018-04-07,boll,2.6674556213017753,53.44378698224852,50.77633136094675,0.052251288313990334,0.0,0.0,169
Hillston,2018,2018-04-15,boll,3.2633136094674557,43.87810650887574,40.61479289940828,0.07592003178797575,0.0,0.0,169
Hillston,2019,2018-09-06,pre,3.8088757396449706,39.353846153846156,35.54497041420119,0.09820318449698434,0.0,0.0,169
Hillston,2019,2018-09-14,pre,3.1295857988165685,48.372781065088766,45.24319526627219,0.06652377824605478,0.0,0.0,169
Hillston,2019,2018-09-22,pre,3.5360946745562125,49.42781065088757,45.89171597633136,0.07309793838039759,0.0,0.0,169
Hillston,2019,2018-09-30,pre,4.9011834319526635,49.009467455621305,44.108284023668645,0.10166281017014518,0.005917159763313609,0.0,169
Hillston,2019,2018-10-08,pre,5.262721893491125,48.24437869822486,42.98165680473373,0.11051364717319576,0.005917159763313609,0.0,169
Hillston,2019,2018-10-16,pre,5.580473372781066,56.38402366863906,50.80355029585798,0.10033984543121288,0.0,0.0,169
Hillston,2019,2018-10-24,pre,3.90414201183432,63.01597633136095,59.111834319526636,0.06277105875618078,0.0,0.0,169
Hillston,2019,2018-11-01,establish,4.408284023668639,52.48284023668641,48.07455621301775,0.08489376847236288,0.0,0.0,169
Hillston,2019,2018-11-09,establish,5.020710059171598,63.01065088757397,57.989940828402375,0.08013534230657529,0.0,0.0,169
Hillston,2019,2018-11-17,establish,4.607692307692308,60.85917159763314,56.25147928994084,0.07609355836509697,0.0,0.0,169
Hillston,2019,2018-11-25,establish,3.9248520710059167,65.9189349112426,61.994082840236686,0.059815085838353654,0.0,0.0,169
Hillston,2019,2018-12-03,flower,3.685798816568048,68.79526627218935,65.1094674556213,0.0538230575500504,0.0,0.0,169
Hillston,2019,2018-12-11,flower,3.957988165680474,60.72899408284024,56.77100591715976,0.06541455305297515,0.0,0.0,169
Hillston,2019,2018-12-19,flower,2.4508875739644975,74.81360946745562,72.36272189349113,0.03294374842855669,0.0,0.0,169
Hillston,2019,2018-12-27,flower,0.2538461538461539,47.7189349112426,47.46508875739645,0.0053799266394062755,0.0,0.0,169
Hillston,2019,2019-01-01,flower,2.782248520710059,69.27041420118344,66.48816568047337,0.040407079273684116,0.0,0.0,169
Hillston,2019,2019-01-09,flower,0.8544378698224854,79.3076923076923,78.45325443786983,0.01097817590631654,0.0,0.0,169
Hillston,2019,2019-01-17,flower,0.37692307692307697,79.2680473372781,78.89112426035503,0.004807978678734845,0.0,0.0,169
Hillston,2019,2019-01-25,flower,1.5597633136094675,73.17455621301775,71.61479289940829,0.021497688395407638,0.0,0.0,169
Hillston,2019,2019-02-02,flower,2.3000000000000003,66.12544378698226,63.82544378698225,0.035491040848679725,0.0,0.0,169
Hillston,2019,2019-02-10,flower,2.3366863905325443,72.52485207100592,70.18816568047338,0.0328370220175392,0.0,0.0,169
Hillston,2019,2019-02-18,flower,2.681065088757397,69.54911242603549,66.86804733727811,0.03951502410053235,0.0,0.0,169
Hillston,2019,2019-02-26,flower,2.026627218934911,67.59763313609467,65.57100591715978,0.031025082980005877,0.0,0.0,169
Hillston,2019,2019-03-06,boll,2.797633136094675,57.7846153846154,54.98698224852072,0.04955570363039784,0.0,0.0,169
Hillston,2019,2019-03-14,boll,2.4337278106508875,57.857988165680474,55.42426035502959,0.04292693448197232,0.0,0.0,169
Hillston,2019,2019-03-22,boll,3.697041420118343,40.35502958579882,36.65798816568048,0.09281086198277155,0.0,0.0,169
Hillston,2019,2019-03-30,boll,3.514792899408284,45.70828402366865,42.19349112426036,0.07761304541371015,0.0,0.0,169
Hillston,2019,2019-04-07,boll,2.2384615384615385,45.356213017751486,43.11775147928994,0.05038173702949343,0.0,0.0,169
Hillston,2019,2019-04-15,boll,2.930769230769231,41.77337278106509,38.84260355029586,0.07095677946151051,0.0,0.0,169
Hillston,2020,2019-09-06,pre,6.350887573964498,31.29171597633136,24.940828402366865,0.20583380657163666,0.0,0.0,169
Hillston,2020,2019-09-14,pre,5.0568047337278115,40.35857988165681,35.30177514792899,0.1276168410188007,0.0,0.0,169
Hillston,2020,2019-09-22,pre,4.525443786982249,43.37869822485207,38.85325443786983,0.10542387038815285,0.0,0.0,169
Hillston,2020,2019-09-30,pre,4.315384615384616,48.63491124260356,44.319526627218934,0.08955836641245518,0.0,0.0,169
Hillston,2020,2019-10-08,pre,4.240828402366864,49.93195266272189,45.69112426035504,0.0853791840785972,0.0,0.0,169
Hillston,2020,2019-10-16,pre,3.65207100591716,56.95266272189349,53.300591715976324,0.06467743009309943,0.0,0.0,169
Hillston,2020,2019-10-24,pre,2.8331360946745563,63.25798816568047,60.424852071005915,0.045202030711102896,0.0,0.0,169
Hillston,2020,2019-11-01,establish,4.671597633136096,55.84615384615385,51.17455621301775,0.08396812542009303,0.0,0.0,169
Hillston,2020,2019-11-09,establish,3.212426035502959,64.0266272189349,60.814201183431955,0.05028081335033048,0.0,0.0,169
Hillston,2020,2019-11-17,establish,1.4893491124260354,71.66745562130177,70.17810650887574,0.020829341441434043,0.0,0.0,169
Hillston,2020,2019-11-25,establish,2.5224852071005923,70.4431952662722,67.92071005917161,0.03596391805413688,0.0,0.0,169
Hillston,2020,2019-12-03,flower,2.1650887573964495,74.34674556213018,72.18165680473373,0.02922732643783489,0.0,0.0,169
Hillston,2020,2019-12-11,flower,1.7124260355029588,71.85443786982248,70.14201183431953,0.023883901497722716,0.0,0.0,169
Hillston,2020,2019-12-19,flower,0.7213017751479291,75.57751479289942,74.85621301775149,0.009638605264395991,0.0,0.0,169
Hillston,2020,2019-12-27,flower,0.3053254437869823,46.27278106508876,45.967455621301774,0.006626479482891858,0.0,0.0,169
Hillston,2020,2020-01-01,flower,1.1514792899408284,69.78698224852072,68.63550295857988,0.01658610255483312,0.0,0.0,169
Hillston,2020,2020-01-09,flower,1.9562130177514794,67.59585798816569,65.63964497041421,0.029165706620658954,0.0,0.0,169
Hillston,2020,2020-01-17,flower,1.9355029585798817,69.99230769230769,68.05680473372782,0.027709081013876913,0.0,0.0,169
Hillston,2020,2020-01-25,flower,1.0053254437869823,74.14201183431953,73.13668639053256,0.01364955732346244,0.0,0.0,169
Hillston,2020,2020-02-02,flower,4.366272189349113,56.37869822485207,52.01242603550297,0.07757936950363871,0.0,0.0,169
Hillston,2020,2020-02-10,flower,4.327218934911242,63.70946745562131,59.382248520710064,0.06821081477231304,0.0,0.0,169
Hillston,2020,2020-02-18,flower,3.3721893491124257,57.28224852071006,53.91005917159763,0.05949010495591357,0.0,0.0,169
Hillston,2020,2020-02-26,flower,4.375147928994082,51.84023668639053,47.465088757396444,0.08464384659248084,0.0,0.0,169
Hillston,2020,2020-03-05,boll,7.7153846153846155,49.83254437869823,42.117159763313616,0.1553907485147218,0.0,0.0,169
Hillston,2020,2020-03-13,boll,5.6000000000000005,53.08461538461539,47.484615384615395,0.10693523469824759,0.0,0.0,169
Hillston,2020,2020-03-21,boll,6.31242603550296,38.23609467455621,31.923668639053258,0.1662003722540367,0.0,0.0,169
Hillston,2020,2020-03-29,boll,7.785207100591716,34.6171597633136,26.831952662721896,0.22610740667031723,0.0,0.0,169
Hillston,2020,2020-04-06,boll,8.507100591715979,30.56331360946746,22.056213017751478,0.27960445341120277,0.0,0.0,169
Hillston,2020,2020-04-14,boll,7.246153846153845,33.19289940828403,25.946745562130182,0.2213387724230115,0.011834319526627219,0.0,169
Hillston,2021,2020-09-05,pre,12.952071005917164,30.45976331360947,17.50769230769231,0.4285536871195853,0.23076923076923078,0.029585798816568046,169
Hillston,2021,2020-09-13,pre,11.629585798816569,32.67810650887574,21.048520710059172,0.3594202645536601,0.10650887573964497,0.011834319526627219,169
Hillston,2021,2020-09-21,pre,10.466272189349114,32.186982248520714,21.720710059171598,0.3267843526227405,0.07100591715976332,0.0,169
Hillston,2021,2020-09-29,pre,11.105917159763314,42.443786982248525,31.33786982248521,0.2630097264148985,0.0,0.0,169
Hillston,2021,2020-10-07,pre,9.87692307692308,50.07455621301775,40.19763313609468,0.19814428569214895,0.005917159763313609,0.0,169
Hillston,2021,2020-10-15,pre,6.629585798816569,50.12603550295859,43.49644970414202,0.1329087675101271,0.0,0.0,169
Hillston,2021,2020-10-23,pre,9.853614457831325,40.422891566265065,30.56927710843374,0.24419049990289654,0.0,0.0,166
Hillston,2021,2020-10-31,pre,6.462130177514792,54.64911242603551,48.186982248520714,0.1184854088769465,0.0,0.0,169
Hillston,2021,2020-11-08,establish,5.820710059171598,63.739644970414204,57.9189349112426,0.09197204745198512,0.0,0.0,169
Hillston,2021,2020-11-16,establish,4.959171597633137,61.9301775147929,56.971005917159765,0.08035246359015846,0.0,0.0,169
Hillston,2021,2020-11-24,establish,4.189940828402366,71.82366863905325,67.6337278106509,0.0586213286634754,0.0,0.0,169
Hillston,2021,2020-12-02,flower,4.798816568047338,61.484615384615395,56.685798816568045,0.07859550109871404,0.0,0.0,169
Hillston,2021,2020-12-10,flower,4.476331360946745,72.42485207100592,67.94852071005919,0.062273789841416745,0.0,0.0,169
Hillston,2021,2020-12-18,flower,4.179289940828402,65.53136094674556,61.35207100591716,0.0642470248293064,0.0,0.0,169
Hillston,2021,2020-12-26,flower,3.0994082840236685,52.63550295857989,49.536094674556225,0.059404176927079416,0.0,0.0,169
Hillston,2021,2021-01-01,flower,5.541420118343195,60.66508875739646,55.12366863905324,0.09179946403423397,0.0,0.0,169
Hillston,2021,2021-01-09,flower,4.214201183431953,72.66331360946745,68.44911242603551,0.058386148344986795,0.0,0.0,169
Hillston,2021,2021-01-17,flower,2.9467455621301775,71.21775147928994,68.27100591715975,0.04169160319443747,0.0,0.0,169
Hillston,2021,2021-01-25,flower,8.275739644970413,53.23550295857988,44.95976331360947,0.15561025433642306,0.0,0.0,169
Hillston,2021,2021-02-02,flower,7.669230769230769,60.24142011834319,52.57218934911243,0.12764398210851835,0.0,0.0,169
Hillston,2021,2021-02-10,flower,8.958579881656805,59.699408284023676,50.740828402366866,0.15072990930477337,0.0,0.0,169
Hillston,2021,2021-02-18,flower,6.468047337278106,63.43313609467456,56.96508875739645,0.10258431986995194,0.0,0.0,169
Hillston,2021,2021-02-26,flower,5.116568047337278,60.014201183431965,54.897633136094676,0.08598923069835544,0.0,0.0,169
Hillston,2021,2021-03-06,boll,6.304733727810651,50.524852071005924,44.22011834319527,0.12545287131923255,0.0,0.0,169
Hillston,2021,2021-03-14,boll,7.550887573964497,40.249704142011836,32.69881656804734,0.18817813327692562,0.0,0.0,169
Hillston,2021,2021-03-22,boll,8.853254437869824,38.45325443786982,29.600000000000005,0.23045295335831892,0.0,0.0,169
Hillston,2021,2021-03-30,boll,6.389940828402367,47.09704142011835,40.70710059171598,0.13709538028106955,0.0,0.0,169
Hillston,2021,2021-04-07,boll,5.740828402366864,38.440236686390534,32.699408284023676,0.1507614254164635,0.0,0.0,169
Hillston,2021,2021-04-15,boll,5.536094674556214,35.190532544378705,29.654437869822488,0.15875925806249216,0.0,0.0,169
Hillston,2022,2021-09-06,pre,12.419526627218936,32.32662721893492,19.907100591715977,0.3920949566026267,0.1952662721893491,0.0650887573964497,169
Hillston,2022,2021-09-14,pre,11.95207100591716,35.42426035502959,23.4792899408284,0.34379068943250446,0.15976331360946747,0.01775147928994083,169
Hillston,2022,2021-09-22,pre,11.810059171597633,35.622485207100596,23.81242603550296,0.3347995824413615,0.09467455621301775,0.023668639053254437,169
Hillston,2022,2021-09-30,pre,12.53431952662722,40.053254437869825,27.518934911242606,0.3179102298172609,0.10650887573964497,0.023668639053254437,169
Hillston,2022,2021-10-08,pre,11.36863905325444,38.83076923076924,27.462130177514794,0.29548465341291935,0.029585798816568046,0.0,169
Hillston,2022,2021-10-16,pre,11.934319526627219,50.96213017751481,39.027810650887574,0.23550401158408288,0.005917159763313609,0.0,169
Hillston,2022,2021-10-24,pre,9.208284023668641,57.53550295857988,48.327218934911244,0.161257915282582,0.0,0.0,169
Hillston,2022,2021-11-01,establish,8.87692307692308,48.68875739644971,39.81183431952663,0.1825787946097666,0.0,0.0,169
Hillston,2022,2021-11-09,establish,8.496449704142012,47.29704142011834,38.80059171597633,0.17984927799535846,0.0,0.0,169
Hillston,2022,2021-11-17,establish,11.849704142011836,44.498816568047346,32.6491124260355,0.26653438921333394,0.0,0.0,169
Hillston,2022,2021-11-25,establish,14.153846153846153,52.39230769230771,38.23846153846154,0.27025099750236253,0.0,0.0,169
Hillston,2022,2021-12-03,flower,9.728402366863907,56.318934911242614,46.5905325443787,0.17279373454616428,0.0,0.0,169
Hillston,2022,2021-12-11,flower,8.282840236686392,66.65266272189349,58.3698224852071,0.12466302366362839,0.005917159763313609,0.0,169
Hillston,2022,2021-12-19,flower,8.63905325443787,70.67928994082841,62.04023668639053,0.12314147508896899,0.011834319526627219,0.0,169
Hillston,2022,2021-12-27,flower,4.5035502958579885,45.11065088757397,40.60710059171598,0.1001709077099038,0.0,0.0,169
Hillston,2022,2022-01-01,flower,6.089940828402368,69.20118343195266,63.111242603550316,0.08827363580446058,0.0,0.0,169
Hillston,2022,2022-01-09,flower,9.20532544378698,68.89289940828404,59.68757396449705,0.1341519381340655,0.0,0.0,169
Hillston,2022,2022-01-17,flower,9.55621301775148,59.761538461538464,50.20532544378699,0.16019117810778752,0.0,0.0,169
Hillston,2022,2022-01-25,flower,13.857988165680473,53.20414201183432,39.34615384615385,0.2611054654541754,0.0,0.0,169
Hillston,2022,2022-02-02,flower,9.375147928994084,62.08224852071007,52.70710059171598,0.15179672948260814,0.0,0.0,169
Hillston,2022,2022-02-10,flower,7.4213017751479295,66.19349112426036,58.77218934911242,0.11264752132450484,0.0,0.0,169
Hillston,2022,2022-02-18,flower,6.971005917159763,58.602366863905324,51.631360946745566,0.11950272450505067,0.0,0.0,169
Hillston,2022,2022-02-26,flower,8.601775147928993,46.27455621301775,37.67278106508876,0.18660642441035946,0.0,0.0,169
Hillston,2022,2022-03-06,boll,7.148520710059173,49.346153846153854,42.19763313609467,0.14558042542835506,0.0,0.0,169
Hillston,2022,2022-03-14,boll,6.273964497041421,45.002958579881664,38.72899408284024,0.14051698855925274,0.0,0.0,169
Hillston,2022,2022-03-22,boll,6.4171597633136095,42.727810650887584,36.31065088757396,0.15134136497682088,0.0,0.0,169
Hillston,2022,2022-03-30,boll,5.426627218934912,43.098224852071006,37.671597633136095,0.12694230095888,0.0,0.0,169
Hillston,2022,2022-04-07,boll,8.052662721893492,32.247337278106514,24.19467455621302,0.250309670436864,0.0,0.0,169
Hillston,2022,2022-04-15,boll,6.213609467455622,33.49644970414201,27.282840236686393,0.18707989296212368,0.0,0.0,169
Hillston,2023,2022-09-06,pre,11.115384615384619,19.966272189349112,8.850887573964497,0.5577438934774464,0.8757396449704142,0.023668639053254437,169
Hillston,2023,2022-09-14,pre,12.518674698795182,28.602409638554217,16.08373493975904,0.4389897500436941,0.1746987951807229,0.0,166
Hillston,2023,2022-09-22,pre,15.29878787878788,32.89757575757576,17.59878787878788,0.46570458554407096,0.21212121212121213,0.0,165
Hillston,2023,2022-09-30,pre,15.319526627218934,33.556804733727816,18.237278106508878,0.45757649348818885,0.1952662721893491,0.005917159763313609,169
Hillston,2023,2022-10-08,pre,15.037869822485204,36.0319526627219,20.994082840236686,0.4185233731573815,0.15976331360946747,0.0,169
Hillston,2023,2022-10-24,pre,17.57260273972603,45.824657534246576,28.252054794520557,0.3840933829968156,0.00684931506849315,0.0,146
Hillston,2023,2022-11-01,establish,14.201183431952662,42.803550295857995,28.602366863905328,0.3325124286745468,0.0,0.0,169
Hillston,2023,2022-11-09,establish,16.80591715976331,43.6792899408284,26.87337278106509,0.3851441893325189,0.0,0.0,169
Hillston,2023,2022-11-17,establish,12.620710059171598,54.809467455621295,42.1887573964497,0.23109990115768217,0.0,0.0,169
Hillston,2023,2022-11-25,establish,11.070552147239264,59.328834355828235,48.25828220858896,0.18810135730872718,0.0,0.0,163
Hillston,2023,2022-12-03,flower,6.662130177514793,63.31715976331361,56.65502958579882,0.10663169749640192,0.0,0.0,169
Hillston,2023,2022-12-11,flower,7.975301204819278,66.00421686746988,58.0289156626506,0.12191244689965161,0.0,0.0,166
Hillston,2023,2022-12-19,flower,6.576923076923077,70.9,64.32307692307693,0.09411506413405261,0.0,0.0,169
Hillston,2023,2022-12-27,flower,4.131325301204819,39.96686746987952,35.835542168674706,0.10399956419189588,0.0,0.0,166
Hillston,2023,2023-01-01,flower,6.5791666666666675,71.41071428571429,64.83154761904763,0.0926968247562372,0.0,0.0,168
Hillston,2023,2023-01-09,flower,4.033136094674556,76.59822485207101,72.56508875739645,0.05308519611744673,0.0,0.0,169
Hillston,2023,2023-01-17,flower,6.8248520710059175,60.585798816568044,53.76094674556212,0.11304852926991064,0.0,0.0,169
Hillston,2023,2023-01-25,flower,8.310650887573965,63.22426035502959,54.91360946745562,0.1321566308573943,0.0,0.0,169
Hillston,2023,2023-02-02,flower,7.868639053254439,65.53846153846153,57.669822485207106,0.12064917935219792,0.0,0.0,169
Hillston,2023,2023-02-10,flower,6.865088757396449,70.63609467455622,63.77100591715976,0.09846519409127667,0.0,0.0,169
Hillston,2023,2023-02-18,flower,6.6550295857988155,67.46272189349114,60.80769230769231,0.1006864204621739,0.0,0.0,169
Hillston,2023,2023-02-26,flower,6.196449704142012,61.32603550295858,55.12958579881658,0.10310673911050892,0.0,0.0,169
Hillston,2023,2023-03-06,boll,6.575739644970415,55.02307692307692,48.44733727810651,0.12155671594284519,0.0,0.0,169
Hillston,2023,2023-03-14,boll,4.697633136094675,56.146745562130185,51.44911242603551,0.08548288688726849,0.0,0.0,169
Hillston,2023,2023-03-22,boll,7.590532544378699,35.43431952662722,27.843786982248524,0.21680767228466302,0.0,0.0,169
Hillston,2023,2023-03-30,boll,6.889940828402367,41.26745562130178,34.37751479289941,0.16896227008197082,0.0,0.0,169
Hillston,2023,2023-04-07,boll,7.804733727810651,34.78816568047337,26.983431952662727,0.22609136159257584,0.0,0.0,169
Hillston,2023,2023-04-15,boll,6.930177514792899,31.801183431952662,24.871005917159763,0.220781328185292,0.0,0.0,169
Hillston,2024,2023-09-06,pre,11.292307692307693,32.78698224852071,21.49467455621302,0.3523963000252726,0.20118343195266272,0.04142011834319527,169
Hillston,2024,2023-09-14,pre,11.850295857988167,46.0887573964497,34.23846153846154,0.26821607852914386,0.11834319526627218,0.03550295857988166,169
Hillston,2024,2023-09-22,pre,11.073372781065089,47.76863905325444,36.69526627218935,0.2394703712541639,0.07692307692307693,0.011834319526627219,169
Hillston,2024,2023-09-30,pre,9.06121212121212,40.263636363636365,31.202424242424247,0.22812649779532543,0.030303030303030304,0.0,165
Hillston,2024,2023-10-08,pre,11.020118343195266,47.85207100591717,36.831952662721896,0.23383549298412093,0.05917159763313609,0.005917159763313609,169
Hillston,2024,2023-10-16,pre,7.830769230769231,56.15917159763315,48.32840236686392,0.1416960183136176,0.0,0.0,169
Hillston,2024,2023-10-24,pre,5.985798816568047,55.03727810650888,49.05147928994083,0.10967096058003548,0.0,0.0,169
Hillston,2024,2023-11-01,establish,5.23905325443787,64.0112426035503,58.77218934911242,0.082330007629478,0.0,0.0,169
Hillston,2024,2023-11-09,establish,4.70473372781065,63.71360946745563,59.00887573964497,0.07408400871680364,0.0,0.0,169
Hillston,2024,2023-11-17,establish,4.352694610778443,55.003592814371274,50.65089820359282,0.07920286160255291,0.0,0.0,167
Hillston,2024,2023-11-25,establish,5.64319526627219,57.90828402366864,52.265088757396455,0.09740071851189688,0.0,0.0,169
Hillston,2024,2023-12-03,flower,3.473372781065089,73.16923076923077,69.69585798816568,0.0476585562727894,0.0,0.0,169
Hillston,2024,2023-12-11,flower,4.50414201183432,72.55857988165681,68.0544378698225,0.06233767511118354,0.0,0.0,169
Hillston,2024,2023-12-19,flower,4.99585798816568,62.769822485207115,57.773964497041426,0.07984066820302668,0.0,0.0,169
Hillston,2024,2023-12-27,flower,4.321893491124261,43.547928994082845,39.22603550295858,0.09956416565896557,0.0,0.0,169
Hillston,2024,2024-01-01,flower,12.152662721893492,50.74615384615384,38.59349112426036,0.2400831132659578,0.0,0.0,169
Hillston,2024,2024-01-09,flower,8.707100591715976,67.4396449704142,58.73254437869822,0.12928673596843177,0.0,0.0,169
Hillston,2024,2024-01-17,flower,11.450295857988166,63.76923076923077,52.318934911242614,0.1800057271902181,0.0,0.0,169
Hillston,2024,2024-01-25,flower,7.5455621301775135,68.84497041420119,61.29940828402366,0.10959712133919744,0.0,0.0,169
Hillston,2024,2024-02-02,flower,9.67278106508876,57.98402366863905,48.31124260355029,0.16726319103273773,0.0,0.0,169
Hillston,2024,2024-02-10,flower,7.1000000000000005,71.39467455621302,64.29467455621302,0.10003039368763707,0.0,0.0,169
Hillston,2024,2024-02-18,flower,6.018343195266273,65.99171597633136,59.97337278106509,0.09220653211659943,0.0,0.0,169
Hillston,2024,2024-02-26,flower,4.126627218934912,61.17751479289941,57.05088757396449,0.06861203912024687,0.0,0.0,169
Hillston,2024,2024-03-05,boll,3.7964497041420127,62.391124260355035,58.59467455621303,0.06174084505779795,0.0,0.0,169
Hillston,2024,2024-03-13,boll,3.847337278106509,53.10710059171597,49.259763313609476,0.07335010796439691,0.0,0.0,169
Hillston,2024,2024-03-21,boll,4.120710059171597,51.97869822485207,47.857988165680474,0.08069364786055154,0.0,0.0,169
Hillston,2024,2024-03-29,boll,4.630769230769231,39.210059171597635,34.5792899408284,0.11948967422968897,0.0,0.0,169
Hillston,2024,2024-04-06,boll,6.946745562130178,35.17573964497041,28.22899408284024,0.1982475171688012,0.0,0.0,169
Hillston,2024,2024-04-14,boll,6.092307692307693,34.866863905325445,28.774556213017753,0.17669429549921264,0.0,0.0,169
Hillston,2025,2024-09-05,pre,14.618589743589743,31.95576923076923,17.34102564102564,0.46508747077129753,0.4230769230769231,0.07692307692307693,156
Hillston,2025,2024-09-13,pre,13.122981366459628,32.84968944099379,19.726708074534162,0.403816878845583,0.2236024844720497,0.06832298136645963,161
Hillston,2025,2024-09-21,pre,12.287654320987656,33.298148148148144,21.010493827160495,0.3732689513166127,0.19135802469135801,0.006172839506172839,162
Hillston,2025,2024-09-29,pre,14.182840236686388,40.019526627218944,25.83668639053254,0.3579914029215767,0.13609467455621302,0.01775147928994083,169
Hillston,2025,2024-10-07,pre,13.263313609467456,47.92426035502959,34.66094674556213,0.2814175891557654,0.09467455621301775,0.0,169
Hillston,2025,2024-10-15,pre,11.55988023952096,45.040119760479044,33.48023952095809,0.25821918532637406,0.017964071856287425,0.005988023952095809,167
Hillston,2025,2024-10-23,pre,9.147337278106509,55.32189349112427,46.17455621301775,0.16701544939688992,0.011834319526627219,0.0,169
Hillston,2025,2024-10-31,pre,6.589349112426035,53.98284023668641,47.39349112426036,0.12251310825060531,0.0,0.0,169
Hillston,2025,2024-11-08,establish,6.275147928994083,57.45443786982248,51.1792899408284,0.10948744488372088,0.0,0.0,169
Hillston,2025,2024-11-16,establish,5.2284023668639055,67.30059171597632,62.07218934911243,0.07762788758899282,0.0,0.0,169
Hillston,2025,2024-11-24,establish,9.26449704142012,48.17396449704142,38.909467455621304,0.19249613881310393,0.0,0.0,169
Hillston,2025,2024-12-02,flower,8.899408284023668,67.99763313609468,59.098224852071006,0.13109523621756666,0.0,0.0,169
Hillston,2025,2024-12-10,flower,6.28698224852071,74.99171597633136,68.70473372781066,0.08400883437081083,0.0,0.0,169
Hillston,2025,2024-12-18,flower,5.817751479289941,74.28994082840237,68.47218934911243,0.07869491751838345,0.0,0.0,169
Hillston,2025,2024-12-26,flower,3.579289940828403,57.23609467455622,53.65680473372781,0.06278479224223937,0.0,0.0,169
Hillston,2025,2025-01-01,flower,4.0396449704142015,68.78224852071007,64.74260355029585,0.05901582973601441,0.0,0.0,169
Hillston,2025,2025-01-09,flower,4.51715976331361,67.9059171597633,63.388757396449705,0.06716787748413212,0.0,0.0,169
Hillston,2025,2025-01-17,flower,3.1538461538461537,71.25325443786983,68.09940828402368,0.04452938213022989,0.0,0.0,169
Hillston,2025,2025-01-25,flower,3.191715976331361,73.37810650887575,70.18639053254438,0.04396877844956922,0.0,0.0,169
Hillston,2025,2025-02-02,flower,2.1183431952662723,73.61183431952664,71.49349112426036,0.029184855197980017,0.0,0.0,169
Hillston,2025,2025-02-10,flower,4.849704142011834,63.152071005917165,58.30236686390533,0.07773809662218666,0.0,0.0,169
Hillston,2025,2025-02-18,flower,3.8615384615384616,65.27751479289941,61.415976331360945,0.0600021405109048,0.0,0.0,169
Hillston,2025,2025-02-26,flower,3.63491124260355,61.686982248520714,58.052071005917156,0.05980150264187378,0.0,0.0,169
Hillston,2025,2025-03-06,boll,5.895266272189349,56.72366863905326,50.828402366863905,0.10462060070539288,0.0,0.0,169
Hillston,2025,2025-03-14,boll,3.553846153846154,56.05976331360947,52.505917159763314,0.06441081220945567,0.0,0.0,169
Hillston,2025,2025-03-22,boll,5.224260355029586,44.52130177514793,39.29704142011835,0.11961511399540245,0.0,0.0,169
Hillston,2025,2025-03-30,boll,4.470414201183432,46.74023668639053,42.2698224852071,0.09786825689227135,0.0,0.0,169
Hillston,2025,2025-04-07,boll,3.6650887573964503,47.95088757396449,44.28579881656804,0.07879576996399619,0.0,0.0,169
Hillston,2025,2025-04-15,boll,4.382840236686391,41.294674556213025,36.911834319526626,0.10875726474301772,0.0,0.0,169
