precip_wet_prior,heat_days_35_off,edd_35_off,tmax_off_peak,precip_off,upstream_wet_precip,year,oni_season,oni_djf,dam_recharge_proxy,yield_kg_ha,label_source
902.685,41.7,140.3358,36.74931186440678,112.46019999999999,1018.9314999999999,1985,-0.9019999999999999,-1.04,0.6776592654583609,2060.8,faostat_thailand_national_yield
1014.724,38.24000000000001,130.8148,35.79125762711865,154.62959999999998,1075.0635,1986,-0.388,-0.49,0.6971491987925537,2052.2,faostat_thailand_national_yield
969.7661999999999,34.02,108.26920000000001,35.76255593220339,115.56960000000001,904.5049999999999,1987,1.1439999999999997,1.23,0.40808329499300944,2014.7,faostat_thailand_national_yield
881.2114000000001,40.68,152.90260000000004,36.692186666666665,256.1744,988.295,1988,1.038,0.81,0.4884556341704001,2146.5,faostat_thailand_national_yield
1212.4997999999998,30.639999999999997,80.9726,34.962257627118646,88.1238,1193.6404999999997,1989,-1.65,-1.69,0.7345336589975568,2085.3,faostat_thailand_national_yield
949.5118,39.14,118.50140000000002,36.30719322033899,99.98179999999999,977.184,1990,-0.015999999999999997,0.14,0.6230996443097351,1955.6,faostat_thailand_national_yield
1067.4288,42.339999999999996,144.21320000000003,36.84217288135593,118.29620000000001,1075.9454999999998,1991,0.366,0.41,0.588810339549411,2217.0,faostat_thailand_national_yield
919.1522,38.540000000000006,120.71579999999999,35.462853333333335,72.7034,997.9304999999999,1992,1.374,1.71,0.37866582664188353,2190.8,faostat_thailand_national_yield
976.3666,28.36,79.6792,34.83270847457627,133.65900000000002,984.4229999999999,1993,-0.05400000000000001,0.09,0.6391733022847522,2208.4,faostat_thailand_national_yield
827.4884000000002,36.54,99.43620000000001,35.44088474576271,158.6322,786.4435,1994,0.066,0.06,0.5673304219034917,2292.9,faostat_thailand_national_yield
1115.6698,34.260000000000005,117.3874,35.43534237288135,58.5256,1255.8125,1995,0.9039999999999999,0.96,0.5253163420616948,2337.1,faostat_thailand_national_yield
1219.444,29.999999999999996,100.85740000000001,34.42108999999999,194.4462,1223.6484999999998,1996,-0.9199999999999999,-0.9,0.7432389631768614,2399.6,faostat_thailand_national_yield
1171.6286,31.740000000000002,75.1464,34.94834915254238,190.43200000000002,1139.066,1997,-0.44000000000000006,-0.5,0.7179381452155305,2382.7,faostat_thailand_national_yield
889.9458000000001,45.239999999999995,170.94819999999996,37.367294915254234,89.5864,972.0500000000001,1998,2.258,2.24,0.3288960857814217,2436.5,faostat_thailand_national_yield
1024.3922000000002,37.8,101.63500000000002,35.726569491525424,288.0872,879.8875,1999,-1.45,-1.55,0.6238069279084679,2389.1,faostat_thailand_national_yield
1116.6779999999999,24.14,60.0458,33.968943333333335,237.478,1175.137,2000,-1.488,-1.66,0.7290193269428138,2567.5,faostat_thailand_national_yield
1087.2436,23.32,60.3218,33.7106406779661,148.9594,1174.9509999999998,2001,-0.664,-0.68,0.7289633184830404,2796.3,faostat_thailand_national_yield
1031.935,36.34,91.8032,35.453803389830504,125.87459999999999,1167.4119999999998,2002,-0.21399999999999997,-0.15,0.7266833988155307,2904.1,faostat_thailand_national_yield
1087.7472,22.2,54.309400000000004,33.645610169491526,246.78199999999998,1200.802,2003,1.042,0.92,0.5209601496432165,2935.4,faostat_thailand_national_yield
1004.396,35.22,110.99320000000002,35.45488999999999,96.891,953.8644999999999,2004,0.33399999999999996,0.37,0.5602160522041946,2907.3,faostat_thailand_national_yield
971.5016,38.36,125.3016,36.35292203389831,141.0782,1128.778,2005,0.648,0.64,0.5548877063965609,2964.9,faostat_thailand_national_yield
1066.1276,36.72,87.88799999999999,35.4147186440678,232.21599999999998,1070.859,2006,-0.6639999999999999,-0.85,0.6957310708682596,2952.8,faostat_thailand_national_yield
1197.6742000000002,33.26,118.44200000000002,35.6036,106.8862,1388.7854999999997,2007,0.7060000000000001,0.66,0.6062308267998843,2978.6,faostat_thailand_national_yield
1065.6466,31.820000000000004,74.06899999999999,34.65924666666667,172.41359999999997,1141.618,2008,-1.52,-1.64,0.7187368144043139,3014.9,faostat_thailand_national_yield
1138.1946,30.28,71.8292,34.827271186440676,197.78900000000004,1100.4069999999997,2009,-0.654,-0.85,0.705558354856898,2974.3,faostat_thailand_national_yield
1114.083,38.38,129.5322,36.462284745762716,69.86619999999999,1150.774,2010,1.3299999999999998,1.5,0.4307962345495355,2908.9,faostat_thailand_national_yield
1220.7597999999998,14.26,17.9074,31.72419661016949,272.469,1162.1004999999998,2011,-1.4340000000000002,-1.31,0.7250656062000934,3101.3,faostat_thailand_national_yield
1272.5344,29.74,84.87700000000001,34.66936333333334,109.00820000000002,1459.8705,2012,-0.8380000000000001,-0.72,0.8025121732665677,3214.4,faostat_thailand_national_yield
1111.8178,37.64,116.298,35.96166440677966,150.2342,1142.7624999999998,2013,-0.048,-0.29,0.7190942600979398,3193.1,faostat_thailand_national_yield
1122.3136,35.46000000000001,87.4606,35.37375254237288,143.60739999999998,1120.1164999999999,2014,-0.196,-0.28,0.7119363709044053,3071.4,faostat_thailand_national_yield
906.1761999999999,36.46,87.2002,35.34189830508475,210.6352,975.2839999999999,2015,0.6639999999999999,0.69,0.5048770413497798,2918.9,faostat_thailand_national_yield
797.9348,34.98,118.57140000000001,35.68286666666667,127.24359999999999,740.3774999999998,2016,2.554,2.63,0.256803427392818,2874.9,faostat_thailand_national_yield
1144.7354,31.34,73.78679999999999,34.88848474576271,202.3242,1154.344,2017,-0.38,-0.19,0.7226858900857376,3017.2,faostat_thailand_national_yield
1476.4788,19.46,36.2138,33.01609152542373,248.74659999999997,1430.129,2018,-0.742,-0.77,0.7958769380618815,3061.4,faostat_thailand_national_yield
978.2198000000001,41.86,139.17800000000003,36.80337966101695,103.7312,1028.2704999999999,2019,0.89,0.89,0.486245479208008,3001.9,faostat_thailand_national_yield
954.9344,43.46,148.3156,36.79038333333333,103.581,1008.3155,2020,0.58,0.64,0.5231634817747225,2876.2,faostat_thailand_national_yield
1192.9360000000001,33.440000000000005,79.9932,35.308891525423725,263.8594,1088.6879999999999,2021,-1.02,-0.91,0.7016993275928296,2927.5,faostat_thailand_national_yield
1316.5867999999998,14.5,22.863800000000005,32.10904406779661,287.689,1398.4764999999998,2022,-0.8300000000000001,-0.82,0.7885703114853007,2978.1,faostat_thailand_national_yield
1430.256,22.58,58.041000000000004,33.713338983050846,116.474,1369.8609999999999,2023,-0.666,-0.54,0.7817398933757262,2985.4,faostat_thailand_national_yield
1109.3190000000002,41.26,141.087,36.36380333333334,97.5498,1234.834,2024,1.8840000000000003,1.92,0.40043472463857765,2982.7,faostat_thailand_national_yield
1265.466,36.68000000000001,108.20740000000002,35.60034237288136,156.74960000000002,1285.1429999999998,2025,-0.32399999999999995,-0.45,0.7601967939192187,,
1292.7396,32.86,91.94240000000002,34.74877627118644,204.95440000000002,1420.0555,2026,-0.42200000000000004,-0.37,0.7935794000600597,,
