year,value
1982,285000.0
1983,215000.0
1984,307000.0
1985,329000.0
1986,313000.0
1987,333000.0
1988,375000.0
1989,322000.0
1990,378000.0
1991,405000.0
1992,408000.0
1993,430000.0
1994,455000.0
1995,578000.0
1996,516000.0
1997,442000.0
1998,475000.0
1999,561000.0
2000,530000.0
2001,605000.0
2002,540000.0
2003,510000.0
2004,540000.0
2005,545000.0
2006,560000.0
2007,385000.0
2008,286000.0
2009,248000.0
2010,338000.0
2011,443000.0
2012,378000.0
2013,359000.0
2014,348000.0
2015,307000.0
2016,343000.0
2017,430000.0
2018,494000.0
2019,532000.0
2020,446000.0
2021,401000.0
2022,430000.0
2023,374000.0
2024,396000.0
2025,285000.0
