date,ndvi,n_pixels
2000-05-08,0.7392241618764708,25921
2000-05-24,0.7529831179352648,25921
2000-06-09,0.7593167431812045,25921
2000-06-25,0.8032436287180279,25921
2000-07-11,0.7698983102503761,25921
2000-07-27,0.8259492959376566,25921
2000-08-12,0.7794568187955712,25921
2000-08-28,0.7706473284209714,25921
2000-09-13,0.6906181976004013,25921
2000-09-29,0.6626683962810077,25921
2001-05-09,0.7711605725087767,25921
2001-05-25,0.7807654720111108,25921
2001-06-10,0.7642512788858455,25921
2001-06-26,0.7451153427722695,25921
2001-07-12,0.7714863469773543,25921
2001-07-28,0.7785251031981791,25921
2001-08-13,0.7433214227846148,25921
2001-08-29,0.7334853516453841,25921
2001-09-14,0.7232162185100883,25921
2001-09-30,0.6729093939277034,25921
2002-05-09,0.7996098221519232,25921
2002-05-25,0.7851162918097296,25921
2002-06-10,0.7690227768990394,25921
2002-06-26,0.7280334902202847,25921
2002-07-12,0.7453612669264303,25921
2002-07-28,0.6942115813433124,25921
2002-08-13,0.7187445276031017,25921
2002-08-29,0.686895073492535,25921
2002-09-14,0.6770339493075113,25921
2002-09-30,0.6462875081979862,25921
2003-05-09,0.7791641178966862,25921
2003-05-25,0.7829603448941014,25921
2003-06-10,0.7507190038964546,25921
2003-06-26,0.7660228617723082,25921
2003-07-12,0.7518292311253424,25921
2003-07-28,0.6929169206434938,25921
2003-08-13,0.5788843215925312,25921
2003-08-29,0.6567078469194861,25921
2003-09-14,0.7389530457929864,25921
2003-09-30,0.749494521816288,25921
2004-05-08,0.8072883530727982,25921
2004-05-24,0.803555032599051,25921
2004-06-09,0.7803984066972725,25921
2004-06-25,0.7302098182940473,25921
2004-07-11,0.7840348559083369,25921
2004-07-27,0.8097033833571237,25921
2004-08-12,0.7873850507310675,25921
2004-08-28,0.7963712433933876,25921
2004-09-13,0.7514348867713437,25921
2004-09-29,0.6963397168319124,25921
2005-05-09,0.7531144168820648,25921
2005-05-25,0.7427063076270206,25921
2005-06-10,0.757177608888546,25921
2005-06-26,0.703173500250762,25921
2005-07-12,0.5884240075614368,25921
2005-07-28,0.5544921376490104,25921
2005-08-13,0.6608412985610123,25921
2005-08-29,0.7463706068438718,25921
2005-09-14,0.7924789167084604,25921
2005-09-30,0.7738091393078972,25921
2006-05-09,0.7878568689479573,25921
2006-05-25,0.7829597816442267,25921
2006-06-10,0.746765201959801,25921
2006-06-26,0.7072155202345589,25921
2006-07-12,0.7085066278307164,25921
2006-07-28,0.625335326569191,25921
2006-08-13,0.6017132132247984,25921
2006-08-29,0.692305007522858,25921
2006-09-14,0.691484194282628,25921
2006-09-30,0.5967533312757995,25921
2007-05-09,0.7794924617105822,25921
2007-05-25,0.7613017784807685,25921
2007-06-10,0.7596193935419159,25921
2007-06-26,0.7844219204506,25921
2007-07-12,0.7736051464063887,25921
2007-07-28,0.6705449442536939,25921
2007-08-13,0.6706825431117627,25921
2007-08-29,0.6934423247559894,25921
2007-09-14,0.6971121407353111,25921
2007-09-30,0.7139585741290846,25921
2008-05-08,0.7497379190617646,25921
2008-05-24,0.786915281046256,25921
2008-06-09,0.7794149955634428,25921
2008-06-25,0.7557194128312951,25921
2008-07-11,0.7667409667836889,25921
2008-07-27,0.7927282898036342,25921
2008-08-12,0.7926384938852669,25921
2008-08-28,0.7850147448015123,25921
2008-09-13,0.786788542108715,25921
2008-09-29,0.7127199722232939,25921
2009-05-09,0.7687140195208518,25921
2009-05-25,0.8083664596273292,25921
2009-06-10,0.7920909764283786,25921
2009-06-26,0.7689618996180704,25921
2009-07-12,0.8090242274603604,25921
2009-07-28,0.8145965934956214,25921
2009-08-13,0.7880315805717373,25921
2009-08-29,0.7523439797847306,25921
2009-09-14,0.7419028393966283,25921
2009-09-30,0.7046881756105089,25921
2010-05-09,0.7787879711430886,25921
2010-05-25,0.7613251147718066,25921
2010-06-10,0.7778284749816752,25921
2010-06-26,0.7530822229080668,25921
2010-07-12,0.8029481231433973,25921
2010-07-28,0.8012579800162031,25921
2010-08-13,0.7719653987114694,25921
2010-08-29,0.7671734848192586,25921
2010-09-14,0.7458734308089966,25921
2010-09-30,0.7032201496855832,25921
2011-05-09,0.7824293661509973,25921
2011-05-25,0.7621148103854019,25921
2011-06-10,0.756046549130049,25921
2011-06-26,0.7517513637591143,25921
2011-07-12,0.7503418733845145,25921
2011-07-28,0.7409507310674742,25921
2011-08-13,0.8072032984838549,25921
2011-08-29,0.7893664171906949,25921
2011-09-14,0.73849520851819,25921
2011-09-30,0.6254732996412176,25921
2012-05-08,0.7781452027313762,25921
2012-05-24,0.7028235986265963,25921
2012-06-09,0.6792684811542765,25921
2012-06-25,0.610606716561861,25921
2012-07-11,0.5788131592145366,25921
2012-07-27,0.5618148952586706,25921
2012-08-12,0.543266992014197,25921
2012-08-28,0.6008072026542186,25921
2012-09-13,0.7077907140928206,25921
2012-09-29,0.7279718567956484,25921
2013-05-09,0.7567832683924232,25921
2013-05-25,0.7596019559430578,25921
2013-06-10,0.7585132980980672,25921
2013-06-26,0.736334408394738,25921
2013-07-12,0.6915377994676132,25921
2013-07-28,0.7690671386134795,25921
2013-08-13,0.8020704293815825,25921
2013-08-29,0.7258517726939547,25921
2013-09-14,0.7313647660198296,25921
2013-09-30,0.7348058331082906,25921
2014-05-09,0.7395353882952047,25921
2014-05-25,0.6418936805555555,25920
2014-06-10,0.7815977238532464,25921
2014-06-26,0.7689997801010764,25921
2014-07-12,0.7815869488059874,25921
2014-07-28,0.7440070097604259,25921
2014-08-13,0.7627587978858841,25921
2014-08-29,0.7910888700281625,25921
2014-09-14,0.749190069827553,25921
2014-09-30,0.7169556691485669,25921
2015-05-09,0.7853842521507658,25921
2015-05-25,0.7910401566297597,25921
2015-06-10,0.7735500443655723,25921
2015-06-26,0.7117217699934417,25921
2015-07-12,0.7904331352957061,25921
2015-07-28,0.7845733575093554,25921
2015-08-13,0.7843094440800896,25921
2015-08-29,0.7378656263261449,25921
2015-09-14,0.7133477643609429,25921
2015-09-30,0.6305786042205161,25921
2016-05-08,0.7685624705836966,25921
2016-05-24,0.7712067165618611,25921
2016-06-09,0.7218621542378767,25921
2016-06-25,0.7577502179699858,25921
2016-07-11,0.7880164962771499,25921
2016-07-27,0.8138804984375603,25921
2016-08-12,0.8371348327610818,25921
2016-08-28,0.7685621928166352,25921
2016-09-13,0.7668601597160604,25921
2016-09-29,0.6994290575209291,25921
2017-05-09,0.790378449905482,25921
2017-05-25,0.7805447204968944,25921
2017-06-10,0.7652055823463602,25921
2017-06-26,0.7961759924385633,25921
2017-07-12,0.7746117973843603,25921
2017-07-28,0.7692080899656649,25921
2017-08-13,0.8374898769337602,25921
2017-08-29,0.7810221596389029,25921
2017-09-14,0.7291305466610085,25921
2017-09-30,0.683861776166043,25921
2018-05-09,0.7838985147177965,25921
2018-05-25,0.7863348983449713,25921
2018-06-10,0.724531190926276,25921
2018-06-26,0.759241915821149,25921
2018-07-12,0.7553463523783805,25921
2018-07-28,0.721508167123182,25921
2018-08-13,0.7210088461093322,25921
2018-08-29,0.7606703059295552,25921
2018-09-14,0.7329198063346322,25921
2018-09-30,0.730486142509934,25921
2019-05-09,0.7853383820068671,25921
2019-05-25,0.7872599513907642,25921
2019-06-10,0.7550952200918175,25921
2019-06-26,0.7500552910767332,25921
2019-07-12,0.7906076424520659,25921
2019-07-28,0.7676900389645461,25921
2019-08-13,0.8007154855136762,25921
2019-08-29,0.8139054087419467,25921
2019-09-14,0.7739441572470198,25921
2019-09-30,0.7304635855098184,25921
2020-05-08,0.7569004475135991,25921
2020-05-24,0.7912880753057367,25921
2020-06-09,0.7751239651248023,25921
2020-06-25,0.7549181474480152,25921
2020-07-11,0.7368665676478532,25921
2020-07-27,0.8115685274487867,25921
2020-08-12,0.8253710157787122,25921
2020-08-28,0.744819837197639,25921
2020-09-13,0.7523807183364839,25921
2020-09-29,0.683470020446742,25921
2021-05-09,0.7351268276686856,25921
2021-05-25,0.7470883179012346,25920
2021-06-10,0.7510654527217314,25921
2021-06-26,0.7576640600285484,25921
2021-07-12,0.8211315574244822,25921
2021-07-28,0.8266049959492304,25921
2021-08-13,0.7738477180664327,25921
2021-08-29,0.7662291192469427,25921
2021-09-14,0.7166888623124108,25921
2021-09-30,0.6637781026966553,25921
2022-05-09,0.7293279348790556,25921
2022-05-25,0.7687422321669689,25921
2022-06-10,0.7621918097295629,25921
2022-06-26,0.7265686856216967,25921
2022-07-12,0.6976580031634583,25921
2022-07-28,0.7880893792677752,25921
2022-08-13,0.8197872574360557,25921
2022-08-29,0.8202149647004361,25921
2022-09-14,0.7457643339377339,25921
2022-09-30,0.641543046178774,25921
2023-05-09,0.7333497395933799,25921
2023-05-25,0.7168116662165812,25921
2023-06-10,0.6645735311137688,25921
2023-06-26,0.6086830214883685,25921
2023-07-12,0.6941974267968057,25921
2023-07-28,0.779215200030863,25921
2023-08-13,0.8184294664557695,25921
2023-08-29,0.7730607461131901,25921
2023-09-14,0.7122180471432429,25921
2023-09-30,0.6712672582076309,25921
2024-05-08,0.7813401103352494,25921
2024-05-24,0.7929108097681417,25921
2024-06-09,0.7760185255198488,25921
2024-06-25,0.7959378650515027,25921
2024-07-11,0.7868013772616798,25921
2024-07-27,0.7915351568226535,25921
2024-08-12,0.7928413062767641,25921
2024-08-28,0.76621812430076,25921
2024-09-13,0.6770299949847615,25921
2024-09-29,0.6656804405694224,25921
2025-05-09,0.8001035762509163,25921
2025-05-25,0.7622456733922303,25921
2025-06-10,0.7424414258709156,25921
2025-06-26,0.7921672273446241,25921
2025-07-12,0.8083119015470083,25921
2025-07-28,0.7846526407160218,25921
2025-08-13,0.7589293777246249,25921
2025-08-29,0.7054252768025925,25921
2025-09-14,0.6458256818795571,25921
2025-09-30,0.6558440299371167,25921
