year,oni_season
1981,-0.22599999999999998
1982,-0.003999999999999998
1983,2.0100000000000002
1984,-0.654
1985,-0.944
1986,-0.38
1987,1.168
1988,0.77
1989,-1.5699999999999998
1990,0.084
1991,0.33999999999999997
1992,1.512
1993,0.096
1994,0.08
1995,0.8620000000000001
1996,-0.844
1997,-0.38
1998,2.08
1999,-1.3940000000000001
2000,-1.45
2001,-0.626
2002,-0.13799999999999998
2003,0.876
2004,0.32199999999999995
2005,0.604
2006,-0.72
2007,0.528
2008,-1.51
2009,-0.7060000000000001
2010,1.296
2011,-1.266
2012,-0.738
2013,-0.152
2014,-0.198
2015,0.6859999999999999
2016,2.402
2017,-0.21600000000000003
2018,-0.736
2019,0.8960000000000001
2020,0.608
2021,-0.9380000000000001
2022,-0.85
2023,-0.48200000000000004
2024,1.77
